{"level":"info","message":"⌛ Building environment","timeElapsed":270,"timestamp":"2024-08-25T00:09:35.292Z"}
{"level":"info","message":"onRequest - WORKSPACE_URI:file:///c%3A/Users/Lucas/Desktop/PdP/Objetos.Wollok","timestamp":"2024-08-25T00:09:35.297Z"}
{"level":"info","message":"⌛ Validating clase1.wlk","timeElapsed":202,"timestamp":"2024-08-25T00:09:35.587Z"}
{"level":"info","message":"⌛ Building environment","timeElapsed":111,"timestamp":"2024-08-25T00:09:35.700Z"}
{"level":"info","message":"⌛ Building environment","timeElapsed":131,"timestamp":"2024-08-25T00:09:35.842Z"}
{"level":"info","message":"⌛ Validating clase1.wlk","timeElapsed":196,"timestamp":"2024-08-25T00:09:36.078Z"}
{"level":"info","message":"⌛ Validating clase1.wlk","timeElapsed":171,"timestamp":"2024-08-25T00:09:36.250Z"}
{"level":"info","message":"onRequest - completionItem/resolve","timestamp":"2024-08-25T00:09:36.251Z"}
{"level":"info","message":"⌛ Building environment","timeElapsed":102,"timestamp":"2024-08-25T00:09:36.354Z"}
{"level":"info","message":"onRequest - completionItem/resolve","timestamp":"2024-08-25T00:09:36.355Z"}
{"level":"info","message":"⌛ Validating clase1.wlk","timeElapsed":143,"timestamp":"2024-08-25T00:09:36.499Z"}
{"level":"info","message":"onRequest - completionItem/resolve","timestamp":"2024-08-25T00:09:36.576Z"}
{"level":"info","message":"⌛ Building environment","timeElapsed":102,"timestamp":"2024-08-25T00:09:36.685Z"}
{"level":"info","message":"⌛ Validating clase1.wlk","timeElapsed":164,"timestamp":"2024-08-25T00:09:36.851Z"}
{"level":"info","message":"⌛ Building environment","timeElapsed":268,"timestamp":"2024-08-25T00:09:37.708Z"}
{"level":"info","message":"⌛ Building environment","timeElapsed":256,"timestamp":"2024-08-25T00:09:38.038Z"}
{"level":"info","message":"⌛ Validating clase1.wlk","timeElapsed":169,"timestamp":"2024-08-25T00:09:38.292Z"}
{"level":"info","message":"onRequest - completionItem/resolve","timestamp":"2024-08-25T00:09:38.292Z"}
{"level":"info","message":"⌛ Building environment","timeElapsed":117,"timestamp":"2024-08-25T00:09:38.410Z"}
{"level":"info","message":"⌛ Building environment","timeElapsed":135,"timestamp":"2024-08-25T00:09:38.583Z"}
{"level":"info","message":"⌛ Building environment","timeElapsed":163,"timestamp":"2024-08-25T00:09:38.748Z"}
{"level":"info","message":"⌛ Validating clase1.wlk","timeElapsed":194,"timestamp":"2024-08-25T00:09:38.943Z"}
{"level":"info","message":"⌛ Validating clase1.wlk","timeElapsed":166,"timestamp":"2024-08-25T00:09:39.110Z"}
{"level":"info","message":"⌛ Validating clase1.wlk","timeElapsed":134,"timestamp":"2024-08-25T00:09:39.248Z"}
{"level":"info","message":"⌛ Validating clase1.wlk","timeElapsed":147,"timestamp":"2024-08-25T00:09:39.395Z"}
{"level":"info","message":"⌛ Validating clase1.wlk","timeElapsed":168,"timestamp":"2024-08-25T00:09:39.564Z"}
{"level":"info","message":"⌛ Building environment","timeElapsed":160,"timestamp":"2024-08-25T00:09:40.943Z"}
{"level":"info","message":"⌛ Validating clase1.wlk","timeElapsed":154,"timestamp":"2024-08-25T00:09:41.230Z"}
{"level":"info","message":"onRequest - completionItem/resolve","timestamp":"2024-08-25T00:09:41.231Z"}
{"level":"info","message":"⌛ Validating clase1.wlk","timeElapsed":128,"timestamp":"2024-08-25T00:09:41.359Z"}
{"level":"info","message":"onRequest - completionItem/resolve","timestamp":"2024-08-25T00:09:41.432Z"}
{"level":"info","message":"onRequest - completionItem/resolve","timestamp":"2024-08-25T00:09:41.514Z"}
{"level":"info","message":"onRequest - completionItem/resolve","timestamp":"2024-08-25T00:09:41.606Z"}
{"level":"info","message":"⌛ Validating clase1.wlk","timeElapsed":168,"timestamp":"2024-08-25T00:09:41.775Z"}
{"level":"info","message":"⌛ Validating clase1.wlk","timeElapsed":112,"timestamp":"2024-08-25T00:09:41.887Z"}
{"level":"info","message":"⌛ Validating clase1.wlk","timeElapsed":107,"timestamp":"2024-08-25T00:09:41.995Z"}
{"level":"info","message":"onRequest - completionItem/resolve","timestamp":"2024-08-25T00:09:42.079Z"}
{"level":"info","message":"⌛ Building environment","timeElapsed":114,"timestamp":"2024-08-25T00:09:42.200Z"}
{"level":"info","message":"onRequest - completionItem/resolve","timestamp":"2024-08-25T00:09:42.200Z"}
{"level":"info","message":"⌛ Validating clase1.wlk","timeElapsed":142,"timestamp":"2024-08-25T00:09:42.349Z"}
{"level":"info","message":"⌛ Building environment","timeElapsed":107,"timestamp":"2024-08-25T00:09:42.457Z"}
{"level":"error","message":"✘ Completions for node failed: Error: clase1.pepita.en [Field]{a1e2cc} at clase1.wlk:2 exhausted all cases without a match clase1.pepita.en [Field]{a1e2cc} at clase1.wlk:2 exhausted all cases without a match","stack":"Error: clase1.pepita.en [Field]{a1e2cc} at clase1.wlk:2 exhausted all cases without a match\n    at c:\\Users\\Lucas\\.vscode\\extensions\\uqbar.wollok-lsp-ide-0.3.3\\node_modules\\wollok-ts\\dist\\extensions.js:85:11\n    at completionsForNode (c:\\Users\\Lucas\\.vscode\\extensions\\uqbar.wollok-lsp-ide-0.3.3\\server\\out\\functionalities\\autocomplete\\node-completion.js:10:44)\n    at c:\\Users\\Lucas\\.vscode\\extensions\\uqbar.wollok-lsp-ide-0.3.3\\server\\out\\functionalities\\autocomplete\\autocomplete.js:26:154\n    at c:\\Users\\Lucas\\.vscode\\extensions\\uqbar.wollok-lsp-ide-0.3.3\\server\\out\\server.js:198:20\n    at c:\\Users\\Lucas\\.vscode\\extensions\\uqbar.wollok-lsp-ide-0.3.3\\server\\node_modules\\vscode-languageserver\\lib\\common\\server.js:593:20\n    at handleRequest (c:\\Users\\Lucas\\.vscode\\extensions\\uqbar.wollok-lsp-ide-0.3.3\\server\\node_modules\\vscode-jsonrpc\\lib\\common\\connection.js:493:41)\n    at handleMessage (c:\\Users\\Lucas\\.vscode\\extensions\\uqbar.wollok-lsp-ide-0.3.3\\server\\node_modules\\vscode-jsonrpc\\lib\\common\\connection.js:339:13)\n    at processMessageQueue (c:\\Users\\Lucas\\.vscode\\extensions\\uqbar.wollok-lsp-ide-0.3.3\\server\\node_modules\\vscode-jsonrpc\\lib\\common\\connection.js:362:17)\n    at Immediate._onImmediate (c:\\Users\\Lucas\\.vscode\\extensions\\uqbar.wollok-lsp-ide-0.3.3\\server\\node_modules\\vscode-jsonrpc\\lib\\common\\connection.js:334:13)\n    at process.processImmediate (node:internal/timers:478:21)","timestamp":"2024-08-25T00:09:42.497Z"}
{"level":"info","message":"⌛ Validating clase1.wlk","timeElapsed":192,"timestamp":"2024-08-25T00:09:42.690Z"}
{"level":"info","message":"⌛ Validating clase1.wlk","timeElapsed":123,"timestamp":"2024-08-25T00:09:42.991Z"}
{"level":"error","message":"✘ Completions for node failed: Error: clase1.pepita.energ [Field]{78fda9} at clase1.wlk:2 exhausted all cases without a match clase1.pepita.energ [Field]{78fda9} at clase1.wlk:2 exhausted all cases without a match","stack":"Error: clase1.pepita.energ [Field]{78fda9} at clase1.wlk:2 exhausted all cases without a match\n    at c:\\Users\\Lucas\\.vscode\\extensions\\uqbar.wollok-lsp-ide-0.3.3\\node_modules\\wollok-ts\\dist\\extensions.js:85:11\n    at completionsForNode (c:\\Users\\Lucas\\.vscode\\extensions\\uqbar.wollok-lsp-ide-0.3.3\\server\\out\\functionalities\\autocomplete\\node-completion.js:10:44)\n    at c:\\Users\\Lucas\\.vscode\\extensions\\uqbar.wollok-lsp-ide-0.3.3\\server\\out\\functionalities\\autocomplete\\autocomplete.js:26:154\n    at c:\\Users\\Lucas\\.vscode\\extensions\\uqbar.wollok-lsp-ide-0.3.3\\server\\out\\server.js:198:20\n    at c:\\Users\\Lucas\\.vscode\\extensions\\uqbar.wollok-lsp-ide-0.3.3\\server\\node_modules\\vscode-languageserver\\lib\\common\\server.js:593:20\n    at handleRequest (c:\\Users\\Lucas\\.vscode\\extensions\\uqbar.wollok-lsp-ide-0.3.3\\server\\node_modules\\vscode-jsonrpc\\lib\\common\\connection.js:493:41)\n    at handleMessage (c:\\Users\\Lucas\\.vscode\\extensions\\uqbar.wollok-lsp-ide-0.3.3\\server\\node_modules\\vscode-jsonrpc\\lib\\common\\connection.js:339:13)\n    at processMessageQueue (c:\\Users\\Lucas\\.vscode\\extensions\\uqbar.wollok-lsp-ide-0.3.3\\server\\node_modules\\vscode-jsonrpc\\lib\\common\\connection.js:362:17)\n    at Immediate._onImmediate (c:\\Users\\Lucas\\.vscode\\extensions\\uqbar.wollok-lsp-ide-0.3.3\\server\\node_modules\\vscode-jsonrpc\\lib\\common\\connection.js:334:13)\n    at process.processImmediate (node:internal/timers:478:21)","timestamp":"2024-08-25T00:09:43.128Z"}
{"level":"info","message":"⌛ Validating clase1.wlk","timeElapsed":149,"timestamp":"2024-08-25T00:09:43.449Z"}
{"level":"info","message":"⌛ Validating clase1.wlk","timeElapsed":148,"timestamp":"2024-08-25T00:09:43.597Z"}
{"level":"info","message":"⌛ Validating clase1.wlk","timeElapsed":168,"timestamp":"2024-08-25T00:09:43.858Z"}
{"level":"info","message":"⌛ Validating clase1.wlk","timeElapsed":123,"timestamp":"2024-08-25T00:09:43.981Z"}
{"level":"info","message":"⌛ Validating clase1.wlk","timeElapsed":184,"timestamp":"2024-08-25T00:09:44.166Z"}
{"level":"info","message":"⌛ Validating clase1.wlk","timeElapsed":187,"timestamp":"2024-08-25T00:09:44.362Z"}
{"level":"info","message":"⌛ Validating clase1.wlk","timeElapsed":339,"timestamp":"2024-08-25T00:09:44.880Z"}
{"level":"info","message":"⌛ Validating clase1.wlk","timeElapsed":213,"timestamp":"2024-08-25T00:09:45.095Z"}
{"level":"info","message":"⌛ Building environment","timeElapsed":101,"timestamp":"2024-08-25T00:09:45.290Z"}
{"level":"info","message":"⌛ Validating clase1.wlk","timeElapsed":176,"timestamp":"2024-08-25T00:09:45.566Z"}
{"level":"info","message":"⌛ Validating clase1.wlk","timeElapsed":178,"timestamp":"2024-08-25T00:09:45.751Z"}
{"level":"info","message":"⌛ Validating clase1.wlk","timeElapsed":158,"timestamp":"2024-08-25T00:09:45.910Z"}
{"level":"info","message":"⌛ Building environment","timeElapsed":109,"timestamp":"2024-08-25T00:09:46.218Z"}
{"level":"info","message":"⌛ Validating clase1.wlk","timeElapsed":138,"timestamp":"2024-08-25T00:09:46.358Z"}
{"level":"info","message":"⌛ Building environment","timeElapsed":106,"timestamp":"2024-08-25T00:09:46.752Z"}
{"level":"info","message":"⌛ Validating clase1.wlk","timeElapsed":150,"timestamp":"2024-08-25T00:09:46.903Z"}
{"level":"info","message":"⌛ Building environment","timeElapsed":198,"timestamp":"2024-08-25T00:09:47.858Z"}
{"level":"info","message":"⌛ Building environment","timeElapsed":194,"timestamp":"2024-08-25T00:09:48.053Z"}
{"level":"info","message":"⌛ Validating clase1.wlk","timeElapsed":152,"timestamp":"2024-08-25T00:09:48.214Z"}
{"level":"info","message":"⌛ Validating clase1.wlk","timeElapsed":119,"timestamp":"2024-08-25T00:09:48.334Z"}
{"level":"info","message":"⌛ Building environment","timeElapsed":101,"timestamp":"2024-08-25T00:09:51.696Z"}
{"level":"info","message":"⌛ Validating clase1.wlk","timeElapsed":170,"timestamp":"2024-08-25T00:09:51.869Z"}
{"level":"info","message":"⌛ Validating clase1.wlk","timeElapsed":156,"timestamp":"2024-08-25T00:09:52.118Z"}
{"level":"info","message":"⌛ Building environment","timeElapsed":229,"timestamp":"2024-08-25T00:09:53.232Z"}
{"level":"info","message":"⌛ Validating clase1.wlk","timeElapsed":174,"timestamp":"2024-08-25T00:09:53.459Z"}
{"level":"info","message":"onRequest - completionItem/resolve","timestamp":"2024-08-25T00:09:53.462Z"}
{"level":"info","message":"⌛ Building environment","timeElapsed":171,"timestamp":"2024-08-25T00:09:54.398Z"}
{"level":"info","message":"⌛ Validating clase1.wlk","timeElapsed":169,"timestamp":"2024-08-25T00:09:54.570Z"}
{"level":"info","message":"⌛ Building environment","timeElapsed":235,"timestamp":"2024-08-25T00:10:00.215Z"}
{"level":"info","message":"⌛ Validating clase1.wlk","timeElapsed":222,"timestamp":"2024-08-25T00:10:00.557Z"}
{"level":"info","message":"onRequest - completionItem/resolve","timestamp":"2024-08-25T00:10:00.557Z"}
{"level":"info","message":"⌛ Validating clase1.wlk","timeElapsed":115,"timestamp":"2024-08-25T00:10:00.772Z"}
{"level":"info","message":"⌛ Validating clase1.wlk","timeElapsed":143,"timestamp":"2024-08-25T00:10:00.983Z"}
{"level":"info","message":"⌛ Validating clase1.wlk","timeElapsed":175,"timestamp":"2024-08-25T00:10:01.158Z"}
{"level":"info","message":"⌛ Building environment","timeElapsed":254,"timestamp":"2024-08-25T00:10:02.465Z"}
{"level":"error","message":"✘ Completions for node failed: Error: [Parameter]{5cb6df} at clase1.wlk:4 exhausted all cases without a match [Parameter]{5cb6df} at clase1.wlk:4 exhausted all cases without a match","stack":"Error: [Parameter]{5cb6df} at clase1.wlk:4 exhausted all cases without a match\n    at c:\\Users\\Lucas\\.vscode\\extensions\\uqbar.wollok-lsp-ide-0.3.3\\node_modules\\wollok-ts\\dist\\extensions.js:85:11\n    at completionsForNode (c:\\Users\\Lucas\\.vscode\\extensions\\uqbar.wollok-lsp-ide-0.3.3\\server\\out\\functionalities\\autocomplete\\node-completion.js:10:44)\n    at c:\\Users\\Lucas\\.vscode\\extensions\\uqbar.wollok-lsp-ide-0.3.3\\server\\out\\functionalities\\autocomplete\\autocomplete.js:26:154\n    at c:\\Users\\Lucas\\.vscode\\extensions\\uqbar.wollok-lsp-ide-0.3.3\\server\\out\\server.js:198:20\n    at c:\\Users\\Lucas\\.vscode\\extensions\\uqbar.wollok-lsp-ide-0.3.3\\server\\node_modules\\vscode-languageserver\\lib\\common\\server.js:593:20\n    at handleRequest (c:\\Users\\Lucas\\.vscode\\extensions\\uqbar.wollok-lsp-ide-0.3.3\\server\\node_modules\\vscode-jsonrpc\\lib\\common\\connection.js:493:41)\n    at handleMessage (c:\\Users\\Lucas\\.vscode\\extensions\\uqbar.wollok-lsp-ide-0.3.3\\server\\node_modules\\vscode-jsonrpc\\lib\\common\\connection.js:339:13)\n    at processMessageQueue (c:\\Users\\Lucas\\.vscode\\extensions\\uqbar.wollok-lsp-ide-0.3.3\\server\\node_modules\\vscode-jsonrpc\\lib\\common\\connection.js:362:17)\n    at Immediate._onImmediate (c:\\Users\\Lucas\\.vscode\\extensions\\uqbar.wollok-lsp-ide-0.3.3\\server\\node_modules\\vscode-jsonrpc\\lib\\common\\connection.js:334:13)\n    at process.processImmediate (node:internal/timers:478:21)","timestamp":"2024-08-25T00:10:02.518Z"}
{"level":"info","message":"⌛ Building environment","timeElapsed":113,"timestamp":"2024-08-25T00:10:02.645Z"}
{"level":"info","message":"⌛ Validating clase1.wlk","timeElapsed":243,"timestamp":"2024-08-25T00:10:02.889Z"}
{"level":"error","message":"✘ Completions for node failed: Error: [Parameter]{19023d} at clase1.wlk:4 exhausted all cases without a match [Parameter]{19023d} at clase1.wlk:4 exhausted all cases without a match","stack":"Error: [Parameter]{19023d} at clase1.wlk:4 exhausted all cases without a match\n    at c:\\Users\\Lucas\\.vscode\\extensions\\uqbar.wollok-lsp-ide-0.3.3\\node_modules\\wollok-ts\\dist\\extensions.js:85:11\n    at completionsForNode (c:\\Users\\Lucas\\.vscode\\extensions\\uqbar.wollok-lsp-ide-0.3.3\\server\\out\\functionalities\\autocomplete\\node-completion.js:10:44)\n    at c:\\Users\\Lucas\\.vscode\\extensions\\uqbar.wollok-lsp-ide-0.3.3\\server\\out\\functionalities\\autocomplete\\autocomplete.js:26:154\n    at c:\\Users\\Lucas\\.vscode\\extensions\\uqbar.wollok-lsp-ide-0.3.3\\server\\out\\server.js:198:20\n    at c:\\Users\\Lucas\\.vscode\\extensions\\uqbar.wollok-lsp-ide-0.3.3\\server\\node_modules\\vscode-languageserver\\lib\\common\\server.js:593:20\n    at handleRequest (c:\\Users\\Lucas\\.vscode\\extensions\\uqbar.wollok-lsp-ide-0.3.3\\server\\node_modules\\vscode-jsonrpc\\lib\\common\\connection.js:493:41)\n    at handleMessage (c:\\Users\\Lucas\\.vscode\\extensions\\uqbar.wollok-lsp-ide-0.3.3\\server\\node_modules\\vscode-jsonrpc\\lib\\common\\connection.js:339:13)\n    at processMessageQueue (c:\\Users\\Lucas\\.vscode\\extensions\\uqbar.wollok-lsp-ide-0.3.3\\server\\node_modules\\vscode-jsonrpc\\lib\\common\\connection.js:362:17)\n    at Immediate._onImmediate (c:\\Users\\Lucas\\.vscode\\extensions\\uqbar.wollok-lsp-ide-0.3.3\\server\\node_modules\\vscode-jsonrpc\\lib\\common\\connection.js:334:13)\n    at process.processImmediate (node:internal/timers:478:21)","timestamp":"2024-08-25T00:10:02.980Z"}
{"level":"info","message":"⌛ Validating clase1.wlk","timeElapsed":148,"timestamp":"2024-08-25T00:10:03.133Z"}
{"level":"info","message":"⌛ Building environment","timeElapsed":102,"timestamp":"2024-08-25T00:10:03.236Z"}
{"level":"info","message":"⌛ Validating clase1.wlk","timeElapsed":148,"timestamp":"2024-08-25T00:10:03.384Z"}
{"level":"info","message":"⌛ Building environment","timeElapsed":112,"timestamp":"2024-08-25T00:10:03.496Z"}
{"level":"info","message":"⌛ Building environment","timeElapsed":106,"timestamp":"2024-08-25T00:10:03.603Z"}
{"level":"error","message":"✘ Completions for node failed: Error: [Parameter]{4f9d40} at clase1.wlk:4 exhausted all cases without a match [Parameter]{4f9d40} at clase1.wlk:4 exhausted all cases without a match","stack":"Error: [Parameter]{4f9d40} at clase1.wlk:4 exhausted all cases without a match\n    at c:\\Users\\Lucas\\.vscode\\extensions\\uqbar.wollok-lsp-ide-0.3.3\\node_modules\\wollok-ts\\dist\\extensions.js:85:11\n    at completionsForNode (c:\\Users\\Lucas\\.vscode\\extensions\\uqbar.wollok-lsp-ide-0.3.3\\server\\out\\functionalities\\autocomplete\\node-completion.js:10:44)\n    at c:\\Users\\Lucas\\.vscode\\extensions\\uqbar.wollok-lsp-ide-0.3.3\\server\\out\\functionalities\\autocomplete\\autocomplete.js:26:154\n    at c:\\Users\\Lucas\\.vscode\\extensions\\uqbar.wollok-lsp-ide-0.3.3\\server\\out\\server.js:198:20\n    at c:\\Users\\Lucas\\.vscode\\extensions\\uqbar.wollok-lsp-ide-0.3.3\\server\\node_modules\\vscode-languageserver\\lib\\common\\server.js:593:20\n    at handleRequest (c:\\Users\\Lucas\\.vscode\\extensions\\uqbar.wollok-lsp-ide-0.3.3\\server\\node_modules\\vscode-jsonrpc\\lib\\common\\connection.js:493:41)\n    at handleMessage (c:\\Users\\Lucas\\.vscode\\extensions\\uqbar.wollok-lsp-ide-0.3.3\\server\\node_modules\\vscode-jsonrpc\\lib\\common\\connection.js:339:13)\n    at processMessageQueue (c:\\Users\\Lucas\\.vscode\\extensions\\uqbar.wollok-lsp-ide-0.3.3\\server\\node_modules\\vscode-jsonrpc\\lib\\common\\connection.js:362:17)\n    at Immediate._onImmediate (c:\\Users\\Lucas\\.vscode\\extensions\\uqbar.wollok-lsp-ide-0.3.3\\server\\node_modules\\vscode-jsonrpc\\lib\\common\\connection.js:334:13)\n    at process.processImmediate (node:internal/timers:478:21)","timestamp":"2024-08-25T00:10:03.634Z"}
{"level":"info","message":"⌛ Validating clase1.wlk","timeElapsed":173,"timestamp":"2024-08-25T00:10:03.815Z"}
{"level":"info","message":"⌛ Validating clase1.wlk","timeElapsed":143,"timestamp":"2024-08-25T00:10:04.126Z"}
{"level":"info","message":"⌛ Validating clase1.wlk","timeElapsed":135,"timestamp":"2024-08-25T00:10:04.340Z"}
{"level":"info","message":"⌛ Validating clase1.wlk","timeElapsed":157,"timestamp":"2024-08-25T00:10:04.504Z"}
{"level":"info","message":"⌛ Validating clase1.wlk","timeElapsed":144,"timestamp":"2024-08-25T00:10:04.649Z"}
{"level":"error","message":"✘ Completions for node failed: Error: [Parameter]{6a2d77} at clase1.wlk:4 exhausted all cases without a match [Parameter]{6a2d77} at clase1.wlk:4 exhausted all cases without a match","stack":"Error: [Parameter]{6a2d77} at clase1.wlk:4 exhausted all cases without a match\n    at c:\\Users\\Lucas\\.vscode\\extensions\\uqbar.wollok-lsp-ide-0.3.3\\node_modules\\wollok-ts\\dist\\extensions.js:85:11\n    at completionsForNode (c:\\Users\\Lucas\\.vscode\\extensions\\uqbar.wollok-lsp-ide-0.3.3\\server\\out\\functionalities\\autocomplete\\node-completion.js:10:44)\n    at c:\\Users\\Lucas\\.vscode\\extensions\\uqbar.wollok-lsp-ide-0.3.3\\server\\out\\functionalities\\autocomplete\\autocomplete.js:26:154\n    at c:\\Users\\Lucas\\.vscode\\extensions\\uqbar.wollok-lsp-ide-0.3.3\\server\\out\\server.js:198:20\n    at c:\\Users\\Lucas\\.vscode\\extensions\\uqbar.wollok-lsp-ide-0.3.3\\server\\node_modules\\vscode-languageserver\\lib\\common\\server.js:593:20\n    at handleRequest (c:\\Users\\Lucas\\.vscode\\extensions\\uqbar.wollok-lsp-ide-0.3.3\\server\\node_modules\\vscode-jsonrpc\\lib\\common\\connection.js:493:41)\n    at handleMessage (c:\\Users\\Lucas\\.vscode\\extensions\\uqbar.wollok-lsp-ide-0.3.3\\server\\node_modules\\vscode-jsonrpc\\lib\\common\\connection.js:339:13)\n    at processMessageQueue (c:\\Users\\Lucas\\.vscode\\extensions\\uqbar.wollok-lsp-ide-0.3.3\\server\\node_modules\\vscode-jsonrpc\\lib\\common\\connection.js:362:17)\n    at Immediate._onImmediate (c:\\Users\\Lucas\\.vscode\\extensions\\uqbar.wollok-lsp-ide-0.3.3\\server\\node_modules\\vscode-jsonrpc\\lib\\common\\connection.js:334:13)\n    at process.processImmediate (node:internal/timers:478:21)","timestamp":"2024-08-25T00:10:04.773Z"}
{"level":"info","message":"⌛ Validating clase1.wlk","timeElapsed":134,"timestamp":"2024-08-25T00:10:04.910Z"}
{"level":"info","message":"⌛ Validating clase1.wlk","timeElapsed":183,"timestamp":"2024-08-25T00:10:05.096Z"}
{"level":"info","message":"onRequest - completionItem/resolve","timestamp":"2024-08-25T00:10:05.096Z"}
{"level":"info","message":"⌛ Building environment","timeElapsed":205,"timestamp":"2024-08-25T00:10:09.055Z"}
{"level":"info","message":"⌛ Validating clase1.wlk","timeElapsed":194,"timestamp":"2024-08-25T00:10:09.317Z"}
{"level":"info","message":"onRequest - completionItem/resolve","timestamp":"2024-08-25T00:10:09.317Z"}
{"level":"info","message":"onRequest - completionItem/resolve","timestamp":"2024-08-25T00:10:09.409Z"}
{"level":"info","message":"onRequest - completionItem/resolve","timestamp":"2024-08-25T00:10:09.503Z"}
{"level":"info","message":"⌛ Building environment","timeElapsed":101,"timestamp":"2024-08-25T00:10:09.609Z"}
{"level":"info","message":"onRequest - completionItem/resolve","timestamp":"2024-08-25T00:10:09.610Z"}
{"level":"info","message":"⌛ Validating clase1.wlk","timeElapsed":176,"timestamp":"2024-08-25T00:10:09.786Z"}
{"level":"info","message":"⌛ Validating clase1.wlk","timeElapsed":137,"timestamp":"2024-08-25T00:10:09.923Z"}
{"level":"info","message":"onRequest - completionItem/resolve","timestamp":"2024-08-25T00:10:10.000Z"}
{"level":"info","message":"⌛ Validating clase1.wlk","timeElapsed":163,"timestamp":"2024-08-25T00:10:10.164Z"}
{"level":"info","message":"onRequest - completionItem/resolve","timestamp":"2024-08-25T00:10:10.260Z"}
{"level":"info","message":"onRequest - completionItem/resolve","timestamp":"2024-08-25T00:10:10.260Z"}
{"level":"info","message":"⌛ Validating clase1.wlk","timeElapsed":162,"timestamp":"2024-08-25T00:10:10.509Z"}
{"level":"info","message":"⌛ Validating clase1.wlk","timeElapsed":164,"timestamp":"2024-08-25T00:10:10.678Z"}
{"level":"info","message":"⌛ Validating clase1.wlk","timeElapsed":145,"timestamp":"2024-08-25T00:10:10.823Z"}
{"level":"info","message":"⌛ Validating clase1.wlk","timeElapsed":160,"timestamp":"2024-08-25T00:10:11.060Z"}
{"level":"info","message":"⌛ Validating clase1.wlk","timeElapsed":128,"timestamp":"2024-08-25T00:10:11.263Z"}
{"level":"info","message":"⌛ Validating clase1.wlk","timeElapsed":139,"timestamp":"2024-08-25T00:10:11.470Z"}
{"level":"error","message":"✘ Completions for node failed: Error: [Assignment]{7004b0} at clase1.wlk:5 exhausted all cases without a match [Assignment]{7004b0} at clase1.wlk:5 exhausted all cases without a match","stack":"Error: [Assignment]{7004b0} at clase1.wlk:5 exhausted all cases without a match\n    at c:\\Users\\Lucas\\.vscode\\extensions\\uqbar.wollok-lsp-ide-0.3.3\\node_modules\\wollok-ts\\dist\\extensions.js:85:11\n    at completionsForNode (c:\\Users\\Lucas\\.vscode\\extensions\\uqbar.wollok-lsp-ide-0.3.3\\server\\out\\functionalities\\autocomplete\\node-completion.js:10:44)\n    at completeForParent (c:\\Users\\Lucas\\.vscode\\extensions\\uqbar.wollok-lsp-ide-0.3.3\\server\\out\\functionalities\\autocomplete\\node-completion.js:56:43)\n    at completeReference (c:\\Users\\Lucas\\.vscode\\extensions\\uqbar.wollok-lsp-ide-0.3.3\\server\\out\\functionalities\\autocomplete\\node-completion.js:64:135)\n    at c:\\Users\\Lucas\\.vscode\\extensions\\uqbar.wollok-lsp-ide-0.3.3\\node_modules\\wollok-ts\\dist\\extensions.js:84:20\n    at completionsForNode (c:\\Users\\Lucas\\.vscode\\extensions\\uqbar.wollok-lsp-ide-0.3.3\\server\\out\\functionalities\\autocomplete\\node-completion.js:10:44)\n    at c:\\Users\\Lucas\\.vscode\\extensions\\uqbar.wollok-lsp-ide-0.3.3\\server\\out\\functionalities\\autocomplete\\autocomplete.js:26:154\n    at c:\\Users\\Lucas\\.vscode\\extensions\\uqbar.wollok-lsp-ide-0.3.3\\server\\out\\server.js:198:20\n    at c:\\Users\\Lucas\\.vscode\\extensions\\uqbar.wollok-lsp-ide-0.3.3\\server\\node_modules\\vscode-languageserver\\lib\\common\\server.js:593:20\n    at handleRequest (c:\\Users\\Lucas\\.vscode\\extensions\\uqbar.wollok-lsp-ide-0.3.3\\server\\node_modules\\vscode-jsonrpc\\lib\\common\\connection.js:493:41)","timestamp":"2024-08-25T00:10:11.589Z"}
{"level":"info","message":"⌛ Validating clase1.wlk","timeElapsed":146,"timestamp":"2024-08-25T00:10:11.740Z"}
{"level":"info","message":"onRequest - completionItem/resolve","timestamp":"2024-08-25T00:10:11.833Z"}
{"level":"info","message":"onRequest - completionItem/resolve","timestamp":"2024-08-25T00:10:11.913Z"}
{"level":"info","message":"onRequest - completionItem/resolve","timestamp":"2024-08-25T00:10:11.982Z"}
{"level":"info","message":"⌛ Validating clase1.wlk","timeElapsed":120,"timestamp":"2024-08-25T00:10:12.102Z"}
{"level":"info","message":"⌛ Validating clase1.wlk","timeElapsed":115,"timestamp":"2024-08-25T00:10:12.218Z"}
{"level":"info","message":"⌛ Validating clase1.wlk","timeElapsed":152,"timestamp":"2024-08-25T00:10:12.371Z"}
{"level":"info","message":"onRequest - completionItem/resolve","timestamp":"2024-08-25T00:10:12.448Z"}
{"level":"info","message":"onRequest - completionItem/resolve","timestamp":"2024-08-25T00:10:12.520Z"}
{"level":"info","message":"⌛ Building environment","timeElapsed":110,"timestamp":"2024-08-25T00:10:12.631Z"}
{"level":"info","message":"onRequest - completionItem/resolve","timestamp":"2024-08-25T00:10:12.631Z"}
{"level":"info","message":"⌛ Validating clase1.wlk","timeElapsed":162,"timestamp":"2024-08-25T00:10:12.794Z"}
{"level":"info","message":"⌛ Validating clase1.wlk","timeElapsed":164,"timestamp":"2024-08-25T00:10:12.959Z"}
{"level":"info","message":"⌛ Building environment","timeElapsed":102,"timestamp":"2024-08-25T00:10:13.061Z"}
{"level":"info","message":"⌛ Validating clase1.wlk","timeElapsed":186,"timestamp":"2024-08-25T00:10:13.247Z"}
{"level":"info","message":"⌛ Validating clase1.wlk","timeElapsed":142,"timestamp":"2024-08-25T00:10:13.395Z"}
{"level":"info","message":"⌛ Building environment","timeElapsed":146,"timestamp":"2024-08-25T00:10:13.788Z"}
{"level":"info","message":"⌛ Validating clase1.wlk","timeElapsed":143,"timestamp":"2024-08-25T00:10:13.937Z"}
{"level":"error","message":"✘ Completions for node failed: Error: [Send]{98573c} at clase1.wlk:5 exhausted all cases without a match [Send]{98573c} at clase1.wlk:5 exhausted all cases without a match","stack":"Error: [Send]{98573c} at clase1.wlk:5 exhausted all cases without a match\n    at c:\\Users\\Lucas\\.vscode\\extensions\\uqbar.wollok-lsp-ide-0.3.3\\node_modules\\wollok-ts\\dist\\extensions.js:85:11\n    at completionsForNode (c:\\Users\\Lucas\\.vscode\\extensions\\uqbar.wollok-lsp-ide-0.3.3\\server\\out\\functionalities\\autocomplete\\node-completion.js:10:44)\n    at completeForParent (c:\\Users\\Lucas\\.vscode\\extensions\\uqbar.wollok-lsp-ide-0.3.3\\server\\out\\functionalities\\autocomplete\\node-completion.js:56:43)\n    at completeReference (c:\\Users\\Lucas\\.vscode\\extensions\\uqbar.wollok-lsp-ide-0.3.3\\server\\out\\functionalities\\autocomplete\\node-completion.js:64:135)\n    at c:\\Users\\Lucas\\.vscode\\extensions\\uqbar.wollok-lsp-ide-0.3.3\\node_modules\\wollok-ts\\dist\\extensions.js:84:20\n    at completionsForNode (c:\\Users\\Lucas\\.vscode\\extensions\\uqbar.wollok-lsp-ide-0.3.3\\server\\out\\functionalities\\autocomplete\\node-completion.js:10:44)\n    at c:\\Users\\Lucas\\.vscode\\extensions\\uqbar.wollok-lsp-ide-0.3.3\\server\\out\\functionalities\\autocomplete\\autocomplete.js:26:154\n    at c:\\Users\\Lucas\\.vscode\\extensions\\uqbar.wollok-lsp-ide-0.3.3\\server\\out\\server.js:198:20\n    at c:\\Users\\Lucas\\.vscode\\extensions\\uqbar.wollok-lsp-ide-0.3.3\\server\\node_modules\\vscode-languageserver\\lib\\common\\server.js:593:20\n    at handleRequest (c:\\Users\\Lucas\\.vscode\\extensions\\uqbar.wollok-lsp-ide-0.3.3\\server\\node_modules\\vscode-jsonrpc\\lib\\common\\connection.js:493:41)","timestamp":"2024-08-25T00:10:14.124Z"}
{"level":"error","message":"✘ Completions for node failed: Error: [Assignment]{e5303d} at clase1.wlk:5 exhausted all cases without a match [Assignment]{e5303d} at clase1.wlk:5 exhausted all cases without a match","stack":"Error: [Assignment]{e5303d} at clase1.wlk:5 exhausted all cases without a match\n    at c:\\Users\\Lucas\\.vscode\\extensions\\uqbar.wollok-lsp-ide-0.3.3\\node_modules\\wollok-ts\\dist\\extensions.js:85:11\n    at completionsForNode (c:\\Users\\Lucas\\.vscode\\extensions\\uqbar.wollok-lsp-ide-0.3.3\\server\\out\\functionalities\\autocomplete\\node-completion.js:10:44)\n    at completeForParent (c:\\Users\\Lucas\\.vscode\\extensions\\uqbar.wollok-lsp-ide-0.3.3\\server\\out\\functionalities\\autocomplete\\node-completion.js:56:43)\n    at completionsForNode (c:\\Users\\Lucas\\.vscode\\extensions\\uqbar.wollok-lsp-ide-0.3.3\\server\\out\\functionalities\\autocomplete\\node-completion.js:14:46)\n    at completeForParent (c:\\Users\\Lucas\\.vscode\\extensions\\uqbar.wollok-lsp-ide-0.3.3\\server\\out\\functionalities\\autocomplete\\node-completion.js:56:43)\n    at completeReference (c:\\Users\\Lucas\\.vscode\\extensions\\uqbar.wollok-lsp-ide-0.3.3\\server\\out\\functionalities\\autocomplete\\node-completion.js:64:135)\n    at c:\\Users\\Lucas\\.vscode\\extensions\\uqbar.wollok-lsp-ide-0.3.3\\node_modules\\wollok-ts\\dist\\extensions.js:84:20\n    at completionsForNode (c:\\Users\\Lucas\\.vscode\\extensions\\uqbar.wollok-lsp-ide-0.3.3\\server\\out\\functionalities\\autocomplete\\node-completion.js:10:44)\n    at c:\\Users\\Lucas\\.vscode\\extensions\\uqbar.wollok-lsp-ide-0.3.3\\server\\out\\functionalities\\autocomplete\\autocomplete.js:26:154\n    at c:\\Users\\Lucas\\.vscode\\extensions\\uqbar.wollok-lsp-ide-0.3.3\\server\\out\\server.js:198:20","timestamp":"2024-08-25T00:10:14.124Z"}
{"level":"info","message":"⌛ Validating clase1.wlk","timeElapsed":139,"timestamp":"2024-08-25T00:10:14.269Z"}
{"level":"info","message":"⌛ Validating clase1.wlk","timeElapsed":174,"timestamp":"2024-08-25T00:10:14.444Z"}
{"level":"info","message":"⌛ Building environment","timeElapsed":104,"timestamp":"2024-08-25T00:10:14.549Z"}
{"level":"info","message":"onRequest - completionItem/resolve","timestamp":"2024-08-25T00:10:14.550Z"}
{"level":"info","message":"⌛ Building environment","timeElapsed":129,"timestamp":"2024-08-25T00:10:14.717Z"}
{"level":"info","message":"onRequest - completionItem/resolve","timestamp":"2024-08-25T00:10:14.717Z"}
{"level":"info","message":"⌛ Validating clase1.wlk","timeElapsed":144,"timestamp":"2024-08-25T00:10:14.867Z"}
{"level":"info","message":"onRequest - completionItem/resolve","timestamp":"2024-08-25T00:10:14.964Z"}
{"level":"info","message":"⌛ Validating clase1.wlk","timeElapsed":173,"timestamp":"2024-08-25T00:10:15.137Z"}
{"level":"info","message":"⌛ Building environment","timeElapsed":108,"timestamp":"2024-08-25T00:10:15.245Z"}
{"level":"info","message":"onRequest - completionItem/resolve","timestamp":"2024-08-25T00:10:15.246Z"}
{"level":"info","message":"⌛ Validating clase1.wlk","timeElapsed":136,"timestamp":"2024-08-25T00:10:15.383Z"}
{"level":"info","message":"onRequest - completionItem/resolve","timestamp":"2024-08-25T00:10:15.478Z"}
{"level":"info","message":"onRequest - completionItem/resolve","timestamp":"2024-08-25T00:10:15.568Z"}
{"level":"info","message":"⌛ Validating clase1.wlk","timeElapsed":187,"timestamp":"2024-08-25T00:10:15.756Z"}
{"level":"info","message":"onRequest - completionItem/resolve","timestamp":"2024-08-25T00:10:15.828Z"}
{"level":"info","message":"⌛ Validating clase1.wlk","timeElapsed":127,"timestamp":"2024-08-25T00:10:15.956Z"}
{"level":"info","message":"onRequest - completionItem/resolve","timestamp":"2024-08-25T00:10:16.038Z"}
{"level":"info","message":"⌛ Validating clase1.wlk","timeElapsed":125,"timestamp":"2024-08-25T00:10:16.163Z"}
{"level":"info","message":"⌛ Building environment","timeElapsed":105,"timestamp":"2024-08-25T00:10:16.269Z"}
{"level":"info","message":"onRequest - completionItem/resolve","timestamp":"2024-08-25T00:10:16.269Z"}
{"level":"info","message":"⌛ Validating clase1.wlk","timeElapsed":123,"timestamp":"2024-08-25T00:10:16.392Z"}
{"level":"info","message":"⌛ Validating clase1.wlk","timeElapsed":151,"timestamp":"2024-08-25T00:10:16.615Z"}
{"level":"info","message":"⌛ Validating clase1.wlk","timeElapsed":140,"timestamp":"2024-08-25T00:10:16.763Z"}
{"level":"info","message":"⌛ Validating clase1.wlk","timeElapsed":175,"timestamp":"2024-08-25T00:10:16.938Z"}
{"level":"info","message":"⌛ Validating clase1.wlk","timeElapsed":162,"timestamp":"2024-08-25T00:10:17.195Z"}
{"level":"info","message":"⌛ Building environment","timeElapsed":113,"timestamp":"2024-08-25T00:10:17.315Z"}
{"level":"info","message":"⌛ Validating clase1.wlk","timeElapsed":183,"timestamp":"2024-08-25T00:10:17.596Z"}
{"level":"info","message":"⌛ Validating clase1.wlk","timeElapsed":175,"timestamp":"2024-08-25T00:10:17.771Z"}
{"level":"info","message":"⌛ Building environment","timeElapsed":115,"timestamp":"2024-08-25T00:10:19.640Z"}
{"level":"info","message":"⌛ Validating clase1.wlk","timeElapsed":183,"timestamp":"2024-08-25T00:10:19.825Z"}
{"level":"info","message":"⌛ Building environment","timeElapsed":102,"timestamp":"2024-08-25T00:10:20.416Z"}
{"level":"info","message":"⌛ Validating clase1.wlk","timeElapsed":140,"timestamp":"2024-08-25T00:10:20.575Z"}
{"level":"info","message":"⌛ Building environment","timeElapsed":110,"timestamp":"2024-08-25T00:10:23.263Z"}
{"level":"info","message":"⌛ Validating clase1.wlk","timeElapsed":139,"timestamp":"2024-08-25T00:10:23.404Z"}
{"level":"info","message":"⌛ Building environment","timeElapsed":157,"timestamp":"2024-08-25T00:10:23.847Z"}
{"level":"info","message":"⌛ Validating clase1.wlk","timeElapsed":177,"timestamp":"2024-08-25T00:10:24.025Z"}
{"level":"info","message":"⌛ Building environment","timeElapsed":146,"timestamp":"2024-08-25T00:10:24.883Z"}
{"level":"info","message":"⌛ Validating clase1.wlk","timeElapsed":161,"timestamp":"2024-08-25T00:10:25.045Z"}
{"level":"info","message":"⌛ Building environment","timeElapsed":148,"timestamp":"2024-08-25T00:10:25.383Z"}
{"level":"info","message":"⌛ Validating clase1.wlk","timeElapsed":172,"timestamp":"2024-08-25T00:10:25.557Z"}
{"level":"info","message":"⌛ Building environment","timeElapsed":173,"timestamp":"2024-08-25T00:10:26.286Z"}
{"level":"info","message":"⌛ Validating clase1.wlk","timeElapsed":145,"timestamp":"2024-08-25T00:10:26.459Z"}
{"level":"info","message":"onRequest - completionItem/resolve","timestamp":"2024-08-25T00:10:26.530Z"}
{"level":"info","message":"⌛ Validating clase1.wlk","timeElapsed":164,"timestamp":"2024-08-25T00:10:26.695Z"}
{"level":"info","message":"⌛ Building environment","timeElapsed":275,"timestamp":"2024-08-25T00:10:27.075Z"}
{"level":"info","message":"⌛ Building environment","timeElapsed":178,"timestamp":"2024-08-25T00:10:27.254Z"}
{"level":"info","message":"⌛ Validating clase1.wlk","timeElapsed":184,"timestamp":"2024-08-25T00:10:27.449Z"}
{"level":"info","message":"⌛ Validating clase1.wlk","timeElapsed":112,"timestamp":"2024-08-25T00:10:27.653Z"}
{"level":"info","message":"⌛ Validating clase1.wlk","timeElapsed":131,"timestamp":"2024-08-25T00:10:27.789Z"}
{"level":"info","message":"⌛ Validating clase1.wlk","timeElapsed":176,"timestamp":"2024-08-25T00:10:28.057Z"}
{"level":"info","message":"⌛ Building environment","timeElapsed":300,"timestamp":"2024-08-25T00:10:28.755Z"}
{"level":"info","message":"⌛ Validating clase1.wlk","timeElapsed":250,"timestamp":"2024-08-25T00:10:29.037Z"}
{"level":"info","message":"onRequest - completionItem/resolve","timestamp":"2024-08-25T00:10:29.039Z"}
{"level":"info","message":"⌛ Building environment","timeElapsed":160,"timestamp":"2024-08-25T00:10:29.274Z"}
{"level":"info","message":"⌛ Validating clase1.wlk","timeElapsed":202,"timestamp":"2024-08-25T00:10:29.479Z"}
{"level":"info","message":"⌛ Validating clase1.wlk","timeElapsed":185,"timestamp":"2024-08-25T00:10:29.835Z"}
{"level":"info","message":"⌛ Validating clase1.wlk","timeElapsed":159,"timestamp":"2024-08-25T00:10:30.023Z"}
{"level":"info","message":"onRequest - completionItem/resolve","timestamp":"2024-08-25T00:10:30.124Z"}
{"level":"info","message":"⌛ Building environment","timeElapsed":107,"timestamp":"2024-08-25T00:10:30.231Z"}
{"level":"info","message":"onRequest - completionItem/resolve","timestamp":"2024-08-25T00:10:30.231Z"}
{"level":"info","message":"⌛ Validating clase1.wlk","timeElapsed":177,"timestamp":"2024-08-25T00:10:30.409Z"}
{"level":"info","message":"⌛ Validating clase1.wlk","timeElapsed":147,"timestamp":"2024-08-25T00:10:30.561Z"}
{"level":"info","message":"onRequest - completionItem/resolve","timestamp":"2024-08-25T00:10:30.770Z"}
{"level":"info","message":"⌛ Validating clase1.wlk","timeElapsed":165,"timestamp":"2024-08-25T00:10:31.038Z"}
{"level":"info","message":"⌛ Building environment","timeElapsed":235,"timestamp":"2024-08-25T00:10:32.947Z"}
{"level":"info","message":"⌛ Building environment","timeElapsed":211,"timestamp":"2024-08-25T00:10:33.243Z"}
{"level":"info","message":"⌛ Building environment","timeElapsed":104,"timestamp":"2024-08-25T00:10:33.357Z"}
{"level":"info","message":"⌛ Validating clase1.wlk","timeElapsed":145,"timestamp":"2024-08-25T00:10:33.503Z"}
{"level":"info","message":"⌛ Validating clase1.wlk","timeElapsed":133,"timestamp":"2024-08-25T00:10:33.734Z"}
{"level":"info","message":"⌛ Validating clase1.wlk","timeElapsed":106,"timestamp":"2024-08-25T00:10:33.841Z"}
{"level":"info","message":"⌛ Validating clase1.wlk","timeElapsed":146,"timestamp":"2024-08-25T00:10:33.988Z"}
{"level":"info","message":"⌛ Building environment","timeElapsed":148,"timestamp":"2024-08-25T00:10:34.981Z"}
{"level":"error","message":"✘ Completions for node failed: Error: [Parameter]{421c4f} at clase1.wlk:8 exhausted all cases without a match [Parameter]{421c4f} at clase1.wlk:8 exhausted all cases without a match","stack":"Error: [Parameter]{421c4f} at clase1.wlk:8 exhausted all cases without a match\n    at c:\\Users\\Lucas\\.vscode\\extensions\\uqbar.wollok-lsp-ide-0.3.3\\node_modules\\wollok-ts\\dist\\extensions.js:85:11\n    at completionsForNode (c:\\Users\\Lucas\\.vscode\\extensions\\uqbar.wollok-lsp-ide-0.3.3\\server\\out\\functionalities\\autocomplete\\node-completion.js:10:44)\n    at c:\\Users\\Lucas\\.vscode\\extensions\\uqbar.wollok-lsp-ide-0.3.3\\server\\out\\functionalities\\autocomplete\\autocomplete.js:26:154\n    at c:\\Users\\Lucas\\.vscode\\extensions\\uqbar.wollok-lsp-ide-0.3.3\\server\\out\\server.js:198:20\n    at c:\\Users\\Lucas\\.vscode\\extensions\\uqbar.wollok-lsp-ide-0.3.3\\server\\node_modules\\vscode-languageserver\\lib\\common\\server.js:593:20\n    at handleRequest (c:\\Users\\Lucas\\.vscode\\extensions\\uqbar.wollok-lsp-ide-0.3.3\\server\\node_modules\\vscode-jsonrpc\\lib\\common\\connection.js:493:41)\n    at handleMessage (c:\\Users\\Lucas\\.vscode\\extensions\\uqbar.wollok-lsp-ide-0.3.3\\server\\node_modules\\vscode-jsonrpc\\lib\\common\\connection.js:339:13)\n    at processMessageQueue (c:\\Users\\Lucas\\.vscode\\extensions\\uqbar.wollok-lsp-ide-0.3.3\\server\\node_modules\\vscode-jsonrpc\\lib\\common\\connection.js:362:17)\n    at Immediate._onImmediate (c:\\Users\\Lucas\\.vscode\\extensions\\uqbar.wollok-lsp-ide-0.3.3\\server\\node_modules\\vscode-jsonrpc\\lib\\common\\connection.js:334:13)\n    at process.processImmediate (node:internal/timers:478:21)","timestamp":"2024-08-25T00:10:35.025Z"}
{"level":"info","message":"⌛ Validating clase1.wlk","timeElapsed":159,"timestamp":"2024-08-25T00:10:35.194Z"}
{"level":"info","message":"onRequest - completionItem/resolve","timestamp":"2024-08-25T00:10:35.194Z"}
{"level":"info","message":"⌛ Building environment","timeElapsed":130,"timestamp":"2024-08-25T00:10:35.325Z"}
{"level":"error","message":"✘ Completions for node failed: Error: [Parameter]{4bd634} at clase1.wlk:8 exhausted all cases without a match [Parameter]{4bd634} at clase1.wlk:8 exhausted all cases without a match","stack":"Error: [Parameter]{4bd634} at clase1.wlk:8 exhausted all cases without a match\n    at c:\\Users\\Lucas\\.vscode\\extensions\\uqbar.wollok-lsp-ide-0.3.3\\node_modules\\wollok-ts\\dist\\extensions.js:85:11\n    at completionsForNode (c:\\Users\\Lucas\\.vscode\\extensions\\uqbar.wollok-lsp-ide-0.3.3\\server\\out\\functionalities\\autocomplete\\node-completion.js:10:44)\n    at c:\\Users\\Lucas\\.vscode\\extensions\\uqbar.wollok-lsp-ide-0.3.3\\server\\out\\functionalities\\autocomplete\\autocomplete.js:26:154\n    at c:\\Users\\Lucas\\.vscode\\extensions\\uqbar.wollok-lsp-ide-0.3.3\\server\\out\\server.js:198:20\n    at c:\\Users\\Lucas\\.vscode\\extensions\\uqbar.wollok-lsp-ide-0.3.3\\server\\node_modules\\vscode-languageserver\\lib\\common\\server.js:593:20\n    at handleRequest (c:\\Users\\Lucas\\.vscode\\extensions\\uqbar.wollok-lsp-ide-0.3.3\\server\\node_modules\\vscode-jsonrpc\\lib\\common\\connection.js:493:41)\n    at handleMessage (c:\\Users\\Lucas\\.vscode\\extensions\\uqbar.wollok-lsp-ide-0.3.3\\server\\node_modules\\vscode-jsonrpc\\lib\\common\\connection.js:339:13)\n    at processMessageQueue (c:\\Users\\Lucas\\.vscode\\extensions\\uqbar.wollok-lsp-ide-0.3.3\\server\\node_modules\\vscode-jsonrpc\\lib\\common\\connection.js:362:17)\n    at Immediate._onImmediate (c:\\Users\\Lucas\\.vscode\\extensions\\uqbar.wollok-lsp-ide-0.3.3\\server\\node_modules\\vscode-jsonrpc\\lib\\common\\connection.js:334:13)\n    at process.processImmediate (node:internal/timers:478:21)","timestamp":"2024-08-25T00:10:35.352Z"}
{"level":"info","message":"⌛ Building environment","timeElapsed":104,"timestamp":"2024-08-25T00:10:35.458Z"}
{"level":"info","message":"⌛ Validating clase1.wlk","timeElapsed":116,"timestamp":"2024-08-25T00:10:35.729Z"}
{"level":"error","message":"✘ Completions for node failed: Error: [Parameter]{166b32} at clase1.wlk:8 exhausted all cases without a match [Parameter]{166b32} at clase1.wlk:8 exhausted all cases without a match","stack":"Error: [Parameter]{166b32} at clase1.wlk:8 exhausted all cases without a match\n    at c:\\Users\\Lucas\\.vscode\\extensions\\uqbar.wollok-lsp-ide-0.3.3\\node_modules\\wollok-ts\\dist\\extensions.js:85:11\n    at completionsForNode (c:\\Users\\Lucas\\.vscode\\extensions\\uqbar.wollok-lsp-ide-0.3.3\\server\\out\\functionalities\\autocomplete\\node-completion.js:10:44)\n    at c:\\Users\\Lucas\\.vscode\\extensions\\uqbar.wollok-lsp-ide-0.3.3\\server\\out\\functionalities\\autocomplete\\autocomplete.js:26:154\n    at c:\\Users\\Lucas\\.vscode\\extensions\\uqbar.wollok-lsp-ide-0.3.3\\server\\out\\server.js:198:20\n    at c:\\Users\\Lucas\\.vscode\\extensions\\uqbar.wollok-lsp-ide-0.3.3\\server\\node_modules\\vscode-languageserver\\lib\\common\\server.js:593:20\n    at handleRequest (c:\\Users\\Lucas\\.vscode\\extensions\\uqbar.wollok-lsp-ide-0.3.3\\server\\node_modules\\vscode-jsonrpc\\lib\\common\\connection.js:493:41)\n    at handleMessage (c:\\Users\\Lucas\\.vscode\\extensions\\uqbar.wollok-lsp-ide-0.3.3\\server\\node_modules\\vscode-jsonrpc\\lib\\common\\connection.js:339:13)\n    at processMessageQueue (c:\\Users\\Lucas\\.vscode\\extensions\\uqbar.wollok-lsp-ide-0.3.3\\server\\node_modules\\vscode-jsonrpc\\lib\\common\\connection.js:362:17)\n    at Immediate._onImmediate (c:\\Users\\Lucas\\.vscode\\extensions\\uqbar.wollok-lsp-ide-0.3.3\\server\\node_modules\\vscode-jsonrpc\\lib\\common\\connection.js:334:13)\n    at process.processImmediate (node:internal/timers:478:21)","timestamp":"2024-08-25T00:10:35.862Z"}
{"level":"info","message":"⌛ Validating clase1.wlk","timeElapsed":142,"timestamp":"2024-08-25T00:10:36.007Z"}
{"level":"info","message":"⌛ Validating clase1.wlk","timeElapsed":154,"timestamp":"2024-08-25T00:10:36.161Z"}
{"level":"info","message":"⌛ Validating clase1.wlk","timeElapsed":115,"timestamp":"2024-08-25T00:10:36.277Z"}
{"level":"info","message":"⌛ Validating clase1.wlk","timeElapsed":144,"timestamp":"2024-08-25T00:10:36.422Z"}
{"level":"info","message":"onRequest - completionItem/resolve","timestamp":"2024-08-25T00:10:36.422Z"}
{"level":"info","message":"⌛ Building environment","timeElapsed":169,"timestamp":"2024-08-25T00:10:38.292Z"}
{"level":"info","message":"⌛ Validating clase1.wlk","timeElapsed":151,"timestamp":"2024-08-25T00:10:38.549Z"}
{"level":"info","message":"onRequest - completionItem/resolve","timestamp":"2024-08-25T00:10:38.622Z"}
{"level":"info","message":"⌛ Validating clase1.wlk","timeElapsed":153,"timestamp":"2024-08-25T00:10:38.775Z"}
{"level":"info","message":"⌛ Building environment","timeElapsed":104,"timestamp":"2024-08-25T00:10:38.881Z"}
{"level":"info","message":"onRequest - completionItem/resolve","timestamp":"2024-08-25T00:10:38.882Z"}
{"level":"info","message":"⌛ Building environment","timeElapsed":115,"timestamp":"2024-08-25T00:10:38.996Z"}
{"level":"info","message":"onRequest - completionItem/resolve","timestamp":"2024-08-25T00:10:39.003Z"}
{"level":"info","message":"⌛ Validating clase1.wlk","timeElapsed":164,"timestamp":"2024-08-25T00:10:39.168Z"}
{"level":"info","message":"onRequest - completionItem/resolve","timestamp":"2024-08-25T00:10:39.249Z"}
{"level":"info","message":"onRequest - completionItem/resolve","timestamp":"2024-08-25T00:10:39.349Z"}
{"level":"info","message":"⌛ Validating clase1.wlk","timeElapsed":140,"timestamp":"2024-08-25T00:10:39.490Z"}
{"level":"info","message":"⌛ Validating clase1.wlk","timeElapsed":226,"timestamp":"2024-08-25T00:10:39.717Z"}
{"level":"info","message":"⌛ Building environment","timeElapsed":118,"timestamp":"2024-08-25T00:10:39.835Z"}
{"level":"info","message":"⌛ Validating clase1.wlk","timeElapsed":234,"timestamp":"2024-08-25T00:10:40.069Z"}
{"level":"info","message":"⌛ Validating clase1.wlk","timeElapsed":206,"timestamp":"2024-08-25T00:10:40.285Z"}
{"level":"info","message":"⌛ Building environment","timeElapsed":109,"timestamp":"2024-08-25T00:10:40.394Z"}
{"level":"info","message":"⌛ Building environment","timeElapsed":103,"timestamp":"2024-08-25T00:10:40.507Z"}
{"level":"info","message":"⌛ Validating clase1.wlk","timeElapsed":156,"timestamp":"2024-08-25T00:10:40.664Z"}
{"level":"error","message":"✘ Completions for node failed: Error: [Assignment]{80f881} at clase1.wlk:9 exhausted all cases without a match [Assignment]{80f881} at clase1.wlk:9 exhausted all cases without a match","stack":"Error: [Assignment]{80f881} at clase1.wlk:9 exhausted all cases without a match\n    at c:\\Users\\Lucas\\.vscode\\extensions\\uqbar.wollok-lsp-ide-0.3.3\\node_modules\\wollok-ts\\dist\\extensions.js:85:11\n    at completionsForNode (c:\\Users\\Lucas\\.vscode\\extensions\\uqbar.wollok-lsp-ide-0.3.3\\server\\out\\functionalities\\autocomplete\\node-completion.js:10:44)\n    at completeForParent (c:\\Users\\Lucas\\.vscode\\extensions\\uqbar.wollok-lsp-ide-0.3.3\\server\\out\\functionalities\\autocomplete\\node-completion.js:56:43)\n    at completeReference (c:\\Users\\Lucas\\.vscode\\extensions\\uqbar.wollok-lsp-ide-0.3.3\\server\\out\\functionalities\\autocomplete\\node-completion.js:64:135)\n    at c:\\Users\\Lucas\\.vscode\\extensions\\uqbar.wollok-lsp-ide-0.3.3\\node_modules\\wollok-ts\\dist\\extensions.js:84:20\n    at completionsForNode (c:\\Users\\Lucas\\.vscode\\extensions\\uqbar.wollok-lsp-ide-0.3.3\\server\\out\\functionalities\\autocomplete\\node-completion.js:10:44)\n    at c:\\Users\\Lucas\\.vscode\\extensions\\uqbar.wollok-lsp-ide-0.3.3\\server\\out\\functionalities\\autocomplete\\autocomplete.js:26:154\n    at c:\\Users\\Lucas\\.vscode\\extensions\\uqbar.wollok-lsp-ide-0.3.3\\server\\out\\server.js:198:20\n    at c:\\Users\\Lucas\\.vscode\\extensions\\uqbar.wollok-lsp-ide-0.3.3\\server\\node_modules\\vscode-languageserver\\lib\\common\\server.js:593:20\n    at handleRequest (c:\\Users\\Lucas\\.vscode\\extensions\\uqbar.wollok-lsp-ide-0.3.3\\server\\node_modules\\vscode-jsonrpc\\lib\\common\\connection.js:493:41)","timestamp":"2024-08-25T00:10:40.746Z"}
{"level":"info","message":"⌛ Building environment","timeElapsed":108,"timestamp":"2024-08-25T00:10:40.861Z"}
{"level":"info","message":"⌛ Building environment","timeElapsed":102,"timestamp":"2024-08-25T00:10:40.964Z"}
{"level":"info","message":"⌛ Validating clase1.wlk","timeElapsed":148,"timestamp":"2024-08-25T00:10:41.188Z"}
{"level":"info","message":"⌛ Validating clase1.wlk","timeElapsed":169,"timestamp":"2024-08-25T00:10:41.358Z"}
{"level":"info","message":"⌛ Validating clase1.wlk","timeElapsed":150,"timestamp":"2024-08-25T00:10:41.514Z"}
{"level":"info","message":"onRequest - completionItem/resolve","timestamp":"2024-08-25T00:10:41.514Z"}
{"level":"info","message":"onRequest - completionItem/resolve","timestamp":"2024-08-25T00:10:41.600Z"}
{"level":"info","message":"⌛ Validating clase1.wlk","timeElapsed":139,"timestamp":"2024-08-25T00:10:41.740Z"}
{"level":"info","message":"⌛ Building environment","timeElapsed":127,"timestamp":"2024-08-25T00:10:41.867Z"}
{"level":"info","message":"onRequest - completionItem/resolve","timestamp":"2024-08-25T00:10:41.868Z"}
{"level":"info","message":"⌛ Validating clase1.wlk","timeElapsed":147,"timestamp":"2024-08-25T00:10:42.015Z"}
{"level":"info","message":"onRequest - completionItem/resolve","timestamp":"2024-08-25T00:10:42.103Z"}
{"level":"info","message":"⌛ Validating clase1.wlk","timeElapsed":147,"timestamp":"2024-08-25T00:10:42.250Z"}
{"level":"info","message":"⌛ Validating clase1.wlk","timeElapsed":110,"timestamp":"2024-08-25T00:10:42.437Z"}
{"level":"info","message":"⌛ Validating clase1.wlk","timeElapsed":143,"timestamp":"2024-08-25T00:10:42.580Z"}
{"level":"info","message":"⌛ Validating clase1.wlk","timeElapsed":242,"timestamp":"2024-08-25T00:10:42.822Z"}
{"level":"info","message":"⌛ Validating clase1.wlk","timeElapsed":104,"timestamp":"2024-08-25T00:10:42.926Z"}
{"level":"info","message":"⌛ Validating clase1.wlk","timeElapsed":142,"timestamp":"2024-08-25T00:10:43.131Z"}
{"level":"info","message":"⌛ Validating clase1.wlk","timeElapsed":145,"timestamp":"2024-08-25T00:10:43.375Z"}
{"level":"info","message":"⌛ Building environment","timeElapsed":209,"timestamp":"2024-08-25T00:10:44.388Z"}
{"level":"error","message":"✘ Completions for node failed: Error: [Send]{b8bab3} at clase1.wlk:9 exhausted all cases without a match [Send]{b8bab3} at clase1.wlk:9 exhausted all cases without a match","stack":"Error: [Send]{b8bab3} at clase1.wlk:9 exhausted all cases without a match\n    at c:\\Users\\Lucas\\.vscode\\extensions\\uqbar.wollok-lsp-ide-0.3.3\\node_modules\\wollok-ts\\dist\\extensions.js:85:11\n    at completionsForNode (c:\\Users\\Lucas\\.vscode\\extensions\\uqbar.wollok-lsp-ide-0.3.3\\server\\out\\functionalities\\autocomplete\\node-completion.js:10:44)\n    at completeForParent (c:\\Users\\Lucas\\.vscode\\extensions\\uqbar.wollok-lsp-ide-0.3.3\\server\\out\\functionalities\\autocomplete\\node-completion.js:56:43)\n    at completeReference (c:\\Users\\Lucas\\.vscode\\extensions\\uqbar.wollok-lsp-ide-0.3.3\\server\\out\\functionalities\\autocomplete\\node-completion.js:64:135)\n    at c:\\Users\\Lucas\\.vscode\\extensions\\uqbar.wollok-lsp-ide-0.3.3\\node_modules\\wollok-ts\\dist\\extensions.js:84:20\n    at completionsForNode (c:\\Users\\Lucas\\.vscode\\extensions\\uqbar.wollok-lsp-ide-0.3.3\\server\\out\\functionalities\\autocomplete\\node-completion.js:10:44)\n    at c:\\Users\\Lucas\\.vscode\\extensions\\uqbar.wollok-lsp-ide-0.3.3\\server\\out\\functionalities\\autocomplete\\autocomplete.js:26:154\n    at c:\\Users\\Lucas\\.vscode\\extensions\\uqbar.wollok-lsp-ide-0.3.3\\server\\out\\server.js:198:20\n    at c:\\Users\\Lucas\\.vscode\\extensions\\uqbar.wollok-lsp-ide-0.3.3\\server\\node_modules\\vscode-languageserver\\lib\\common\\server.js:593:20\n    at handleRequest (c:\\Users\\Lucas\\.vscode\\extensions\\uqbar.wollok-lsp-ide-0.3.3\\server\\node_modules\\vscode-jsonrpc\\lib\\common\\connection.js:493:41)","timestamp":"2024-08-25T00:10:44.442Z"}
{"level":"error","message":"✘ Completions for node failed: Error: [Assignment]{c826e3} at clase1.wlk:9 exhausted all cases without a match [Assignment]{c826e3} at clase1.wlk:9 exhausted all cases without a match","stack":"Error: [Assignment]{c826e3} at clase1.wlk:9 exhausted all cases without a match\n    at c:\\Users\\Lucas\\.vscode\\extensions\\uqbar.wollok-lsp-ide-0.3.3\\node_modules\\wollok-ts\\dist\\extensions.js:85:11\n    at completionsForNode (c:\\Users\\Lucas\\.vscode\\extensions\\uqbar.wollok-lsp-ide-0.3.3\\server\\out\\functionalities\\autocomplete\\node-completion.js:10:44)\n    at completeForParent (c:\\Users\\Lucas\\.vscode\\extensions\\uqbar.wollok-lsp-ide-0.3.3\\server\\out\\functionalities\\autocomplete\\node-completion.js:56:43)\n    at completionsForNode (c:\\Users\\Lucas\\.vscode\\extensions\\uqbar.wollok-lsp-ide-0.3.3\\server\\out\\functionalities\\autocomplete\\node-completion.js:14:46)\n    at completeForParent (c:\\Users\\Lucas\\.vscode\\extensions\\uqbar.wollok-lsp-ide-0.3.3\\server\\out\\functionalities\\autocomplete\\node-completion.js:56:43)\n    at completeReference (c:\\Users\\Lucas\\.vscode\\extensions\\uqbar.wollok-lsp-ide-0.3.3\\server\\out\\functionalities\\autocomplete\\node-completion.js:64:135)\n    at c:\\Users\\Lucas\\.vscode\\extensions\\uqbar.wollok-lsp-ide-0.3.3\\node_modules\\wollok-ts\\dist\\extensions.js:84:20\n    at completionsForNode (c:\\Users\\Lucas\\.vscode\\extensions\\uqbar.wollok-lsp-ide-0.3.3\\server\\out\\functionalities\\autocomplete\\node-completion.js:10:44)\n    at c:\\Users\\Lucas\\.vscode\\extensions\\uqbar.wollok-lsp-ide-0.3.3\\server\\out\\functionalities\\autocomplete\\autocomplete.js:26:154\n    at c:\\Users\\Lucas\\.vscode\\extensions\\uqbar.wollok-lsp-ide-0.3.3\\server\\out\\server.js:198:20","timestamp":"2024-08-25T00:10:44.442Z"}
{"level":"info","message":"⌛ Building environment","timeElapsed":185,"timestamp":"2024-08-25T00:10:44.646Z"}
{"level":"info","message":"⌛ Validating clase1.wlk","timeElapsed":197,"timestamp":"2024-08-25T00:10:44.844Z"}
{"level":"info","message":"⌛ Building environment","timeElapsed":206,"timestamp":"2024-08-25T00:10:45.050Z"}
{"level":"info","message":"⌛ Validating clase1.wlk","timeElapsed":135,"timestamp":"2024-08-25T00:10:45.185Z"}
{"level":"info","message":"⌛ Validating clase1.wlk","timeElapsed":120,"timestamp":"2024-08-25T00:10:45.309Z"}
{"level":"info","message":"⌛ Building environment","timeElapsed":106,"timestamp":"2024-08-25T00:10:45.416Z"}
{"level":"info","message":"⌛ Validating clase1.wlk","timeElapsed":163,"timestamp":"2024-08-25T00:10:45.659Z"}
{"level":"info","message":"⌛ Validating clase1.wlk","timeElapsed":125,"timestamp":"2024-08-25T00:10:45.855Z"}
{"level":"error","message":"✘ Completions for node failed: Error: [Send]{9c69af} at clase1.wlk:9 exhausted all cases without a match [Send]{9c69af} at clase1.wlk:9 exhausted all cases without a match","stack":"Error: [Send]{9c69af} at clase1.wlk:9 exhausted all cases without a match\n    at c:\\Users\\Lucas\\.vscode\\extensions\\uqbar.wollok-lsp-ide-0.3.3\\node_modules\\wollok-ts\\dist\\extensions.js:85:11\n    at completionsForNode (c:\\Users\\Lucas\\.vscode\\extensions\\uqbar.wollok-lsp-ide-0.3.3\\server\\out\\functionalities\\autocomplete\\node-completion.js:10:44)\n    at completeForParent (c:\\Users\\Lucas\\.vscode\\extensions\\uqbar.wollok-lsp-ide-0.3.3\\server\\out\\functionalities\\autocomplete\\node-completion.js:56:43)\n    at completeReference (c:\\Users\\Lucas\\.vscode\\extensions\\uqbar.wollok-lsp-ide-0.3.3\\server\\out\\functionalities\\autocomplete\\node-completion.js:64:135)\n    at c:\\Users\\Lucas\\.vscode\\extensions\\uqbar.wollok-lsp-ide-0.3.3\\node_modules\\wollok-ts\\dist\\extensions.js:84:20\n    at completionsForNode (c:\\Users\\Lucas\\.vscode\\extensions\\uqbar.wollok-lsp-ide-0.3.3\\server\\out\\functionalities\\autocomplete\\node-completion.js:10:44)\n    at c:\\Users\\Lucas\\.vscode\\extensions\\uqbar.wollok-lsp-ide-0.3.3\\server\\out\\functionalities\\autocomplete\\autocomplete.js:26:154\n    at c:\\Users\\Lucas\\.vscode\\extensions\\uqbar.wollok-lsp-ide-0.3.3\\server\\out\\server.js:198:20\n    at c:\\Users\\Lucas\\.vscode\\extensions\\uqbar.wollok-lsp-ide-0.3.3\\server\\node_modules\\vscode-languageserver\\lib\\common\\server.js:593:20\n    at handleRequest (c:\\Users\\Lucas\\.vscode\\extensions\\uqbar.wollok-lsp-ide-0.3.3\\server\\node_modules\\vscode-jsonrpc\\lib\\common\\connection.js:493:41)","timestamp":"2024-08-25T00:10:45.967Z"}
{"level":"error","message":"✘ Completions for node failed: Error: [Assignment]{915b3e} at clase1.wlk:9 exhausted all cases without a match [Assignment]{915b3e} at clase1.wlk:9 exhausted all cases without a match","stack":"Error: [Assignment]{915b3e} at clase1.wlk:9 exhausted all cases without a match\n    at c:\\Users\\Lucas\\.vscode\\extensions\\uqbar.wollok-lsp-ide-0.3.3\\node_modules\\wollok-ts\\dist\\extensions.js:85:11\n    at completionsForNode (c:\\Users\\Lucas\\.vscode\\extensions\\uqbar.wollok-lsp-ide-0.3.3\\server\\out\\functionalities\\autocomplete\\node-completion.js:10:44)\n    at completeForParent (c:\\Users\\Lucas\\.vscode\\extensions\\uqbar.wollok-lsp-ide-0.3.3\\server\\out\\functionalities\\autocomplete\\node-completion.js:56:43)\n    at completionsForNode (c:\\Users\\Lucas\\.vscode\\extensions\\uqbar.wollok-lsp-ide-0.3.3\\server\\out\\functionalities\\autocomplete\\node-completion.js:14:46)\n    at completeForParent (c:\\Users\\Lucas\\.vscode\\extensions\\uqbar.wollok-lsp-ide-0.3.3\\server\\out\\functionalities\\autocomplete\\node-completion.js:56:43)\n    at completeReference (c:\\Users\\Lucas\\.vscode\\extensions\\uqbar.wollok-lsp-ide-0.3.3\\server\\out\\functionalities\\autocomplete\\node-completion.js:64:135)\n    at c:\\Users\\Lucas\\.vscode\\extensions\\uqbar.wollok-lsp-ide-0.3.3\\node_modules\\wollok-ts\\dist\\extensions.js:84:20\n    at completionsForNode (c:\\Users\\Lucas\\.vscode\\extensions\\uqbar.wollok-lsp-ide-0.3.3\\server\\out\\functionalities\\autocomplete\\node-completion.js:10:44)\n    at c:\\Users\\Lucas\\.vscode\\extensions\\uqbar.wollok-lsp-ide-0.3.3\\server\\out\\functionalities\\autocomplete\\autocomplete.js:26:154\n    at c:\\Users\\Lucas\\.vscode\\extensions\\uqbar.wollok-lsp-ide-0.3.3\\server\\out\\server.js:198:20","timestamp":"2024-08-25T00:10:45.967Z"}
{"level":"info","message":"⌛ Validating clase1.wlk","timeElapsed":170,"timestamp":"2024-08-25T00:10:46.141Z"}
{"level":"info","message":"⌛ Validating clase1.wlk","timeElapsed":142,"timestamp":"2024-08-25T00:10:46.619Z"}
{"level":"info","message":"onRequest - completionItem/resolve","timestamp":"2024-08-25T00:10:46.620Z"}
{"level":"info","message":"onRequest - completionItem/resolve","timestamp":"2024-08-25T00:10:46.704Z"}
{"level":"info","message":"⌛ Validating clase1.wlk","timeElapsed":110,"timestamp":"2024-08-25T00:10:46.815Z"}
{"level":"info","message":"⌛ Validating clase1.wlk","timeElapsed":128,"timestamp":"2024-08-25T00:10:47.041Z"}
{"level":"info","message":"⌛ Validating clase1.wlk","timeElapsed":137,"timestamp":"2024-08-25T00:10:47.178Z"}
{"level":"info","message":"⌛ Validating clase1.wlk","timeElapsed":105,"timestamp":"2024-08-25T00:10:47.284Z"}
{"level":"info","message":"⌛ Validating clase1.wlk","timeElapsed":171,"timestamp":"2024-08-25T00:10:47.460Z"}
{"level":"info","message":"⌛ Validating clase1.wlk","timeElapsed":164,"timestamp":"2024-08-25T00:10:47.625Z"}
{"level":"info","message":"⌛ Validating clase1.wlk","timeElapsed":164,"timestamp":"2024-08-25T00:10:47.892Z"}
{"level":"info","message":"⌛ Building environment","timeElapsed":110,"timestamp":"2024-08-25T00:10:48.002Z"}
{"level":"info","message":"⌛ Building environment","timeElapsed":115,"timestamp":"2024-08-25T00:10:48.117Z"}
{"level":"info","message":"⌛ Validating clase1.wlk","timeElapsed":243,"timestamp":"2024-08-25T00:10:48.361Z"}
{"level":"info","message":"⌛ Building environment","timeElapsed":132,"timestamp":"2024-08-25T00:10:48.494Z"}
{"level":"info","message":"⌛ Validating clase1.wlk","timeElapsed":161,"timestamp":"2024-08-25T00:10:48.655Z"}
{"level":"info","message":"⌛ Validating clase1.wlk","timeElapsed":147,"timestamp":"2024-08-25T00:10:48.809Z"}
{"level":"info","message":"⌛ Building environment","timeElapsed":103,"timestamp":"2024-08-25T00:10:50.851Z"}
{"level":"info","message":"⌛ Validating clase1.wlk","timeElapsed":172,"timestamp":"2024-08-25T00:10:51.024Z"}
{"level":"info","message":"⌛ Building environment","timeElapsed":166,"timestamp":"2024-08-25T00:10:51.362Z"}
{"level":"info","message":"⌛ Validating clase1.wlk","timeElapsed":124,"timestamp":"2024-08-25T00:10:51.487Z"}
{"level":"info","message":"⌛ Building environment","timeElapsed":242,"timestamp":"2024-08-25T00:10:52.366Z"}
{"level":"info","message":"⌛ Validating clase1.wlk","timeElapsed":135,"timestamp":"2024-08-25T00:10:52.622Z"}
{"level":"info","message":"onRequest - completionItem/resolve","timestamp":"2024-08-25T00:10:52.623Z"}
{"level":"info","message":"onRequest - completionItem/resolve","timestamp":"2024-08-25T00:10:52.695Z"}
{"level":"info","message":"⌛ Validating clase1.wlk","timeElapsed":112,"timestamp":"2024-08-25T00:10:52.808Z"}
{"level":"info","message":"onRequest - completionItem/resolve","timestamp":"2024-08-25T00:10:52.873Z"}
{"level":"info","message":"onRequest - completionItem/resolve","timestamp":"2024-08-25T00:10:52.954Z"}
{"level":"info","message":"⌛ Validating clase1.wlk","timeElapsed":151,"timestamp":"2024-08-25T00:10:53.106Z"}
{"level":"info","message":"⌛ Validating clase1.wlk","timeElapsed":140,"timestamp":"2024-08-25T00:10:53.247Z"}
{"level":"info","message":"⌛ Validating clase1.wlk","timeElapsed":167,"timestamp":"2024-08-25T00:10:53.420Z"}
{"level":"info","message":"onRequest - completionItem/resolve","timestamp":"2024-08-25T00:10:53.420Z"}
{"level":"info","message":"⌛ Building environment","timeElapsed":140,"timestamp":"2024-08-25T00:10:53.560Z"}
{"level":"info","message":"⌛ Validating clase1.wlk","timeElapsed":154,"timestamp":"2024-08-25T00:10:53.716Z"}
{"level":"info","message":"⌛ Building environment","timeElapsed":161,"timestamp":"2024-08-25T00:10:55.896Z"}
{"level":"info","message":"⌛ Validating clase1.wlk","timeElapsed":143,"timestamp":"2024-08-25T00:10:56.046Z"}
{"level":"info","message":"⌛ Building environment","timeElapsed":211,"timestamp":"2024-08-25T00:10:57.854Z"}
{"level":"info","message":"⌛ Validating clase1.wlk","timeElapsed":176,"timestamp":"2024-08-25T00:10:58.034Z"}
{"level":"info","message":"⌛ Building environment","timeElapsed":135,"timestamp":"2024-08-25T00:11:01.519Z"}
{"level":"info","message":"⌛ Validating clase1.wlk","timeElapsed":156,"timestamp":"2024-08-25T00:11:01.677Z"}
{"level":"info","message":"⌛ Building environment","timeElapsed":102,"timestamp":"2024-08-25T00:11:01.781Z"}
{"level":"info","message":"⌛ Validating clase1.wlk","timeElapsed":162,"timestamp":"2024-08-25T00:11:02.041Z"}
{"level":"info","message":"⌛ Validating clase1.wlk","timeElapsed":110,"timestamp":"2024-08-25T00:11:02.152Z"}
{"level":"error","message":"✘ Failed to rebuild document Failed to parse clase1.wlk: \n-- PARSING FAILED --------------------------------------------------\n\n  13 |    \n  14 |   }\n> 15 | }\n     | ^\n\nExpected one of the following: \n\n'@', 'class', 'const', 'describe', 'mixin', 'object', 'only', 'package', 'program', 'test', 'var', '{', EOF, comment, not \"}\", whitespace\n","stack":"Error: Failed to parse clase1.wlk: \n-- PARSING FAILED --------------------------------------------------\n\n  13 |    \n  14 |   }\n> 15 | }\n     | ^\n\nExpected one of the following: \n\n'@', 'class', 'const', 'describe', 'mixin', 'object', 'only', 'package', 'program', 'test', 'var', '{', EOF, comment, not \"}\", whitespace\n\n    at c:\\Users\\Lucas\\.vscode\\extensions\\uqbar.wollok-lsp-ide-0.3.3\\node_modules\\wollok-ts\\dist\\index.js:54:19\n    at Array.map (<anonymous>)\n    at buildEnvironment (c:\\Users\\Lucas\\.vscode\\extensions\\uqbar.wollok-lsp-ide-0.3.3\\node_modules\\wollok-ts\\dist\\index.js:49:40)\n    at EnvironmentProvider.buildEnvironmentFrom (c:\\Users\\Lucas\\.vscode\\extensions\\uqbar.wollok-lsp-ide-0.3.3\\server\\out\\utils\\vm\\environment.js:29:66)\n    at EnvironmentProvider.updateEnvironmentWith (c:\\Users\\Lucas\\.vscode\\extensions\\uqbar.wollok-lsp-ide-0.3.3\\server\\out\\utils\\vm\\environment.js:19:37)\n    at rebuildTextDocument (c:\\Users\\Lucas\\.vscode\\extensions\\uqbar.wollok-lsp-ide-0.3.3\\server\\out\\server.js:102:29)\n    at CallbackList.invoke (c:\\Users\\Lucas\\.vscode\\extensions\\uqbar.wollok-lsp-ide-0.3.3\\server\\node_modules\\vscode-jsonrpc\\lib\\common\\events.js:55:39)\n    at Emitter.fire (c:\\Users\\Lucas\\.vscode\\extensions\\uqbar.wollok-lsp-ide-0.3.3\\server\\node_modules\\vscode-jsonrpc\\lib\\common\\events.js:117:36)\n    at c:\\Users\\Lucas\\.vscode\\extensions\\uqbar.wollok-lsp-ide-0.3.3\\server\\node_modules\\vscode-languageserver\\lib\\common\\textDocuments.js:138:42\n    at handleNotification (c:\\Users\\Lucas\\.vscode\\extensions\\uqbar.wollok-lsp-ide-0.3.3\\server\\node_modules\\vscode-jsonrpc\\lib\\common\\connection.js:640:25)","timestamp":"2024-08-25T00:11:02.164Z"}
{"level":"info","message":"⌛ Building environment","timeElapsed":164,"timestamp":"2024-08-25T00:11:03.841Z"}
{"level":"info","message":"⌛ Building environment","timeElapsed":125,"timestamp":"2024-08-25T00:11:03.996Z"}
{"level":"info","message":"⌛ Validating clase1.wlk","timeElapsed":171,"timestamp":"2024-08-25T00:11:04.181Z"}
{"level":"info","message":"onRequest - completionItem/resolve","timestamp":"2024-08-25T00:11:04.181Z"}
{"level":"info","message":"⌛ Building environment","timeElapsed":125,"timestamp":"2024-08-25T00:11:04.307Z"}
{"level":"info","message":"onRequest - completionItem/resolve","timestamp":"2024-08-25T00:11:04.307Z"}
{"level":"info","message":"⌛ Building environment","timeElapsed":130,"timestamp":"2024-08-25T00:11:04.438Z"}
{"level":"info","message":"onRequest - completionItem/resolve","timestamp":"2024-08-25T00:11:04.438Z"}
{"level":"info","message":"⌛ Validating clase1.wlk","timeElapsed":194,"timestamp":"2024-08-25T00:11:04.632Z"}
{"level":"info","message":"onRequest - completionItem/resolve","timestamp":"2024-08-25T00:11:04.711Z"}
{"level":"info","message":"onRequest - completionItem/resolve","timestamp":"2024-08-25T00:11:04.809Z"}
{"level":"info","message":"⌛ Validating clase1.wlk","timeElapsed":142,"timestamp":"2024-08-25T00:11:04.951Z"}
{"level":"info","message":"onRequest - completionItem/resolve","timestamp":"2024-08-25T00:11:05.031Z"}
{"level":"info","message":"⌛ Validating clase1.wlk","timeElapsed":141,"timestamp":"2024-08-25T00:11:05.173Z"}
{"level":"info","message":"⌛ Validating clase1.wlk","timeElapsed":130,"timestamp":"2024-08-25T00:11:05.307Z"}
{"level":"info","message":"⌛ Validating clase1.wlk","timeElapsed":167,"timestamp":"2024-08-25T00:11:05.475Z"}
{"level":"info","message":"⌛ Validating clase1.wlk","timeElapsed":157,"timestamp":"2024-08-25T00:11:05.632Z"}
{"level":"info","message":"⌛ Building environment","timeElapsed":190,"timestamp":"2024-08-25T00:11:06.212Z"}
{"level":"info","message":"⌛ Validating clase1.wlk","timeElapsed":160,"timestamp":"2024-08-25T00:11:06.375Z"}
{"level":"info","message":"⌛ Building environment","timeElapsed":120,"timestamp":"2024-08-25T00:11:06.496Z"}
{"level":"info","message":"⌛ Building environment","timeElapsed":104,"timestamp":"2024-08-25T00:11:06.601Z"}
{"level":"info","message":"⌛ Validating clase1.wlk","timeElapsed":183,"timestamp":"2024-08-25T00:11:06.793Z"}
{"level":"info","message":"⌛ Validating clase1.wlk","timeElapsed":187,"timestamp":"2024-08-25T00:11:06.981Z"}
{"level":"info","message":"⌛ Building environment","timeElapsed":107,"timestamp":"2024-08-25T00:11:07.098Z"}
{"level":"info","message":"⌛ Building environment","timeElapsed":104,"timestamp":"2024-08-25T00:11:07.391Z"}
{"level":"info","message":"⌛ Validating clase1.wlk","timeElapsed":204,"timestamp":"2024-08-25T00:11:07.597Z"}
{"level":"info","message":"onRequest - completionItem/resolve","timestamp":"2024-08-25T00:11:07.600Z"}
{"level":"info","message":"⌛ Validating clase1.wlk","timeElapsed":143,"timestamp":"2024-08-25T00:11:07.744Z"}
{"level":"info","message":"⌛ Validating clase1.wlk","timeElapsed":134,"timestamp":"2024-08-25T00:11:07.878Z"}
{"level":"info","message":"onRequest - completionItem/resolve","timestamp":"2024-08-25T00:11:07.962Z"}
{"level":"info","message":"⌛ Validating clase1.wlk","timeElapsed":129,"timestamp":"2024-08-25T00:11:08.092Z"}
{"level":"info","message":"onRequest - completionItem/resolve","timestamp":"2024-08-25T00:11:08.174Z"}
{"level":"info","message":"⌛ Building environment","timeElapsed":104,"timestamp":"2024-08-25T00:11:08.278Z"}
{"level":"info","message":"onRequest - completionItem/resolve","timestamp":"2024-08-25T00:11:08.289Z"}
{"level":"info","message":"⌛ Validating clase1.wlk","timeElapsed":180,"timestamp":"2024-08-25T00:11:08.475Z"}
{"level":"info","message":"⌛ Validating clase1.wlk","timeElapsed":230,"timestamp":"2024-08-25T00:11:08.707Z"}
{"level":"info","message":"⌛ Validating clase1.wlk","timeElapsed":125,"timestamp":"2024-08-25T00:11:08.833Z"}
{"level":"info","message":"⌛ Building environment","timeElapsed":223,"timestamp":"2024-08-25T00:11:13.526Z"}
{"level":"error","message":"✘ Failed to rebuild document Failed to parse clase1.wlk: \n-- PARSING FAILED --------------------------------------------------\n\n  13 |    \n  14 |   }\n> 15 | }\n     | ^\n\nExpected one of the following: \n\n'@', 'class', 'const', 'describe', 'mixin', 'object', 'only', 'package', 'program', 'test', 'var', '{', EOF, comment, not \"}\", whitespace\n","stack":"Error: Failed to parse clase1.wlk: \n-- PARSING FAILED --------------------------------------------------\n\n  13 |    \n  14 |   }\n> 15 | }\n     | ^\n\nExpected one of the following: \n\n'@', 'class', 'const', 'describe', 'mixin', 'object', 'only', 'package', 'program', 'test', 'var', '{', EOF, comment, not \"}\", whitespace\n\n    at c:\\Users\\Lucas\\.vscode\\extensions\\uqbar.wollok-lsp-ide-0.3.3\\node_modules\\wollok-ts\\dist\\index.js:54:19\n    at Array.map (<anonymous>)\n    at buildEnvironment (c:\\Users\\Lucas\\.vscode\\extensions\\uqbar.wollok-lsp-ide-0.3.3\\node_modules\\wollok-ts\\dist\\index.js:49:40)\n    at EnvironmentProvider.buildEnvironmentFrom (c:\\Users\\Lucas\\.vscode\\extensions\\uqbar.wollok-lsp-ide-0.3.3\\server\\out\\utils\\vm\\environment.js:29:66)\n    at EnvironmentProvider.updateEnvironmentWith (c:\\Users\\Lucas\\.vscode\\extensions\\uqbar.wollok-lsp-ide-0.3.3\\server\\out\\utils\\vm\\environment.js:19:37)\n    at rebuildTextDocument (c:\\Users\\Lucas\\.vscode\\extensions\\uqbar.wollok-lsp-ide-0.3.3\\server\\out\\server.js:102:29)\n    at CallbackList.invoke (c:\\Users\\Lucas\\.vscode\\extensions\\uqbar.wollok-lsp-ide-0.3.3\\server\\node_modules\\vscode-jsonrpc\\lib\\common\\events.js:55:39)\n    at Emitter.fire (c:\\Users\\Lucas\\.vscode\\extensions\\uqbar.wollok-lsp-ide-0.3.3\\server\\node_modules\\vscode-jsonrpc\\lib\\common\\events.js:117:36)\n    at c:\\Users\\Lucas\\.vscode\\extensions\\uqbar.wollok-lsp-ide-0.3.3\\server\\node_modules\\vscode-languageserver\\lib\\common\\textDocuments.js:138:42\n    at handleNotification (c:\\Users\\Lucas\\.vscode\\extensions\\uqbar.wollok-lsp-ide-0.3.3\\server\\node_modules\\vscode-jsonrpc\\lib\\common\\connection.js:640:25)","timestamp":"2024-08-25T00:11:13.543Z"}
{"level":"info","message":"⌛ Validating clase1.wlk","timeElapsed":220,"timestamp":"2024-08-25T00:11:13.763Z"}
{"level":"error","message":"✘ Failed to rebuild document Failed to parse clase1.wlk: \n-- PARSING FAILED --------------------------------------------------\n\n  12 |   method energia() = energia   \n  13 |   }\n> 14 | }\n     | ^\n\nExpected one of the following: \n\n'@', 'class', 'const', 'describe', 'mixin', 'object', 'only', 'package', 'program', 'test', 'var', '{', EOF, comment, not \"}\", whitespace\n","stack":"Error: Failed to parse clase1.wlk: \n-- PARSING FAILED --------------------------------------------------\n\n  12 |   method energia() = energia   \n  13 |   }\n> 14 | }\n     | ^\n\nExpected one of the following: \n\n'@', 'class', 'const', 'describe', 'mixin', 'object', 'only', 'package', 'program', 'test', 'var', '{', EOF, comment, not \"}\", whitespace\n\n    at c:\\Users\\Lucas\\.vscode\\extensions\\uqbar.wollok-lsp-ide-0.3.3\\node_modules\\wollok-ts\\dist\\index.js:54:19\n    at Array.map (<anonymous>)\n    at buildEnvironment (c:\\Users\\Lucas\\.vscode\\extensions\\uqbar.wollok-lsp-ide-0.3.3\\node_modules\\wollok-ts\\dist\\index.js:49:40)\n    at EnvironmentProvider.buildEnvironmentFrom (c:\\Users\\Lucas\\.vscode\\extensions\\uqbar.wollok-lsp-ide-0.3.3\\server\\out\\utils\\vm\\environment.js:29:66)\n    at EnvironmentProvider.updateEnvironmentWith (c:\\Users\\Lucas\\.vscode\\extensions\\uqbar.wollok-lsp-ide-0.3.3\\server\\out\\utils\\vm\\environment.js:19:37)\n    at rebuildTextDocument (c:\\Users\\Lucas\\.vscode\\extensions\\uqbar.wollok-lsp-ide-0.3.3\\server\\out\\server.js:102:29)\n    at CallbackList.invoke (c:\\Users\\Lucas\\.vscode\\extensions\\uqbar.wollok-lsp-ide-0.3.3\\server\\node_modules\\vscode-jsonrpc\\lib\\common\\events.js:55:39)\n    at Emitter.fire (c:\\Users\\Lucas\\.vscode\\extensions\\uqbar.wollok-lsp-ide-0.3.3\\server\\node_modules\\vscode-jsonrpc\\lib\\common\\events.js:117:36)\n    at c:\\Users\\Lucas\\.vscode\\extensions\\uqbar.wollok-lsp-ide-0.3.3\\server\\node_modules\\vscode-languageserver\\lib\\common\\textDocuments.js:138:42\n    at handleNotification (c:\\Users\\Lucas\\.vscode\\extensions\\uqbar.wollok-lsp-ide-0.3.3\\server\\node_modules\\vscode-jsonrpc\\lib\\common\\connection.js:640:25)","timestamp":"2024-08-25T00:11:14.132Z"}
{"level":"error","message":"✘ Failed to rebuild document Failed to parse clase1.wlk: \n-- PARSING FAILED --------------------------------------------------\n\n  12 |   method energia() = energia  \n  13 |   }\n> 14 | }\n     | ^\n\nExpected one of the following: \n\n'@', 'class', 'const', 'describe', 'mixin', 'object', 'only', 'package', 'program', 'test', 'var', '{', EOF, comment, not \"}\", whitespace\n","stack":"Error: Failed to parse clase1.wlk: \n-- PARSING FAILED --------------------------------------------------\n\n  12 |   method energia() = energia  \n  13 |   }\n> 14 | }\n     | ^\n\nExpected one of the following: \n\n'@', 'class', 'const', 'describe', 'mixin', 'object', 'only', 'package', 'program', 'test', 'var', '{', EOF, comment, not \"}\", whitespace\n\n    at c:\\Users\\Lucas\\.vscode\\extensions\\uqbar.wollok-lsp-ide-0.3.3\\node_modules\\wollok-ts\\dist\\index.js:54:19\n    at Array.map (<anonymous>)\n    at buildEnvironment (c:\\Users\\Lucas\\.vscode\\extensions\\uqbar.wollok-lsp-ide-0.3.3\\node_modules\\wollok-ts\\dist\\index.js:49:40)\n    at EnvironmentProvider.buildEnvironmentFrom (c:\\Users\\Lucas\\.vscode\\extensions\\uqbar.wollok-lsp-ide-0.3.3\\server\\out\\utils\\vm\\environment.js:29:66)\n    at EnvironmentProvider.updateEnvironmentWith (c:\\Users\\Lucas\\.vscode\\extensions\\uqbar.wollok-lsp-ide-0.3.3\\server\\out\\utils\\vm\\environment.js:19:37)\n    at rebuildTextDocument (c:\\Users\\Lucas\\.vscode\\extensions\\uqbar.wollok-lsp-ide-0.3.3\\server\\out\\server.js:102:29)\n    at CallbackList.invoke (c:\\Users\\Lucas\\.vscode\\extensions\\uqbar.wollok-lsp-ide-0.3.3\\server\\node_modules\\vscode-jsonrpc\\lib\\common\\events.js:55:39)\n    at Emitter.fire (c:\\Users\\Lucas\\.vscode\\extensions\\uqbar.wollok-lsp-ide-0.3.3\\server\\node_modules\\vscode-jsonrpc\\lib\\common\\events.js:117:36)\n    at c:\\Users\\Lucas\\.vscode\\extensions\\uqbar.wollok-lsp-ide-0.3.3\\server\\node_modules\\vscode-languageserver\\lib\\common\\textDocuments.js:138:42\n    at handleNotification (c:\\Users\\Lucas\\.vscode\\extensions\\uqbar.wollok-lsp-ide-0.3.3\\server\\node_modules\\vscode-jsonrpc\\lib\\common\\connection.js:640:25)","timestamp":"2024-08-25T00:11:14.569Z"}
{"level":"error","message":"✘ Failed to rebuild document Failed to parse clase1.wlk: \n-- PARSING FAILED --------------------------------------------------\n\n  12 |   method energia() = energia \n  13 |   }\n> 14 | }\n     | ^\n\nExpected one of the following: \n\n'@', 'class', 'const', 'describe', 'mixin', 'object', 'only', 'package', 'program', 'test', 'var', '{', EOF, comment, not \"}\", whitespace\n","stack":"Error: Failed to parse clase1.wlk: \n-- PARSING FAILED --------------------------------------------------\n\n  12 |   method energia() = energia \n  13 |   }\n> 14 | }\n     | ^\n\nExpected one of the following: \n\n'@', 'class', 'const', 'describe', 'mixin', 'object', 'only', 'package', 'program', 'test', 'var', '{', EOF, comment, not \"}\", whitespace\n\n    at c:\\Users\\Lucas\\.vscode\\extensions\\uqbar.wollok-lsp-ide-0.3.3\\node_modules\\wollok-ts\\dist\\index.js:54:19\n    at Array.map (<anonymous>)\n    at buildEnvironment (c:\\Users\\Lucas\\.vscode\\extensions\\uqbar.wollok-lsp-ide-0.3.3\\node_modules\\wollok-ts\\dist\\index.js:49:40)\n    at EnvironmentProvider.buildEnvironmentFrom (c:\\Users\\Lucas\\.vscode\\extensions\\uqbar.wollok-lsp-ide-0.3.3\\server\\out\\utils\\vm\\environment.js:29:66)\n    at EnvironmentProvider.updateEnvironmentWith (c:\\Users\\Lucas\\.vscode\\extensions\\uqbar.wollok-lsp-ide-0.3.3\\server\\out\\utils\\vm\\environment.js:19:37)\n    at rebuildTextDocument (c:\\Users\\Lucas\\.vscode\\extensions\\uqbar.wollok-lsp-ide-0.3.3\\server\\out\\server.js:102:29)\n    at CallbackList.invoke (c:\\Users\\Lucas\\.vscode\\extensions\\uqbar.wollok-lsp-ide-0.3.3\\server\\node_modules\\vscode-jsonrpc\\lib\\common\\events.js:55:39)\n    at Emitter.fire (c:\\Users\\Lucas\\.vscode\\extensions\\uqbar.wollok-lsp-ide-0.3.3\\server\\node_modules\\vscode-jsonrpc\\lib\\common\\events.js:117:36)\n    at c:\\Users\\Lucas\\.vscode\\extensions\\uqbar.wollok-lsp-ide-0.3.3\\server\\node_modules\\vscode-languageserver\\lib\\common\\textDocuments.js:138:42\n    at handleNotification (c:\\Users\\Lucas\\.vscode\\extensions\\uqbar.wollok-lsp-ide-0.3.3\\server\\node_modules\\vscode-jsonrpc\\lib\\common\\connection.js:640:25)","timestamp":"2024-08-25T00:11:15.005Z"}
{"level":"error","message":"✘ Failed to rebuild document Failed to parse clase1.wlk: \n-- PARSING FAILED --------------------------------------------------\n\n  12 |   method energia() = energia\n  13 |   }\n> 14 | }\n     | ^\n\nExpected one of the following: \n\n'@', 'class', 'const', 'describe', 'mixin', 'object', 'only', 'package', 'program', 'test', 'var', '{', EOF, comment, not \"}\", whitespace\n","stack":"Error: Failed to parse clase1.wlk: \n-- PARSING FAILED --------------------------------------------------\n\n  12 |   method energia() = energia\n  13 |   }\n> 14 | }\n     | ^\n\nExpected one of the following: \n\n'@', 'class', 'const', 'describe', 'mixin', 'object', 'only', 'package', 'program', 'test', 'var', '{', EOF, comment, not \"}\", whitespace\n\n    at c:\\Users\\Lucas\\.vscode\\extensions\\uqbar.wollok-lsp-ide-0.3.3\\node_modules\\wollok-ts\\dist\\index.js:54:19\n    at Array.map (<anonymous>)\n    at buildEnvironment (c:\\Users\\Lucas\\.vscode\\extensions\\uqbar.wollok-lsp-ide-0.3.3\\node_modules\\wollok-ts\\dist\\index.js:49:40)\n    at EnvironmentProvider.buildEnvironmentFrom (c:\\Users\\Lucas\\.vscode\\extensions\\uqbar.wollok-lsp-ide-0.3.3\\server\\out\\utils\\vm\\environment.js:29:66)\n    at EnvironmentProvider.updateEnvironmentWith (c:\\Users\\Lucas\\.vscode\\extensions\\uqbar.wollok-lsp-ide-0.3.3\\server\\out\\utils\\vm\\environment.js:19:37)\n    at rebuildTextDocument (c:\\Users\\Lucas\\.vscode\\extensions\\uqbar.wollok-lsp-ide-0.3.3\\server\\out\\server.js:102:29)\n    at CallbackList.invoke (c:\\Users\\Lucas\\.vscode\\extensions\\uqbar.wollok-lsp-ide-0.3.3\\server\\node_modules\\vscode-jsonrpc\\lib\\common\\events.js:55:39)\n    at Emitter.fire (c:\\Users\\Lucas\\.vscode\\extensions\\uqbar.wollok-lsp-ide-0.3.3\\server\\node_modules\\vscode-jsonrpc\\lib\\common\\events.js:117:36)\n    at c:\\Users\\Lucas\\.vscode\\extensions\\uqbar.wollok-lsp-ide-0.3.3\\server\\node_modules\\vscode-languageserver\\lib\\common\\textDocuments.js:138:42\n    at handleNotification (c:\\Users\\Lucas\\.vscode\\extensions\\uqbar.wollok-lsp-ide-0.3.3\\server\\node_modules\\vscode-jsonrpc\\lib\\common\\connection.js:640:25)","timestamp":"2024-08-25T00:11:15.388Z"}
{"level":"error","message":"✘ Failed to rebuild document Failed to parse clase1.wlk: \n-- PARSING FAILED --------------------------------------------------\n\n  11 | \n  12 |   method energia() = energia  }\n> 13 | }\n     | ^\n\nExpected one of the following: \n\n'@', 'class', 'const', 'describe', 'mixin', 'object', 'only', 'package', 'program', 'test', 'var', '{', EOF, comment, not \"}\", whitespace\n","stack":"Error: Failed to parse clase1.wlk: \n-- PARSING FAILED --------------------------------------------------\n\n  11 | \n  12 |   method energia() = energia  }\n> 13 | }\n     | ^\n\nExpected one of the following: \n\n'@', 'class', 'const', 'describe', 'mixin', 'object', 'only', 'package', 'program', 'test', 'var', '{', EOF, comment, not \"}\", whitespace\n\n    at c:\\Users\\Lucas\\.vscode\\extensions\\uqbar.wollok-lsp-ide-0.3.3\\node_modules\\wollok-ts\\dist\\index.js:54:19\n    at Array.map (<anonymous>)\n    at buildEnvironment (c:\\Users\\Lucas\\.vscode\\extensions\\uqbar.wollok-lsp-ide-0.3.3\\node_modules\\wollok-ts\\dist\\index.js:49:40)\n    at EnvironmentProvider.buildEnvironmentFrom (c:\\Users\\Lucas\\.vscode\\extensions\\uqbar.wollok-lsp-ide-0.3.3\\server\\out\\utils\\vm\\environment.js:29:66)\n    at EnvironmentProvider.updateEnvironmentWith (c:\\Users\\Lucas\\.vscode\\extensions\\uqbar.wollok-lsp-ide-0.3.3\\server\\out\\utils\\vm\\environment.js:19:37)\n    at rebuildTextDocument (c:\\Users\\Lucas\\.vscode\\extensions\\uqbar.wollok-lsp-ide-0.3.3\\server\\out\\server.js:102:29)\n    at CallbackList.invoke (c:\\Users\\Lucas\\.vscode\\extensions\\uqbar.wollok-lsp-ide-0.3.3\\server\\node_modules\\vscode-jsonrpc\\lib\\common\\events.js:55:39)\n    at Emitter.fire (c:\\Users\\Lucas\\.vscode\\extensions\\uqbar.wollok-lsp-ide-0.3.3\\server\\node_modules\\vscode-jsonrpc\\lib\\common\\events.js:117:36)\n    at c:\\Users\\Lucas\\.vscode\\extensions\\uqbar.wollok-lsp-ide-0.3.3\\server\\node_modules\\vscode-languageserver\\lib\\common\\textDocuments.js:138:42\n    at handleNotification (c:\\Users\\Lucas\\.vscode\\extensions\\uqbar.wollok-lsp-ide-0.3.3\\server\\node_modules\\vscode-jsonrpc\\lib\\common\\connection.js:640:25)","timestamp":"2024-08-25T00:11:15.847Z"}
{"level":"error","message":"✘ Failed to rebuild document Failed to parse clase1.wlk: \n-- PARSING FAILED --------------------------------------------------\n\n  12 |   method energia() = energia\n  13 |     }\n> 14 | }\n     | ^\n\nExpected one of the following: \n\n'@', 'class', 'const', 'describe', 'mixin', 'object', 'only', 'package', 'program', 'test', 'var', '{', EOF, comment, not \"}\", whitespace\n","stack":"Error: Failed to parse clase1.wlk: \n-- PARSING FAILED --------------------------------------------------\n\n  12 |   method energia() = energia\n  13 |     }\n> 14 | }\n     | ^\n\nExpected one of the following: \n\n'@', 'class', 'const', 'describe', 'mixin', 'object', 'only', 'package', 'program', 'test', 'var', '{', EOF, comment, not \"}\", whitespace\n\n    at c:\\Users\\Lucas\\.vscode\\extensions\\uqbar.wollok-lsp-ide-0.3.3\\node_modules\\wollok-ts\\dist\\index.js:54:19\n    at Array.map (<anonymous>)\n    at buildEnvironment (c:\\Users\\Lucas\\.vscode\\extensions\\uqbar.wollok-lsp-ide-0.3.3\\node_modules\\wollok-ts\\dist\\index.js:49:40)\n    at EnvironmentProvider.buildEnvironmentFrom (c:\\Users\\Lucas\\.vscode\\extensions\\uqbar.wollok-lsp-ide-0.3.3\\server\\out\\utils\\vm\\environment.js:29:66)\n    at EnvironmentProvider.updateEnvironmentWith (c:\\Users\\Lucas\\.vscode\\extensions\\uqbar.wollok-lsp-ide-0.3.3\\server\\out\\utils\\vm\\environment.js:19:37)\n    at rebuildTextDocument (c:\\Users\\Lucas\\.vscode\\extensions\\uqbar.wollok-lsp-ide-0.3.3\\server\\out\\server.js:102:29)\n    at CallbackList.invoke (c:\\Users\\Lucas\\.vscode\\extensions\\uqbar.wollok-lsp-ide-0.3.3\\server\\node_modules\\vscode-jsonrpc\\lib\\common\\events.js:55:39)\n    at Emitter.fire (c:\\Users\\Lucas\\.vscode\\extensions\\uqbar.wollok-lsp-ide-0.3.3\\server\\node_modules\\vscode-jsonrpc\\lib\\common\\events.js:117:36)\n    at c:\\Users\\Lucas\\.vscode\\extensions\\uqbar.wollok-lsp-ide-0.3.3\\server\\node_modules\\vscode-languageserver\\lib\\common\\textDocuments.js:138:42\n    at handleNotification (c:\\Users\\Lucas\\.vscode\\extensions\\uqbar.wollok-lsp-ide-0.3.3\\server\\node_modules\\vscode-jsonrpc\\lib\\common\\connection.js:640:25)","timestamp":"2024-08-25T00:11:17.604Z"}
{"level":"error","message":"✘ Failed to rebuild document Failed to parse clase1.wlk: \n-- PARSING FAILED --------------------------------------------------\n\n  12 |   method energia() = energia\n  13 |    }\n> 14 | }\n     | ^\n\nExpected one of the following: \n\n'@', 'class', 'const', 'describe', 'mixin', 'object', 'only', 'package', 'program', 'test', 'var', '{', EOF, comment, not \"}\", whitespace\n","stack":"Error: Failed to parse clase1.wlk: \n-- PARSING FAILED --------------------------------------------------\n\n  12 |   method energia() = energia\n  13 |    }\n> 14 | }\n     | ^\n\nExpected one of the following: \n\n'@', 'class', 'const', 'describe', 'mixin', 'object', 'only', 'package', 'program', 'test', 'var', '{', EOF, comment, not \"}\", whitespace\n\n    at c:\\Users\\Lucas\\.vscode\\extensions\\uqbar.wollok-lsp-ide-0.3.3\\node_modules\\wollok-ts\\dist\\index.js:54:19\n    at Array.map (<anonymous>)\n    at buildEnvironment (c:\\Users\\Lucas\\.vscode\\extensions\\uqbar.wollok-lsp-ide-0.3.3\\node_modules\\wollok-ts\\dist\\index.js:49:40)\n    at EnvironmentProvider.buildEnvironmentFrom (c:\\Users\\Lucas\\.vscode\\extensions\\uqbar.wollok-lsp-ide-0.3.3\\server\\out\\utils\\vm\\environment.js:29:66)\n    at EnvironmentProvider.updateEnvironmentWith (c:\\Users\\Lucas\\.vscode\\extensions\\uqbar.wollok-lsp-ide-0.3.3\\server\\out\\utils\\vm\\environment.js:19:37)\n    at rebuildTextDocument (c:\\Users\\Lucas\\.vscode\\extensions\\uqbar.wollok-lsp-ide-0.3.3\\server\\out\\server.js:102:29)\n    at CallbackList.invoke (c:\\Users\\Lucas\\.vscode\\extensions\\uqbar.wollok-lsp-ide-0.3.3\\server\\node_modules\\vscode-jsonrpc\\lib\\common\\events.js:55:39)\n    at Emitter.fire (c:\\Users\\Lucas\\.vscode\\extensions\\uqbar.wollok-lsp-ide-0.3.3\\server\\node_modules\\vscode-jsonrpc\\lib\\common\\events.js:117:36)\n    at c:\\Users\\Lucas\\.vscode\\extensions\\uqbar.wollok-lsp-ide-0.3.3\\server\\node_modules\\vscode-languageserver\\lib\\common\\textDocuments.js:138:42\n    at handleNotification (c:\\Users\\Lucas\\.vscode\\extensions\\uqbar.wollok-lsp-ide-0.3.3\\server\\node_modules\\vscode-jsonrpc\\lib\\common\\connection.js:640:25)","timestamp":"2024-08-25T00:11:21.144Z"}
{"level":"error","message":"✘ Failed to rebuild document Failed to parse clase1.wlk: \n-- PARSING FAILED --------------------------------------------------\n\n  12 |   method energia() = energia\n  13 |   }\n> 14 | }\n     | ^\n\nExpected one of the following: \n\n'@', 'class', 'const', 'describe', 'mixin', 'object', 'only', 'package', 'program', 'test', 'var', '{', EOF, comment, not \"}\", whitespace\n","stack":"Error: Failed to parse clase1.wlk: \n-- PARSING FAILED --------------------------------------------------\n\n  12 |   method energia() = energia\n  13 |   }\n> 14 | }\n     | ^\n\nExpected one of the following: \n\n'@', 'class', 'const', 'describe', 'mixin', 'object', 'only', 'package', 'program', 'test', 'var', '{', EOF, comment, not \"}\", whitespace\n\n    at c:\\Users\\Lucas\\.vscode\\extensions\\uqbar.wollok-lsp-ide-0.3.3\\node_modules\\wollok-ts\\dist\\index.js:54:19\n    at Array.map (<anonymous>)\n    at buildEnvironment (c:\\Users\\Lucas\\.vscode\\extensions\\uqbar.wollok-lsp-ide-0.3.3\\node_modules\\wollok-ts\\dist\\index.js:49:40)\n    at EnvironmentProvider.buildEnvironmentFrom (c:\\Users\\Lucas\\.vscode\\extensions\\uqbar.wollok-lsp-ide-0.3.3\\server\\out\\utils\\vm\\environment.js:29:66)\n    at EnvironmentProvider.updateEnvironmentWith (c:\\Users\\Lucas\\.vscode\\extensions\\uqbar.wollok-lsp-ide-0.3.3\\server\\out\\utils\\vm\\environment.js:19:37)\n    at rebuildTextDocument (c:\\Users\\Lucas\\.vscode\\extensions\\uqbar.wollok-lsp-ide-0.3.3\\server\\out\\server.js:102:29)\n    at CallbackList.invoke (c:\\Users\\Lucas\\.vscode\\extensions\\uqbar.wollok-lsp-ide-0.3.3\\server\\node_modules\\vscode-jsonrpc\\lib\\common\\events.js:55:39)\n    at Emitter.fire (c:\\Users\\Lucas\\.vscode\\extensions\\uqbar.wollok-lsp-ide-0.3.3\\server\\node_modules\\vscode-jsonrpc\\lib\\common\\events.js:117:36)\n    at c:\\Users\\Lucas\\.vscode\\extensions\\uqbar.wollok-lsp-ide-0.3.3\\server\\node_modules\\vscode-languageserver\\lib\\common\\textDocuments.js:138:42\n    at handleNotification (c:\\Users\\Lucas\\.vscode\\extensions\\uqbar.wollok-lsp-ide-0.3.3\\server\\node_modules\\vscode-jsonrpc\\lib\\common\\connection.js:640:25)","timestamp":"2024-08-25T00:11:21.336Z"}
{"level":"info","message":"⌛ Building environment","timeElapsed":149,"timestamp":"2024-08-25T00:11:21.828Z"}
{"level":"info","message":"⌛ Validating clase1.wlk","timeElapsed":232,"timestamp":"2024-08-25T00:11:22.075Z"}
{"level":"info","message":"⌛ Building environment","timeElapsed":218,"timestamp":"2024-08-25T00:14:51.269Z"}
{"level":"info","message":"⌛ Building environment","timeElapsed":341,"timestamp":"2024-08-25T00:14:51.616Z"}
{"level":"info","message":"⌛ Validating clase1.wlk","timeElapsed":308,"timestamp":"2024-08-25T00:14:51.927Z"}
{"level":"info","message":"⌛ Validating clase1.wlk","timeElapsed":211,"timestamp":"2024-08-25T00:14:52.148Z"}
{"level":"info","message":"⌛ Building environment","timeElapsed":252,"timestamp":"2024-08-25T00:14:55.996Z"}
{"level":"info","message":"⌛ Validating clase1.wlk","timeElapsed":216,"timestamp":"2024-08-25T00:14:56.292Z"}
{"level":"info","message":"⌛ Building environment","timeElapsed":314,"timestamp":"2024-08-25T00:14:56.756Z"}
{"level":"info","message":"⌛ Validating clase1.wlk","timeElapsed":263,"timestamp":"2024-08-25T00:14:57.035Z"}
{"level":"info","message":"⌛ Building environment","timeElapsed":120,"timestamp":"2024-08-25T00:14:57.405Z"}
{"level":"info","message":"⌛ Validating clase1.wlk","timeElapsed":161,"timestamp":"2024-08-25T00:14:57.568Z"}
{"level":"info","message":"⌛ Validating clase1.wlk","timeElapsed":131,"timestamp":"2024-08-25T00:14:57.795Z"}
{"level":"info","message":"⌛ Building environment","timeElapsed":209,"timestamp":"2024-08-25T00:14:58.611Z"}
{"level":"info","message":"⌛ Building environment","timeElapsed":106,"timestamp":"2024-08-25T00:14:58.717Z"}
{"level":"info","message":"⌛ Validating clase1.wlk","timeElapsed":158,"timestamp":"2024-08-25T00:14:58.884Z"}
{"level":"info","message":"⌛ Validating clase1.wlk","timeElapsed":140,"timestamp":"2024-08-25T00:14:59.025Z"}
{"level":"info","message":"⌛ Building environment","timeElapsed":312,"timestamp":"2024-08-25T00:15:51.496Z"}
{"level":"info","message":"⌛ Building environment","timeElapsed":247,"timestamp":"2024-08-25T00:15:51.745Z"}
{"level":"info","message":"⌛ Validating clase1.wlk","timeElapsed":338,"timestamp":"2024-08-25T00:15:52.085Z"}
{"level":"info","message":"⌛ Validating clase1.wlk","timeElapsed":120,"timestamp":"2024-08-25T00:15:52.208Z"}
{"level":"info","message":"⌛ Building environment","timeElapsed":312,"timestamp":"2024-08-25T00:16:06.666Z"}
{"level":"info","message":"⌛ Validating clase1.wlk","timeElapsed":440,"timestamp":"2024-08-25T00:16:07.117Z"}
{"level":"info","message":"⌛ Building environment","timeElapsed":189,"timestamp":"2024-08-25T00:16:07.308Z"}
{"level":"info","message":"⌛ Building environment","timeElapsed":145,"timestamp":"2024-08-25T00:16:07.463Z"}
{"level":"info","message":"⌛ Validating clase1.wlk","timeElapsed":247,"timestamp":"2024-08-25T00:16:07.730Z"}
{"level":"info","message":"⌛ Building environment","timeElapsed":124,"timestamp":"2024-08-25T00:16:07.856Z"}
{"level":"info","message":"⌛ Validating clase1.wlk","timeElapsed":383,"timestamp":"2024-08-25T00:16:08.240Z"}
{"level":"info","message":"⌛ Building environment","timeElapsed":314,"timestamp":"2024-08-25T00:16:08.560Z"}
{"level":"info","message":"⌛ Building environment","timeElapsed":303,"timestamp":"2024-08-25T00:16:08.866Z"}
{"level":"info","message":"⌛ Validating clase1.wlk","timeElapsed":297,"timestamp":"2024-08-25T00:16:09.164Z"}
{"level":"info","message":"⌛ Building environment","timeElapsed":284,"timestamp":"2024-08-25T00:16:09.451Z"}
{"level":"info","message":"⌛ Building environment","timeElapsed":117,"timestamp":"2024-08-25T00:16:09.668Z"}
{"level":"info","message":"⌛ Building environment","timeElapsed":125,"timestamp":"2024-08-25T00:16:09.794Z"}
{"level":"info","message":"⌛ Validating clase1.wlk","timeElapsed":146,"timestamp":"2024-08-25T00:16:10.034Z"}
{"level":"info","message":"⌛ Validating clase1.wlk","timeElapsed":198,"timestamp":"2024-08-25T00:16:10.413Z"}
{"level":"info","message":"⌛ Building environment","timeElapsed":117,"timestamp":"2024-08-25T00:16:10.531Z"}
{"level":"info","message":"⌛ Building environment","timeElapsed":101,"timestamp":"2024-08-25T00:16:10.632Z"}
{"level":"info","message":"⌛ Building environment","timeElapsed":124,"timestamp":"2024-08-25T00:16:10.841Z"}
{"level":"info","message":"⌛ Building environment","timeElapsed":179,"timestamp":"2024-08-25T00:16:11.021Z"}
{"level":"info","message":"⌛ Validating clase1.wlk","timeElapsed":274,"timestamp":"2024-08-25T00:16:11.296Z"}
{"level":"info","message":"⌛ Validating clase1.wlk","timeElapsed":172,"timestamp":"2024-08-25T00:16:11.468Z"}
{"level":"info","message":"⌛ Validating clase1.wlk","timeElapsed":186,"timestamp":"2024-08-25T00:16:11.823Z"}
{"level":"info","message":"⌛ Building environment","timeElapsed":116,"timestamp":"2024-08-25T00:16:11.940Z"}
{"level":"info","message":"⌛ Building environment","timeElapsed":111,"timestamp":"2024-08-25T00:16:12.065Z"}
{"level":"info","message":"⌛ Validating clase1.wlk","timeElapsed":201,"timestamp":"2024-08-25T00:16:12.266Z"}
{"level":"info","message":"⌛ Validating clase1.wlk","timeElapsed":160,"timestamp":"2024-08-25T00:16:12.427Z"}
{"level":"info","message":"⌛ Validating clase1.wlk","timeElapsed":204,"timestamp":"2024-08-25T00:16:12.795Z"}
{"level":"info","message":"⌛ Validating clase1.wlk","timeElapsed":200,"timestamp":"2024-08-25T00:16:12.995Z"}
{"level":"info","message":"⌛ Building environment","timeElapsed":105,"timestamp":"2024-08-25T00:16:13.101Z"}
{"level":"info","message":"⌛ Building environment","timeElapsed":107,"timestamp":"2024-08-25T00:16:13.209Z"}
{"level":"info","message":"⌛ Validating clase1.wlk","timeElapsed":200,"timestamp":"2024-08-25T00:16:13.500Z"}
{"level":"info","message":"⌛ Building environment","timeElapsed":154,"timestamp":"2024-08-25T00:16:13.655Z"}
{"level":"info","message":"⌛ Validating clase1.wlk","timeElapsed":158,"timestamp":"2024-08-25T00:16:13.813Z"}
{"level":"info","message":"⌛ Validating clase1.wlk","timeElapsed":297,"timestamp":"2024-08-25T00:16:14.113Z"}
{"level":"info","message":"⌛ Building environment","timeElapsed":126,"timestamp":"2024-08-25T00:16:14.239Z"}
{"level":"info","message":"⌛ Validating clase1.wlk","timeElapsed":178,"timestamp":"2024-08-25T00:16:14.417Z"}
{"level":"info","message":"⌛ Validating clase1.wlk","timeElapsed":169,"timestamp":"2024-08-25T00:16:14.651Z"}
{"level":"info","message":"⌛ Building environment","timeElapsed":131,"timestamp":"2024-08-25T00:16:14.782Z"}
{"level":"info","message":"⌛ Building environment","timeElapsed":124,"timestamp":"2024-08-25T00:16:14.908Z"}
{"level":"info","message":"⌛ Building environment","timeElapsed":127,"timestamp":"2024-08-25T00:16:15.036Z"}
{"level":"info","message":"⌛ Building environment","timeElapsed":120,"timestamp":"2024-08-25T00:16:15.156Z"}
{"level":"info","message":"⌛ Validating clase1.wlk","timeElapsed":239,"timestamp":"2024-08-25T00:16:15.405Z"}
{"level":"info","message":"⌛ Validating clase1.wlk","timeElapsed":177,"timestamp":"2024-08-25T00:16:15.582Z"}
{"level":"info","message":"⌛ Building environment","timeElapsed":109,"timestamp":"2024-08-25T00:16:15.698Z"}
{"level":"info","message":"⌛ Validating clase1.wlk","timeElapsed":158,"timestamp":"2024-08-25T00:16:15.958Z"}
{"level":"info","message":"⌛ Building environment","timeElapsed":115,"timestamp":"2024-08-25T00:16:16.074Z"}
{"level":"info","message":"⌛ Building environment","timeElapsed":117,"timestamp":"2024-08-25T00:16:16.192Z"}
{"level":"info","message":"⌛ Building environment","timeElapsed":126,"timestamp":"2024-08-25T00:16:16.319Z"}
{"level":"info","message":"⌛ Validating clase1.wlk","timeElapsed":176,"timestamp":"2024-08-25T00:16:16.496Z"}
{"level":"info","message":"⌛ Validating clase1.wlk","timeElapsed":197,"timestamp":"2024-08-25T00:16:16.694Z"}
{"level":"info","message":"⌛ Building environment","timeElapsed":101,"timestamp":"2024-08-25T00:16:16.957Z"}
{"level":"info","message":"⌛ Validating clase1.wlk","timeElapsed":159,"timestamp":"2024-08-25T00:16:17.117Z"}
{"level":"info","message":"⌛ Validating clase1.wlk","timeElapsed":122,"timestamp":"2024-08-25T00:16:17.243Z"}
{"level":"info","message":"⌛ Building environment","timeElapsed":104,"timestamp":"2024-08-25T00:16:17.349Z"}
{"level":"info","message":"⌛ Validating clase1.wlk","timeElapsed":192,"timestamp":"2024-08-25T00:16:17.547Z"}
{"level":"info","message":"⌛ Validating clase1.wlk","timeElapsed":194,"timestamp":"2024-08-25T00:16:17.743Z"}
{"level":"info","message":"⌛ Building environment","timeElapsed":231,"timestamp":"2024-08-25T00:16:17.975Z"}
{"level":"info","message":"⌛ Validating clase1.wlk","timeElapsed":181,"timestamp":"2024-08-25T00:16:18.167Z"}
{"level":"info","message":"⌛ Validating clase1.wlk","timeElapsed":186,"timestamp":"2024-08-25T00:16:18.353Z"}
{"level":"info","message":"⌛ Building environment","timeElapsed":105,"timestamp":"2024-08-25T00:16:18.458Z"}
{"level":"info","message":"⌛ Building environment","timeElapsed":121,"timestamp":"2024-08-25T00:16:18.580Z"}
{"level":"info","message":"⌛ Building environment","timeElapsed":119,"timestamp":"2024-08-25T00:16:18.700Z"}
{"level":"info","message":"⌛ Validating clase1.wlk","timeElapsed":196,"timestamp":"2024-08-25T00:16:18.903Z"}
{"level":"info","message":"⌛ Building environment","timeElapsed":108,"timestamp":"2024-08-25T00:16:19.012Z"}
{"level":"info","message":"⌛ Validating clase1.wlk","timeElapsed":183,"timestamp":"2024-08-25T00:16:19.196Z"}
{"level":"info","message":"⌛ Validating clase1.wlk","timeElapsed":161,"timestamp":"2024-08-25T00:16:19.502Z"}
{"level":"info","message":"⌛ Building environment","timeElapsed":111,"timestamp":"2024-08-25T00:16:19.614Z"}
{"level":"info","message":"⌛ Validating clase1.wlk","timeElapsed":244,"timestamp":"2024-08-25T00:16:19.859Z"}
{"level":"info","message":"⌛ Building environment","timeElapsed":121,"timestamp":"2024-08-25T00:16:19.981Z"}
{"level":"info","message":"⌛ Validating clase1.wlk","timeElapsed":154,"timestamp":"2024-08-25T00:16:20.309Z"}
{"level":"info","message":"⌛ Building environment","timeElapsed":108,"timestamp":"2024-08-25T00:16:20.417Z"}
{"level":"info","message":"⌛ Building environment","timeElapsed":103,"timestamp":"2024-08-25T00:16:20.522Z"}
{"level":"info","message":"⌛ Validating clase1.wlk","timeElapsed":165,"timestamp":"2024-08-25T00:16:20.698Z"}
{"level":"info","message":"⌛ Validating clase1.wlk","timeElapsed":128,"timestamp":"2024-08-25T00:16:20.904Z"}
{"level":"info","message":"⌛ Validating clase1.wlk","timeElapsed":157,"timestamp":"2024-08-25T00:16:21.135Z"}
{"level":"info","message":"⌛ Building environment","timeElapsed":110,"timestamp":"2024-08-25T00:16:21.407Z"}
{"level":"info","message":"⌛ Validating clase1.wlk","timeElapsed":142,"timestamp":"2024-08-25T00:16:21.549Z"}
{"level":"info","message":"⌛ Validating clase1.wlk","timeElapsed":115,"timestamp":"2024-08-25T00:16:21.745Z"}
{"level":"info","message":"⌛ Validating clase1.wlk","timeElapsed":160,"timestamp":"2024-08-25T00:16:21.974Z"}
{"level":"info","message":"⌛ Validating clase1.wlk","timeElapsed":173,"timestamp":"2024-08-25T00:16:22.229Z"}
{"level":"info","message":"⌛ Validating clase1.wlk","timeElapsed":114,"timestamp":"2024-08-25T00:16:22.687Z"}
{"level":"info","message":"⌛ Building environment","timeElapsed":159,"timestamp":"2024-08-25T00:16:22.848Z"}
{"level":"info","message":"⌛ Building environment","timeElapsed":306,"timestamp":"2024-08-25T00:16:23.154Z"}
{"level":"info","message":"⌛ Validating clase1.wlk","timeElapsed":193,"timestamp":"2024-08-25T00:16:23.348Z"}
{"level":"info","message":"⌛ Validating clase1.wlk","timeElapsed":225,"timestamp":"2024-08-25T00:16:23.681Z"}
{"level":"info","message":"⌛ Building environment","timeElapsed":108,"timestamp":"2024-08-25T00:16:23.790Z"}
{"level":"info","message":"⌛ Validating clase1.wlk","timeElapsed":161,"timestamp":"2024-08-25T00:16:23.952Z"}
{"level":"info","message":"⌛ Building environment","timeElapsed":173,"timestamp":"2024-08-25T00:16:24.126Z"}
{"level":"info","message":"⌛ Validating clase1.wlk","timeElapsed":191,"timestamp":"2024-08-25T00:16:24.317Z"}
{"level":"info","message":"⌛ Validating clase1.wlk","timeElapsed":199,"timestamp":"2024-08-25T00:16:24.523Z"}
{"level":"info","message":"⌛ Validating clase1.wlk","timeElapsed":183,"timestamp":"2024-08-25T00:16:24.708Z"}
{"level":"info","message":"⌛ Validating clase1.wlk","timeElapsed":121,"timestamp":"2024-08-25T00:16:24.830Z"}
{"level":"info","message":"⌛ Validating clase1.wlk","timeElapsed":163,"timestamp":"2024-08-25T00:16:24.994Z"}
{"level":"info","message":"⌛ Validating clase1.wlk","timeElapsed":192,"timestamp":"2024-08-25T00:16:25.187Z"}
{"level":"info","message":"⌛ Validating clase1.wlk","timeElapsed":138,"timestamp":"2024-08-25T00:16:25.325Z"}
{"level":"info","message":"⌛ Validating clase1.wlk","timeElapsed":131,"timestamp":"2024-08-25T00:16:25.457Z"}
{"level":"info","message":"⌛ Validating clase1.wlk","timeElapsed":156,"timestamp":"2024-08-25T00:16:25.612Z"}
{"level":"info","message":"⌛ Building environment","timeElapsed":690,"timestamp":"2024-08-25T00:16:26.303Z"}
{"level":"info","message":"⌛ Validating clase1.wlk","timeElapsed":131,"timestamp":"2024-08-25T00:16:26.441Z"}
{"level":"info","message":"⌛ Validating clase1.wlk","timeElapsed":179,"timestamp":"2024-08-25T00:16:26.626Z"}
{"level":"info","message":"⌛ Validating clase1.wlk","timeElapsed":183,"timestamp":"2024-08-25T00:16:26.810Z"}
{"level":"info","message":"⌛ Validating clase1.wlk","timeElapsed":182,"timestamp":"2024-08-25T00:16:26.993Z"}
{"level":"info","message":"⌛ Validating clase1.wlk","timeElapsed":181,"timestamp":"2024-08-25T00:16:27.175Z"}
{"level":"info","message":"⌛ Validating clase1.wlk","timeElapsed":172,"timestamp":"2024-08-25T00:16:27.348Z"}
{"level":"info","message":"⌛ Validating clase1.wlk","timeElapsed":202,"timestamp":"2024-08-25T00:16:27.551Z"}
{"level":"info","message":"⌛ Validating clase1.wlk","timeElapsed":139,"timestamp":"2024-08-25T00:16:27.690Z"}
{"level":"info","message":"⌛ Building environment","timeElapsed":102,"timestamp":"2024-08-25T00:16:27.876Z"}
{"level":"info","message":"⌛ Validating clase1.wlk","timeElapsed":181,"timestamp":"2024-08-25T00:16:28.057Z"}
{"level":"info","message":"⌛ Validating clase1.wlk","timeElapsed":125,"timestamp":"2024-08-25T00:16:28.183Z"}
{"level":"info","message":"⌛ Validating clase1.wlk","timeElapsed":172,"timestamp":"2024-08-25T00:16:28.356Z"}
{"level":"info","message":"⌛ Validating clase1.wlk","timeElapsed":122,"timestamp":"2024-08-25T00:16:28.483Z"}
{"level":"info","message":"⌛ Validating clase1.wlk","timeElapsed":167,"timestamp":"2024-08-25T00:16:28.651Z"}
{"level":"info","message":"⌛ Validating clase1.wlk","timeElapsed":181,"timestamp":"2024-08-25T00:16:28.832Z"}
{"level":"info","message":"⌛ Building environment","timeElapsed":105,"timestamp":"2024-08-25T00:16:28.938Z"}
{"level":"info","message":"⌛ Validating clase1.wlk","timeElapsed":134,"timestamp":"2024-08-25T00:16:29.176Z"}
{"level":"info","message":"⌛ Validating clase1.wlk","timeElapsed":118,"timestamp":"2024-08-25T00:16:29.299Z"}
{"level":"info","message":"⌛ Building environment","timeElapsed":101,"timestamp":"2024-08-25T00:16:29.491Z"}
{"level":"info","message":"⌛ Validating clase1.wlk","timeElapsed":138,"timestamp":"2024-08-25T00:16:29.629Z"}
{"level":"info","message":"⌛ Building environment","timeElapsed":108,"timestamp":"2024-08-25T00:16:29.737Z"}
{"level":"info","message":"⌛ Building environment","timeElapsed":108,"timestamp":"2024-08-25T00:16:30.264Z"}
{"level":"info","message":"⌛ Building environment","timeElapsed":106,"timestamp":"2024-08-25T00:16:30.578Z"}
{"level":"info","message":"⌛ Building environment","timeElapsed":106,"timestamp":"2024-08-25T00:16:30.684Z"}
{"level":"info","message":"⌛ Validating clase1.wlk","timeElapsed":154,"timestamp":"2024-08-25T00:16:31.015Z"}
{"level":"info","message":"⌛ Building environment","timeElapsed":111,"timestamp":"2024-08-25T00:16:31.127Z"}
{"level":"info","message":"⌛ Building environment","timeElapsed":126,"timestamp":"2024-08-25T00:16:31.361Z"}
{"level":"info","message":"⌛ Building environment","timeElapsed":106,"timestamp":"2024-08-25T00:16:31.552Z"}
{"level":"info","message":"⌛ Validating clase1.wlk","timeElapsed":146,"timestamp":"2024-08-25T00:16:31.816Z"}
{"level":"info","message":"⌛ Building environment","timeElapsed":106,"timestamp":"2024-08-25T00:16:31.923Z"}
{"level":"info","message":"⌛ Validating clase1.wlk","timeElapsed":162,"timestamp":"2024-08-25T00:16:32.101Z"}
{"level":"info","message":"⌛ Building environment","timeElapsed":141,"timestamp":"2024-08-25T00:16:32.244Z"}
{"level":"info","message":"⌛ Validating clase1.wlk","timeElapsed":180,"timestamp":"2024-08-25T00:16:32.622Z"}
{"level":"info","message":"⌛ Building environment","timeElapsed":163,"timestamp":"2024-08-25T00:16:32.786Z"}
{"level":"info","message":"⌛ Validating clase1.wlk","timeElapsed":148,"timestamp":"2024-08-25T00:16:32.936Z"}
{"level":"info","message":"⌛ Validating clase1.wlk","timeElapsed":159,"timestamp":"2024-08-25T00:16:33.099Z"}
{"level":"info","message":"⌛ Validating clase1.wlk","timeElapsed":141,"timestamp":"2024-08-25T00:16:33.240Z"}
{"level":"info","message":"⌛ Building environment","timeElapsed":163,"timestamp":"2024-08-25T00:16:33.404Z"}
{"level":"info","message":"⌛ Validating clase1.wlk","timeElapsed":185,"timestamp":"2024-08-25T00:16:33.590Z"}
{"level":"info","message":"⌛ Validating clase1.wlk","timeElapsed":182,"timestamp":"2024-08-25T00:16:33.778Z"}
{"level":"info","message":"⌛ Validating clase1.wlk","timeElapsed":188,"timestamp":"2024-08-25T00:16:33.967Z"}
{"level":"info","message":"⌛ Building environment","timeElapsed":101,"timestamp":"2024-08-25T00:16:34.069Z"}
{"level":"info","message":"⌛ Validating clase1.wlk","timeElapsed":183,"timestamp":"2024-08-25T00:16:34.252Z"}
{"level":"info","message":"⌛ Validating clase1.wlk","timeElapsed":180,"timestamp":"2024-08-25T00:16:34.432Z"}
{"level":"info","message":"⌛ Validating clase1.wlk","timeElapsed":188,"timestamp":"2024-08-25T00:16:34.621Z"}
{"level":"info","message":"⌛ Validating clase1.wlk","timeElapsed":182,"timestamp":"2024-08-25T00:16:34.811Z"}
{"level":"info","message":"⌛ Validating clase1.wlk","timeElapsed":187,"timestamp":"2024-08-25T00:16:34.998Z"}
{"level":"info","message":"⌛ Validating clase1.wlk","timeElapsed":148,"timestamp":"2024-08-25T00:16:35.147Z"}
{"level":"info","message":"⌛ Validating clase1.wlk","timeElapsed":118,"timestamp":"2024-08-25T00:16:35.265Z"}
{"level":"info","message":"⌛ Validating clase1.wlk","timeElapsed":131,"timestamp":"2024-08-25T00:16:35.397Z"}
{"level":"info","message":"⌛ Validating clase1.wlk","timeElapsed":124,"timestamp":"2024-08-25T00:16:35.521Z"}
{"level":"info","message":"⌛ Building environment","timeElapsed":112,"timestamp":"2024-08-25T00:16:35.634Z"}
{"level":"info","message":"⌛ Validating clase1.wlk","timeElapsed":179,"timestamp":"2024-08-25T00:16:35.814Z"}
{"level":"info","message":"⌛ Building environment","timeElapsed":137,"timestamp":"2024-08-25T00:16:35.952Z"}
{"level":"info","message":"⌛ Validating clase1.wlk","timeElapsed":173,"timestamp":"2024-08-25T00:16:36.133Z"}
{"level":"info","message":"⌛ Validating clase1.wlk","timeElapsed":201,"timestamp":"2024-08-25T00:16:36.335Z"}
{"level":"info","message":"⌛ Validating clase1.wlk","timeElapsed":153,"timestamp":"2024-08-25T00:16:36.596Z"}
{"level":"info","message":"⌛ Validating clase1.wlk","timeElapsed":170,"timestamp":"2024-08-25T00:16:36.766Z"}
{"level":"info","message":"⌛ Building environment","timeElapsed":104,"timestamp":"2024-08-25T00:16:36.871Z"}
{"level":"info","message":"⌛ Validating clase1.wlk","timeElapsed":190,"timestamp":"2024-08-25T00:16:37.071Z"}
{"level":"info","message":"⌛ Validating clase1.wlk","timeElapsed":223,"timestamp":"2024-08-25T00:16:37.295Z"}
{"level":"info","message":"⌛ Building environment","timeElapsed":109,"timestamp":"2024-08-25T00:16:37.405Z"}
{"level":"info","message":"⌛ Validating clase1.wlk","timeElapsed":180,"timestamp":"2024-08-25T00:16:37.586Z"}
{"level":"info","message":"⌛ Validating clase1.wlk","timeElapsed":171,"timestamp":"2024-08-25T00:16:37.762Z"}
{"level":"info","message":"⌛ Validating clase1.wlk","timeElapsed":154,"timestamp":"2024-08-25T00:16:37.916Z"}
{"level":"info","message":"⌛ Validating clase1.wlk","timeElapsed":116,"timestamp":"2024-08-25T00:16:38.033Z"}
{"level":"info","message":"⌛ Validating clase1.wlk","timeElapsed":184,"timestamp":"2024-08-25T00:16:38.307Z"}
{"level":"info","message":"⌛ Building environment","timeElapsed":131,"timestamp":"2024-08-25T00:16:38.438Z"}
{"level":"info","message":"⌛ Building environment","timeElapsed":183,"timestamp":"2024-08-25T00:16:38.621Z"}
{"level":"info","message":"⌛ Validating clase1.wlk","timeElapsed":189,"timestamp":"2024-08-25T00:16:38.891Z"}
{"level":"info","message":"⌛ Building environment","timeElapsed":205,"timestamp":"2024-08-25T00:16:39.102Z"}
{"level":"info","message":"⌛ Validating clase1.wlk","timeElapsed":176,"timestamp":"2024-08-25T00:16:39.397Z"}
{"level":"info","message":"⌛ Building environment","timeElapsed":105,"timestamp":"2024-08-25T00:16:39.503Z"}
{"level":"info","message":"⌛ Building environment","timeElapsed":127,"timestamp":"2024-08-25T00:16:39.714Z"}
{"level":"info","message":"⌛ Building environment","timeElapsed":143,"timestamp":"2024-08-25T00:16:39.875Z"}
{"level":"info","message":"⌛ Building environment","timeElapsed":101,"timestamp":"2024-08-25T00:16:40.407Z"}
{"level":"info","message":"⌛ Building environment","timeElapsed":102,"timestamp":"2024-08-25T00:16:40.510Z"}
{"level":"info","message":"⌛ Validating clase1.wlk","timeElapsed":171,"timestamp":"2024-08-25T00:16:40.790Z"}
{"level":"info","message":"⌛ Building environment","timeElapsed":106,"timestamp":"2024-08-25T00:16:40.896Z"}
{"level":"info","message":"⌛ Validating clase1.wlk","timeElapsed":199,"timestamp":"2024-08-25T00:16:41.096Z"}
{"level":"info","message":"⌛ Building environment","timeElapsed":149,"timestamp":"2024-08-25T00:16:41.331Z"}
{"level":"info","message":"⌛ Validating clase1.wlk","timeElapsed":128,"timestamp":"2024-08-25T00:16:41.461Z"}
{"level":"info","message":"⌛ Validating clase1.wlk","timeElapsed":176,"timestamp":"2024-08-25T00:16:41.742Z"}
{"level":"info","message":"⌛ Building environment","timeElapsed":112,"timestamp":"2024-08-25T00:16:41.952Z"}
{"level":"info","message":"⌛ Building environment","timeElapsed":113,"timestamp":"2024-08-25T00:16:42.066Z"}
{"level":"info","message":"⌛ Validating clase1.wlk","timeElapsed":192,"timestamp":"2024-08-25T00:16:42.356Z"}
{"level":"info","message":"⌛ Building environment","timeElapsed":135,"timestamp":"2024-08-25T00:16:42.500Z"}
{"level":"info","message":"⌛ Validating clase1.wlk","timeElapsed":151,"timestamp":"2024-08-25T00:16:42.842Z"}
{"level":"info","message":"⌛ Building environment","timeElapsed":112,"timestamp":"2024-08-25T00:16:42.955Z"}
{"level":"info","message":"⌛ Building environment","timeElapsed":107,"timestamp":"2024-08-25T00:16:43.063Z"}
{"level":"info","message":"⌛ Validating clase1.wlk","timeElapsed":185,"timestamp":"2024-08-25T00:16:43.248Z"}
{"level":"info","message":"⌛ Building environment","timeElapsed":158,"timestamp":"2024-08-25T00:16:43.408Z"}
{"level":"info","message":"⌛ Building environment","timeElapsed":117,"timestamp":"2024-08-25T00:16:43.535Z"}
{"level":"info","message":"⌛ Validating clase1.wlk","timeElapsed":193,"timestamp":"2024-08-25T00:16:43.729Z"}
{"level":"info","message":"⌛ Validating clase1.wlk","timeElapsed":256,"timestamp":"2024-08-25T00:16:43.985Z"}
{"level":"info","message":"⌛ Building environment","timeElapsed":107,"timestamp":"2024-08-25T00:16:44.093Z"}
{"level":"info","message":"⌛ Building environment","timeElapsed":124,"timestamp":"2024-08-25T00:16:44.404Z"}
{"level":"info","message":"⌛ Validating clase1.wlk","timeElapsed":181,"timestamp":"2024-08-25T00:16:44.585Z"}
{"level":"info","message":"⌛ Validating clase1.wlk","timeElapsed":177,"timestamp":"2024-08-25T00:16:44.763Z"}
{"level":"info","message":"⌛ Validating clase1.wlk","timeElapsed":241,"timestamp":"2024-08-25T00:16:45.014Z"}
{"level":"info","message":"⌛ Validating clase1.wlk","timeElapsed":174,"timestamp":"2024-08-25T00:16:45.195Z"}
{"level":"info","message":"⌛ Validating clase1.wlk","timeElapsed":134,"timestamp":"2024-08-25T00:16:45.329Z"}
{"level":"info","message":"⌛ Validating clase1.wlk","timeElapsed":159,"timestamp":"2024-08-25T00:16:45.489Z"}
{"level":"info","message":"⌛ Validating clase1.wlk","timeElapsed":184,"timestamp":"2024-08-25T00:16:45.674Z"}
{"level":"info","message":"⌛ Validating clase1.wlk","timeElapsed":186,"timestamp":"2024-08-25T00:16:45.860Z"}
{"level":"info","message":"⌛ Validating clase1.wlk","timeElapsed":182,"timestamp":"2024-08-25T00:16:46.043Z"}
{"level":"info","message":"⌛ Validating clase1.wlk","timeElapsed":148,"timestamp":"2024-08-25T00:16:46.191Z"}
{"level":"info","message":"⌛ Validating clase1.wlk","timeElapsed":154,"timestamp":"2024-08-25T00:16:46.345Z"}
{"level":"info","message":"⌛ Validating clase1.wlk","timeElapsed":117,"timestamp":"2024-08-25T00:16:46.463Z"}
{"level":"info","message":"⌛ Validating clase1.wlk","timeElapsed":158,"timestamp":"2024-08-25T00:16:46.620Z"}
{"level":"info","message":"⌛ Validating clase1.wlk","timeElapsed":168,"timestamp":"2024-08-25T00:16:46.789Z"}
{"level":"info","message":"⌛ Validating clase1.wlk","timeElapsed":176,"timestamp":"2024-08-25T00:16:46.965Z"}
{"level":"info","message":"⌛ Building environment","timeElapsed":101,"timestamp":"2024-08-25T00:16:47.067Z"}
{"level":"info","message":"⌛ Validating clase1.wlk","timeElapsed":180,"timestamp":"2024-08-25T00:16:47.255Z"}
{"level":"info","message":"⌛ Validating clase1.wlk","timeElapsed":145,"timestamp":"2024-08-25T00:16:47.406Z"}
{"level":"info","message":"⌛ Validating clase1.wlk","timeElapsed":167,"timestamp":"2024-08-25T00:16:47.573Z"}
{"level":"info","message":"⌛ Validating clase1.wlk","timeElapsed":146,"timestamp":"2024-08-25T00:16:47.720Z"}
{"level":"info","message":"⌛ Validating clase1.wlk","timeElapsed":138,"timestamp":"2024-08-25T00:16:47.859Z"}
{"level":"info","message":"⌛ Validating clase1.wlk","timeElapsed":165,"timestamp":"2024-08-25T00:16:48.024Z"}
{"level":"info","message":"⌛ Validating clase1.wlk","timeElapsed":149,"timestamp":"2024-08-25T00:16:48.173Z"}
{"level":"info","message":"⌛ Building environment","timeElapsed":114,"timestamp":"2024-08-25T00:16:48.288Z"}
{"level":"info","message":"⌛ Validating clase1.wlk","timeElapsed":130,"timestamp":"2024-08-25T00:16:48.513Z"}
{"level":"info","message":"⌛ Validating clase1.wlk","timeElapsed":192,"timestamp":"2024-08-25T00:16:48.705Z"}
{"level":"info","message":"⌛ Validating clase1.wlk","timeElapsed":184,"timestamp":"2024-08-25T00:16:48.896Z"}
{"level":"info","message":"⌛ Building environment","timeElapsed":167,"timestamp":"2024-08-25T00:16:49.063Z"}
{"level":"info","message":"⌛ Validating clase1.wlk","timeElapsed":169,"timestamp":"2024-08-25T00:16:49.243Z"}
{"level":"info","message":"⌛ Validating clase1.wlk","timeElapsed":156,"timestamp":"2024-08-25T00:16:49.400Z"}
{"level":"info","message":"⌛ Building environment","timeElapsed":116,"timestamp":"2024-08-25T00:16:49.519Z"}
{"level":"info","message":"⌛ Validating clase1.wlk","timeElapsed":218,"timestamp":"2024-08-25T00:16:49.738Z"}
{"level":"info","message":"⌛ Building environment","timeElapsed":164,"timestamp":"2024-08-25T00:16:49.903Z"}
{"level":"info","message":"⌛ Validating clase1.wlk","timeElapsed":237,"timestamp":"2024-08-25T00:16:50.140Z"}
{"level":"info","message":"⌛ Building environment","timeElapsed":102,"timestamp":"2024-08-25T00:16:50.248Z"}
{"level":"info","message":"⌛ Validating clase1.wlk","timeElapsed":197,"timestamp":"2024-08-25T00:16:50.463Z"}
{"level":"info","message":"⌛ Validating clase1.wlk","timeElapsed":180,"timestamp":"2024-08-25T00:16:50.645Z"}
{"level":"info","message":"⌛ Validating clase1.wlk","timeElapsed":302,"timestamp":"2024-08-25T00:16:51.030Z"}
{"level":"info","message":"⌛ Building environment","timeElapsed":150,"timestamp":"2024-08-25T00:16:51.180Z"}
{"level":"info","message":"⌛ Validating clase1.wlk","timeElapsed":196,"timestamp":"2024-08-25T00:16:51.376Z"}
{"level":"info","message":"⌛ Building environment","timeElapsed":114,"timestamp":"2024-08-25T00:16:51.504Z"}
{"level":"info","message":"⌛ Building environment","timeElapsed":106,"timestamp":"2024-08-25T00:16:51.617Z"}
{"level":"info","message":"⌛ Building environment","timeElapsed":121,"timestamp":"2024-08-25T00:16:51.837Z"}
{"level":"info","message":"⌛ Building environment","timeElapsed":113,"timestamp":"2024-08-25T00:16:52.226Z"}
{"level":"info","message":"⌛ Validating clase1.wlk","timeElapsed":150,"timestamp":"2024-08-25T00:16:52.383Z"}
{"level":"info","message":"⌛ Building environment","timeElapsed":120,"timestamp":"2024-08-25T00:16:52.601Z"}
{"level":"info","message":"⌛ Building environment","timeElapsed":125,"timestamp":"2024-08-25T00:16:52.728Z"}
{"level":"info","message":"⌛ Validating clase1.wlk","timeElapsed":209,"timestamp":"2024-08-25T00:16:52.937Z"}
{"level":"info","message":"⌛ Building environment","timeElapsed":117,"timestamp":"2024-08-25T00:16:53.056Z"}
{"level":"info","message":"⌛ Validating clase1.wlk","timeElapsed":290,"timestamp":"2024-08-25T00:16:53.355Z"}
{"level":"info","message":"⌛ Building environment","timeElapsed":127,"timestamp":"2024-08-25T00:16:53.485Z"}
{"level":"info","message":"⌛ Building environment","timeElapsed":189,"timestamp":"2024-08-25T00:16:53.674Z"}
{"level":"info","message":"⌛ Building environment","timeElapsed":117,"timestamp":"2024-08-25T00:16:53.893Z"}
{"level":"info","message":"⌛ Building environment","timeElapsed":126,"timestamp":"2024-08-25T00:16:54.019Z"}
{"level":"info","message":"⌛ Validating clase1.wlk","timeElapsed":202,"timestamp":"2024-08-25T00:16:54.223Z"}
{"level":"info","message":"⌛ Building environment","timeElapsed":113,"timestamp":"2024-08-25T00:16:54.343Z"}
{"level":"info","message":"⌛ Building environment","timeElapsed":115,"timestamp":"2024-08-25T00:16:54.470Z"}
{"level":"info","message":"⌛ Validating clase1.wlk","timeElapsed":178,"timestamp":"2024-08-25T00:16:54.739Z"}
{"level":"info","message":"⌛ Building environment","timeElapsed":107,"timestamp":"2024-08-25T00:16:54.847Z"}
{"level":"info","message":"⌛ Building environment","timeElapsed":109,"timestamp":"2024-08-25T00:16:54.968Z"}
{"level":"info","message":"⌛ Building environment","timeElapsed":110,"timestamp":"2024-08-25T00:16:55.079Z"}
{"level":"info","message":"⌛ Validating clase1.wlk","timeElapsed":146,"timestamp":"2024-08-25T00:16:55.225Z"}
{"level":"info","message":"⌛ Building environment","timeElapsed":249,"timestamp":"2024-08-25T00:16:55.476Z"}
{"level":"info","message":"⌛ Building environment","timeElapsed":132,"timestamp":"2024-08-25T00:16:55.620Z"}
{"level":"info","message":"⌛ Validating clase1.wlk","timeElapsed":179,"timestamp":"2024-08-25T00:16:55.800Z"}
{"level":"info","message":"⌛ Building environment","timeElapsed":102,"timestamp":"2024-08-25T00:16:55.909Z"}
{"level":"info","message":"⌛ Building environment","timeElapsed":224,"timestamp":"2024-08-25T00:16:56.236Z"}
{"level":"info","message":"⌛ Validating clase1.wlk","timeElapsed":182,"timestamp":"2024-08-25T00:16:56.420Z"}
{"level":"info","message":"⌛ Building environment","timeElapsed":105,"timestamp":"2024-08-25T00:16:56.525Z"}
{"level":"info","message":"⌛ Building environment","timeElapsed":121,"timestamp":"2024-08-25T00:16:56.646Z"}
{"level":"info","message":"⌛ Validating clase1.wlk","timeElapsed":165,"timestamp":"2024-08-25T00:16:56.827Z"}
{"level":"info","message":"⌛ Validating clase1.wlk","timeElapsed":159,"timestamp":"2024-08-25T00:16:57.168Z"}
{"level":"info","message":"⌛ Validating clase1.wlk","timeElapsed":115,"timestamp":"2024-08-25T00:16:57.283Z"}
{"level":"info","message":"⌛ Building environment","timeElapsed":102,"timestamp":"2024-08-25T00:16:57.386Z"}
{"level":"info","message":"⌛ Validating clase1.wlk","timeElapsed":174,"timestamp":"2024-08-25T00:16:57.572Z"}
{"level":"info","message":"⌛ Building environment","timeElapsed":108,"timestamp":"2024-08-25T00:16:57.681Z"}
{"level":"info","message":"⌛ Validating clase1.wlk","timeElapsed":124,"timestamp":"2024-08-25T00:16:57.806Z"}
{"level":"info","message":"⌛ Building environment","timeElapsed":108,"timestamp":"2024-08-25T00:16:57.914Z"}
{"level":"info","message":"⌛ Validating clase1.wlk","timeElapsed":170,"timestamp":"2024-08-25T00:16:58.084Z"}
{"level":"info","message":"⌛ Building environment","timeElapsed":107,"timestamp":"2024-08-25T00:16:58.193Z"}
{"level":"info","message":"⌛ Validating clase1.wlk","timeElapsed":171,"timestamp":"2024-08-25T00:16:58.365Z"}
{"level":"info","message":"⌛ Validating clase1.wlk","timeElapsed":157,"timestamp":"2024-08-25T00:16:58.522Z"}
{"level":"info","message":"⌛ Building environment","timeElapsed":144,"timestamp":"2024-08-25T00:16:58.667Z"}
{"level":"info","message":"⌛ Validating clase1.wlk","timeElapsed":254,"timestamp":"2024-08-25T00:16:58.921Z"}
{"level":"info","message":"⌛ Building environment","timeElapsed":118,"timestamp":"2024-08-25T00:16:59.140Z"}
{"level":"info","message":"⌛ Validating clase1.wlk","timeElapsed":180,"timestamp":"2024-08-25T00:16:59.321Z"}
{"level":"info","message":"⌛ Building environment","timeElapsed":122,"timestamp":"2024-08-25T00:16:59.444Z"}
{"level":"info","message":"⌛ Validating clase1.wlk","timeElapsed":190,"timestamp":"2024-08-25T00:16:59.634Z"}
{"level":"info","message":"⌛ Validating clase1.wlk","timeElapsed":166,"timestamp":"2024-08-25T00:16:59.902Z"}
{"level":"info","message":"⌛ Building environment","timeElapsed":123,"timestamp":"2024-08-25T00:17:00.105Z"}
{"level":"info","message":"⌛ Validating clase1.wlk","timeElapsed":187,"timestamp":"2024-08-25T00:17:00.292Z"}
{"level":"info","message":"⌛ Building environment","timeElapsed":176,"timestamp":"2024-08-25T00:17:00.469Z"}
{"level":"info","message":"⌛ Building environment","timeElapsed":159,"timestamp":"2024-08-25T00:17:00.629Z"}
{"level":"info","message":"⌛ Validating clase1.wlk","timeElapsed":292,"timestamp":"2024-08-25T00:17:00.928Z"}
{"level":"info","message":"⌛ Building environment","timeElapsed":208,"timestamp":"2024-08-25T00:17:01.138Z"}
{"level":"info","message":"⌛ Building environment","timeElapsed":855,"timestamp":"2024-08-25T00:17:01.998Z"}
{"level":"info","message":"⌛ Validating clase1.wlk","timeElapsed":142,"timestamp":"2024-08-25T00:17:02.146Z"}
{"level":"info","message":"⌛ Validating clase1.wlk","timeElapsed":267,"timestamp":"2024-08-25T00:17:02.413Z"}
{"level":"info","message":"⌛ Building environment","timeElapsed":154,"timestamp":"2024-08-25T00:17:02.568Z"}
{"level":"info","message":"⌛ Validating clase1.wlk","timeElapsed":206,"timestamp":"2024-08-25T00:17:02.774Z"}
{"level":"info","message":"⌛ Validating clase1.wlk","timeElapsed":192,"timestamp":"2024-08-25T00:17:03.041Z"}
{"level":"info","message":"⌛ Validating clase1.wlk","timeElapsed":196,"timestamp":"2024-08-25T00:17:03.507Z"}
{"level":"info","message":"⌛ Building environment","timeElapsed":210,"timestamp":"2024-08-25T00:17:03.720Z"}
{"level":"info","message":"⌛ Validating clase1.wlk","timeElapsed":313,"timestamp":"2024-08-25T00:17:04.033Z"}
{"level":"info","message":"⌛ Building environment","timeElapsed":198,"timestamp":"2024-08-25T00:17:04.232Z"}
{"level":"info","message":"⌛ Validating clase1.wlk","timeElapsed":353,"timestamp":"2024-08-25T00:17:04.587Z"}
{"level":"info","message":"⌛ Building environment","timeElapsed":137,"timestamp":"2024-08-25T00:17:04.724Z"}
{"level":"info","message":"⌛ Building environment","timeElapsed":111,"timestamp":"2024-08-25T00:17:04.842Z"}
{"level":"info","message":"⌛ Validating clase1.wlk","timeElapsed":195,"timestamp":"2024-08-25T00:17:05.037Z"}
{"level":"info","message":"⌛ Validating clase1.wlk","timeElapsed":196,"timestamp":"2024-08-25T00:17:05.234Z"}
{"level":"info","message":"⌛ Validating clase1.wlk","timeElapsed":236,"timestamp":"2024-08-25T00:17:05.478Z"}
{"level":"info","message":"⌛ Building environment","timeElapsed":187,"timestamp":"2024-08-25T00:17:05.666Z"}
{"level":"info","message":"⌛ Validating clase1.wlk","timeElapsed":305,"timestamp":"2024-08-25T00:17:05.995Z"}
{"level":"info","message":"⌛ Validating clase1.wlk","timeElapsed":211,"timestamp":"2024-08-25T00:17:06.207Z"}
{"level":"info","message":"⌛ Validating clase1.wlk","timeElapsed":237,"timestamp":"2024-08-25T00:17:06.453Z"}
{"level":"info","message":"⌛ Validating clase1.wlk","timeElapsed":302,"timestamp":"2024-08-25T00:17:06.756Z"}
{"level":"info","message":"⌛ Building environment","timeElapsed":188,"timestamp":"2024-08-25T00:17:06.945Z"}
{"level":"info","message":"⌛ Validating clase1.wlk","timeElapsed":175,"timestamp":"2024-08-25T00:17:07.120Z"}
{"level":"info","message":"⌛ Validating clase1.wlk","timeElapsed":205,"timestamp":"2024-08-25T00:17:07.422Z"}
{"level":"info","message":"⌛ Validating clase1.wlk","timeElapsed":189,"timestamp":"2024-08-25T00:17:07.613Z"}
{"level":"info","message":"⌛ Validating clase1.wlk","timeElapsed":169,"timestamp":"2024-08-25T00:17:07.782Z"}
{"level":"info","message":"⌛ Validating clase1.wlk","timeElapsed":169,"timestamp":"2024-08-25T00:17:07.951Z"}
{"level":"info","message":"⌛ Validating clase1.wlk","timeElapsed":373,"timestamp":"2024-08-25T00:17:08.325Z"}
{"level":"info","message":"⌛ Validating clase1.wlk","timeElapsed":390,"timestamp":"2024-08-25T00:17:08.716Z"}
{"level":"info","message":"⌛ Validating clase1.wlk","timeElapsed":395,"timestamp":"2024-08-25T00:17:09.111Z"}
{"level":"info","message":"⌛ Validating clase1.wlk","timeElapsed":381,"timestamp":"2024-08-25T00:17:09.494Z"}
{"level":"info","message":"⌛ Validating clase1.wlk","timeElapsed":391,"timestamp":"2024-08-25T00:17:09.886Z"}
{"level":"info","message":"⌛ Validating clase1.wlk","timeElapsed":391,"timestamp":"2024-08-25T00:17:10.278Z"}
{"level":"info","message":"⌛ Validating clase1.wlk","timeElapsed":383,"timestamp":"2024-08-25T00:17:10.665Z"}
{"level":"info","message":"⌛ Building environment","timeElapsed":224,"timestamp":"2024-08-25T00:17:10.892Z"}
{"level":"info","message":"⌛ Validating clase1.wlk","timeElapsed":401,"timestamp":"2024-08-25T00:17:11.295Z"}
{"level":"info","message":"⌛ Building environment","timeElapsed":221,"timestamp":"2024-08-25T00:17:11.516Z"}
{"level":"info","message":"⌛ Validating clase1.wlk","timeElapsed":351,"timestamp":"2024-08-25T00:17:11.868Z"}
{"level":"info","message":"⌛ Validating clase1.wlk","timeElapsed":290,"timestamp":"2024-08-25T00:17:12.168Z"}
{"level":"info","message":"⌛ Validating clase1.wlk","timeElapsed":179,"timestamp":"2024-08-25T00:17:12.349Z"}
{"level":"info","message":"⌛ Validating clase1.wlk","timeElapsed":130,"timestamp":"2024-08-25T00:17:12.479Z"}
{"level":"info","message":"⌛ Validating clase1.wlk","timeElapsed":108,"timestamp":"2024-08-25T00:17:12.587Z"}
{"level":"info","message":"⌛ Validating clase1.wlk","timeElapsed":138,"timestamp":"2024-08-25T00:17:12.726Z"}
{"level":"info","message":"⌛ Validating clase1.wlk","timeElapsed":188,"timestamp":"2024-08-25T00:17:12.915Z"}
{"level":"info","message":"⌛ Building environment","timeElapsed":130,"timestamp":"2024-08-25T00:17:13.046Z"}
{"level":"info","message":"⌛ Validating clase1.wlk","timeElapsed":151,"timestamp":"2024-08-25T00:17:13.206Z"}
{"level":"info","message":"⌛ Validating clase1.wlk","timeElapsed":222,"timestamp":"2024-08-25T00:17:13.428Z"}
{"level":"info","message":"⌛ Validating clase1.wlk","timeElapsed":291,"timestamp":"2024-08-25T00:17:13.719Z"}
{"level":"info","message":"⌛ Validating clase1.wlk","timeElapsed":343,"timestamp":"2024-08-25T00:17:14.067Z"}
{"level":"info","message":"⌛ Validating clase1.wlk","timeElapsed":345,"timestamp":"2024-08-25T00:17:14.412Z"}
{"level":"info","message":"⌛ Validating clase1.wlk","timeElapsed":334,"timestamp":"2024-08-25T00:17:14.749Z"}
{"level":"info","message":"⌛ Validating clase1.wlk","timeElapsed":280,"timestamp":"2024-08-25T00:17:15.030Z"}
{"level":"info","message":"⌛ Validating clase1.wlk","timeElapsed":221,"timestamp":"2024-08-25T00:17:15.251Z"}
{"level":"info","message":"⌛ Validating clase1.wlk","timeElapsed":328,"timestamp":"2024-08-25T00:17:15.580Z"}
{"level":"info","message":"⌛ Validating clase1.wlk","timeElapsed":237,"timestamp":"2024-08-25T00:17:15.817Z"}
{"level":"info","message":"⌛ Validating clase1.wlk","timeElapsed":269,"timestamp":"2024-08-25T00:17:16.086Z"}
{"level":"info","message":"⌛ Validating clase1.wlk","timeElapsed":315,"timestamp":"2024-08-25T00:17:16.403Z"}
{"level":"info","message":"⌛ Validating clase1.wlk","timeElapsed":173,"timestamp":"2024-08-25T00:17:16.576Z"}
{"level":"info","message":"⌛ Validating clase1.wlk","timeElapsed":106,"timestamp":"2024-08-25T00:17:16.683Z"}
{"level":"info","message":"⌛ Validating clase1.wlk","timeElapsed":114,"timestamp":"2024-08-25T00:17:16.798Z"}
{"level":"info","message":"⌛ Building environment","timeElapsed":203,"timestamp":"2024-08-25T00:17:17.840Z"}
{"level":"info","message":"⌛ Validating clase1.wlk","timeElapsed":214,"timestamp":"2024-08-25T00:17:18.066Z"}
{"level":"info","message":"⌛ Building environment","timeElapsed":277,"timestamp":"2024-08-25T00:17:30.746Z"}
{"level":"info","message":"⌛ Building environment","timeElapsed":260,"timestamp":"2024-08-25T00:17:31.014Z"}
{"level":"info","message":"⌛ Validating clase1.wlk","timeElapsed":228,"timestamp":"2024-08-25T00:17:31.244Z"}
{"level":"info","message":"⌛ Building environment","timeElapsed":108,"timestamp":"2024-08-25T00:17:31.353Z"}
{"level":"info","message":"⌛ Validating clase1.wlk","timeElapsed":213,"timestamp":"2024-08-25T00:17:31.567Z"}
{"level":"info","message":"⌛ Validating clase1.wlk","timeElapsed":199,"timestamp":"2024-08-25T00:17:31.776Z"}
{"level":"info","message":"⌛ Building environment","timeElapsed":121,"timestamp":"2024-08-25T00:17:31.898Z"}
{"level":"info","message":"⌛ Building environment","timeElapsed":115,"timestamp":"2024-08-25T00:17:32.014Z"}
{"level":"info","message":"⌛ Building environment","timeElapsed":120,"timestamp":"2024-08-25T00:17:32.135Z"}
{"level":"info","message":"⌛ Validating clase1.wlk","timeElapsed":213,"timestamp":"2024-08-25T00:17:32.356Z"}
{"level":"info","message":"⌛ Validating clase1.wlk","timeElapsed":229,"timestamp":"2024-08-25T00:17:32.586Z"}
{"level":"info","message":"⌛ Validating clase1.wlk","timeElapsed":211,"timestamp":"2024-08-25T00:17:32.806Z"}
{"level":"info","message":"⌛ Building environment","timeElapsed":137,"timestamp":"2024-08-25T00:17:32.943Z"}
{"level":"info","message":"⌛ Building environment","timeElapsed":113,"timestamp":"2024-08-25T00:17:33.064Z"}
{"level":"info","message":"⌛ Building environment","timeElapsed":136,"timestamp":"2024-08-25T00:17:33.209Z"}
{"level":"info","message":"⌛ Building environment","timeElapsed":127,"timestamp":"2024-08-25T00:17:33.337Z"}
{"level":"info","message":"⌛ Building environment","timeElapsed":141,"timestamp":"2024-08-25T00:17:33.478Z"}
{"level":"info","message":"⌛ Building environment","timeElapsed":117,"timestamp":"2024-08-25T00:17:33.602Z"}
{"level":"info","message":"⌛ Validating clase1.wlk","timeElapsed":209,"timestamp":"2024-08-25T00:17:33.812Z"}
{"level":"info","message":"⌛ Validating clase1.wlk","timeElapsed":191,"timestamp":"2024-08-25T00:17:34.004Z"}
{"level":"info","message":"⌛ Building environment","timeElapsed":126,"timestamp":"2024-08-25T00:17:34.130Z"}
{"level":"info","message":"⌛ Validating clase1.wlk","timeElapsed":207,"timestamp":"2024-08-25T00:17:34.338Z"}
{"level":"info","message":"⌛ Validating clase1.wlk","timeElapsed":195,"timestamp":"2024-08-25T00:17:34.534Z"}
{"level":"info","message":"⌛ Building environment","timeElapsed":121,"timestamp":"2024-08-25T00:17:34.658Z"}
{"level":"info","message":"⌛ Building environment","timeElapsed":115,"timestamp":"2024-08-25T00:17:34.773Z"}
{"level":"info","message":"⌛ Validating clase1.wlk","timeElapsed":179,"timestamp":"2024-08-25T00:17:34.953Z"}
{"level":"info","message":"⌛ Validating clase1.wlk","timeElapsed":178,"timestamp":"2024-08-25T00:17:35.132Z"}
{"level":"info","message":"⌛ Building environment","timeElapsed":134,"timestamp":"2024-08-25T00:17:35.274Z"}
{"level":"info","message":"⌛ Building environment","timeElapsed":117,"timestamp":"2024-08-25T00:17:35.413Z"}
{"level":"info","message":"⌛ Validating clase1.wlk","timeElapsed":192,"timestamp":"2024-08-25T00:17:35.612Z"}
{"level":"info","message":"⌛ Building environment","timeElapsed":116,"timestamp":"2024-08-25T00:17:35.728Z"}
{"level":"info","message":"⌛ Building environment","timeElapsed":698,"timestamp":"2024-08-25T00:17:36.426Z"}
{"level":"info","message":"⌛ Validating clase1.wlk","timeElapsed":141,"timestamp":"2024-08-25T00:17:36.737Z"}
{"level":"info","message":"⌛ Validating clase1.wlk","timeElapsed":206,"timestamp":"2024-08-25T00:17:37.051Z"}
{"level":"info","message":"⌛ Building environment","timeElapsed":265,"timestamp":"2024-08-25T00:17:37.330Z"}
{"level":"info","message":"⌛ Validating clase1.wlk","timeElapsed":240,"timestamp":"2024-08-25T00:17:37.571Z"}
{"level":"info","message":"⌛ Building environment","timeElapsed":217,"timestamp":"2024-08-25T00:17:37.790Z"}
{"level":"info","message":"⌛ Validating clase1.wlk","timeElapsed":222,"timestamp":"2024-08-25T00:17:38.013Z"}
{"level":"info","message":"⌛ Validating clase1.wlk","timeElapsed":182,"timestamp":"2024-08-25T00:17:38.267Z"}
{"level":"info","message":"⌛ Building environment","timeElapsed":108,"timestamp":"2024-08-25T00:17:38.382Z"}
{"level":"info","message":"⌛ Validating clase1.wlk","timeElapsed":181,"timestamp":"2024-08-25T00:17:38.655Z"}
{"level":"info","message":"⌛ Building environment","timeElapsed":105,"timestamp":"2024-08-25T00:17:38.768Z"}
{"level":"info","message":"⌛ Validating clase1.wlk","timeElapsed":147,"timestamp":"2024-08-25T00:17:38.916Z"}
{"level":"info","message":"⌛ Validating clase1.wlk","timeElapsed":164,"timestamp":"2024-08-25T00:17:39.145Z"}
{"level":"info","message":"⌛ Building environment","timeElapsed":127,"timestamp":"2024-08-25T00:17:39.274Z"}
{"level":"info","message":"⌛ Validating clase1.wlk","timeElapsed":145,"timestamp":"2024-08-25T00:17:39.419Z"}
{"level":"info","message":"⌛ Building environment","timeElapsed":105,"timestamp":"2024-08-25T00:17:39.700Z"}
{"level":"info","message":"⌛ Validating clase1.wlk","timeElapsed":178,"timestamp":"2024-08-25T00:17:39.879Z"}
{"level":"info","message":"⌛ Validating clase1.wlk","timeElapsed":159,"timestamp":"2024-08-25T00:17:40.045Z"}
{"level":"info","message":"⌛ Validating clase1.wlk","timeElapsed":174,"timestamp":"2024-08-25T00:17:40.220Z"}
{"level":"info","message":"⌛ Validating clase1.wlk","timeElapsed":189,"timestamp":"2024-08-25T00:17:40.410Z"}
{"level":"info","message":"⌛ Validating clase1.wlk","timeElapsed":208,"timestamp":"2024-08-25T00:17:40.619Z"}
{"level":"info","message":"⌛ Validating clase1.wlk","timeElapsed":183,"timestamp":"2024-08-25T00:17:40.802Z"}
{"level":"info","message":"⌛ Validating clase1.wlk","timeElapsed":150,"timestamp":"2024-08-25T00:17:40.952Z"}
{"level":"info","message":"⌛ Validating clase1.wlk","timeElapsed":148,"timestamp":"2024-08-25T00:17:41.100Z"}
{"level":"info","message":"⌛ Validating clase1.wlk","timeElapsed":190,"timestamp":"2024-08-25T00:17:41.293Z"}
{"level":"info","message":"⌛ Validating clase1.wlk","timeElapsed":118,"timestamp":"2024-08-25T00:17:41.410Z"}
{"level":"info","message":"⌛ Validating clase1.wlk","timeElapsed":169,"timestamp":"2024-08-25T00:17:41.579Z"}
{"level":"info","message":"⌛ Building environment","timeElapsed":271,"timestamp":"2024-08-25T00:17:52.301Z"}
{"level":"info","message":"⌛ Building environment","timeElapsed":275,"timestamp":"2024-08-25T00:17:52.577Z"}
{"level":"info","message":"⌛ Validating clase1.wlk","timeElapsed":444,"timestamp":"2024-08-25T00:17:53.023Z"}
{"level":"info","message":"⌛ Building environment","timeElapsed":170,"timestamp":"2024-08-25T00:17:53.194Z"}
{"level":"info","message":"⌛ Building environment","timeElapsed":193,"timestamp":"2024-08-25T00:17:53.414Z"}
{"level":"info","message":"⌛ Validating clase1.wlk","timeElapsed":460,"timestamp":"2024-08-25T00:17:53.875Z"}
{"level":"info","message":"⌛ Building environment","timeElapsed":271,"timestamp":"2024-08-25T00:17:54.148Z"}
{"level":"info","message":"⌛ Building environment","timeElapsed":251,"timestamp":"2024-08-25T00:17:54.401Z"}
{"level":"info","message":"⌛ Building environment","timeElapsed":231,"timestamp":"2024-08-25T00:17:54.650Z"}
{"level":"info","message":"⌛ Validating clase1.wlk","timeElapsed":280,"timestamp":"2024-08-25T00:17:54.931Z"}
{"level":"info","message":"⌛ Building environment","timeElapsed":118,"timestamp":"2024-08-25T00:17:55.085Z"}
{"level":"info","message":"⌛ Validating clase1.wlk","timeElapsed":143,"timestamp":"2024-08-25T00:17:55.228Z"}
{"level":"info","message":"⌛ Building environment","timeElapsed":114,"timestamp":"2024-08-25T00:17:55.342Z"}
{"level":"info","message":"⌛ Building environment","timeElapsed":304,"timestamp":"2024-08-25T00:17:55.650Z"}
{"level":"info","message":"⌛ Validating clase1.wlk","timeElapsed":204,"timestamp":"2024-08-25T00:17:56.102Z"}
{"level":"info","message":"⌛ Building environment","timeElapsed":134,"timestamp":"2024-08-25T00:17:56.237Z"}
{"level":"info","message":"⌛ Validating clase1.wlk","timeElapsed":260,"timestamp":"2024-08-25T00:17:56.498Z"}
{"level":"info","message":"⌛ Validating clase1.wlk","timeElapsed":240,"timestamp":"2024-08-25T00:17:56.741Z"}
{"level":"info","message":"⌛ Building environment","timeElapsed":132,"timestamp":"2024-08-25T00:17:56.881Z"}
{"level":"info","message":"⌛ Validating clase1.wlk","timeElapsed":244,"timestamp":"2024-08-25T00:17:57.127Z"}
{"level":"info","message":"⌛ Building environment","timeElapsed":186,"timestamp":"2024-08-25T00:17:57.314Z"}
{"level":"info","message":"⌛ Validating clase1.wlk","timeElapsed":203,"timestamp":"2024-08-25T00:17:57.518Z"}
{"level":"info","message":"⌛ Validating clase1.wlk","timeElapsed":164,"timestamp":"2024-08-25T00:17:57.690Z"}
{"level":"info","message":"⌛ Validating clase1.wlk","timeElapsed":226,"timestamp":"2024-08-25T00:17:57.916Z"}
{"level":"info","message":"⌛ Validating clase1.wlk","timeElapsed":160,"timestamp":"2024-08-25T00:17:58.076Z"}
{"level":"info","message":"⌛ Validating clase1.wlk","timeElapsed":173,"timestamp":"2024-08-25T00:17:58.249Z"}
{"level":"info","message":"⌛ Validating clase1.wlk","timeElapsed":159,"timestamp":"2024-08-25T00:17:58.409Z"}
{"level":"info","message":"⌛ Validating clase1.wlk","timeElapsed":170,"timestamp":"2024-08-25T00:17:58.580Z"}
{"level":"info","message":"⌛ Validating clase1.wlk","timeElapsed":199,"timestamp":"2024-08-25T00:17:58.780Z"}
{"level":"info","message":"⌛ Building environment","timeElapsed":214,"timestamp":"2024-08-25T00:18:01.053Z"}
{"level":"info","message":"⌛ Validating clase1.wlk","timeElapsed":200,"timestamp":"2024-08-25T00:18:01.256Z"}
{"level":"info","message":"⌛ Building environment","timeElapsed":232,"timestamp":"2024-08-25T00:18:02.361Z"}
{"level":"info","message":"⌛ Validating clase1.wlk","timeElapsed":422,"timestamp":"2024-08-25T00:18:02.787Z"}
{"level":"info","message":"⌛ Building environment","timeElapsed":220,"timestamp":"2024-08-25T00:18:03.010Z"}
{"level":"info","message":"⌛ Validating clase1.wlk","timeElapsed":331,"timestamp":"2024-08-25T00:18:03.357Z"}
{"level":"info","message":"⌛ Building environment","timeElapsed":222,"timestamp":"2024-08-25T00:18:04.915Z"}
{"level":"info","message":"⌛ Validating clase1.wlk","timeElapsed":281,"timestamp":"2024-08-25T00:18:05.199Z"}
{"level":"info","message":"⌛ Building environment","timeElapsed":109,"timestamp":"2024-08-25T00:18:05.310Z"}
{"level":"info","message":"⌛ Building environment","timeElapsed":117,"timestamp":"2024-08-25T00:18:05.527Z"}
{"level":"info","message":"⌛ Validating clase1.wlk","timeElapsed":197,"timestamp":"2024-08-25T00:18:05.725Z"}
{"level":"info","message":"⌛ Building environment","timeElapsed":113,"timestamp":"2024-08-25T00:18:05.841Z"}
{"level":"info","message":"⌛ Validating clase1.wlk","timeElapsed":193,"timestamp":"2024-08-25T00:18:06.034Z"}
{"level":"info","message":"⌛ Building environment","timeElapsed":127,"timestamp":"2024-08-25T00:18:06.161Z"}
{"level":"info","message":"⌛ Validating clase1.wlk","timeElapsed":199,"timestamp":"2024-08-25T00:18:06.360Z"}
{"level":"info","message":"⌛ Building environment","timeElapsed":112,"timestamp":"2024-08-25T00:18:06.472Z"}
{"level":"info","message":"⌛ Validating clase1.wlk","timeElapsed":144,"timestamp":"2024-08-25T00:18:06.718Z"}
{"level":"info","message":"⌛ Building environment","timeElapsed":212,"timestamp":"2024-08-25T00:18:06.930Z"}
{"level":"info","message":"⌛ Building environment","timeElapsed":121,"timestamp":"2024-08-25T00:18:07.052Z"}
{"level":"info","message":"⌛ Building environment","timeElapsed":127,"timestamp":"2024-08-25T00:18:07.189Z"}
{"level":"info","message":"⌛ Validating clase1.wlk","timeElapsed":216,"timestamp":"2024-08-25T00:18:07.406Z"}
{"level":"info","message":"⌛ Building environment","timeElapsed":159,"timestamp":"2024-08-25T00:18:07.565Z"}
{"level":"info","message":"⌛ Building environment","timeElapsed":156,"timestamp":"2024-08-25T00:18:07.722Z"}
{"level":"info","message":"⌛ Validating clase1.wlk","timeElapsed":314,"timestamp":"2024-08-25T00:18:08.052Z"}
{"level":"info","message":"⌛ Validating clase1.wlk","timeElapsed":258,"timestamp":"2024-08-25T00:18:08.310Z"}
{"level":"info","message":"⌛ Building environment","timeElapsed":155,"timestamp":"2024-08-25T00:18:08.466Z"}
{"level":"info","message":"⌛ Building environment","timeElapsed":123,"timestamp":"2024-08-25T00:18:08.590Z"}
{"level":"info","message":"⌛ Validating clase1.wlk","timeElapsed":181,"timestamp":"2024-08-25T00:18:08.772Z"}
{"level":"info","message":"⌛ Building environment","timeElapsed":202,"timestamp":"2024-08-25T00:18:08.976Z"}
{"level":"info","message":"⌛ Validating clase1.wlk","timeElapsed":198,"timestamp":"2024-08-25T00:18:09.175Z"}
{"level":"info","message":"⌛ Building environment","timeElapsed":141,"timestamp":"2024-08-25T00:18:09.317Z"}
{"level":"info","message":"⌛ Validating clase1.wlk","timeElapsed":167,"timestamp":"2024-08-25T00:18:09.485Z"}
{"level":"info","message":"⌛ Building environment","timeElapsed":110,"timestamp":"2024-08-25T00:18:09.754Z"}
{"level":"info","message":"⌛ Validating clase1.wlk","timeElapsed":170,"timestamp":"2024-08-25T00:18:09.925Z"}
{"level":"info","message":"⌛ Validating clase1.wlk","timeElapsed":130,"timestamp":"2024-08-25T00:18:10.137Z"}
{"level":"info","message":"⌛ Building environment","timeElapsed":167,"timestamp":"2024-08-25T00:18:10.494Z"}
{"level":"info","message":"⌛ Building environment","timeElapsed":107,"timestamp":"2024-08-25T00:18:10.779Z"}
{"level":"info","message":"⌛ Building environment","timeElapsed":110,"timestamp":"2024-08-25T00:18:10.890Z"}
{"level":"info","message":"⌛ Validating clase1.wlk","timeElapsed":125,"timestamp":"2024-08-25T00:18:11.024Z"}
{"level":"info","message":"⌛ Validating clase1.wlk","timeElapsed":135,"timestamp":"2024-08-25T00:18:11.159Z"}
{"level":"info","message":"⌛ Validating clase1.wlk","timeElapsed":181,"timestamp":"2024-08-25T00:18:11.349Z"}
{"level":"info","message":"⌛ Validating clase1.wlk","timeElapsed":257,"timestamp":"2024-08-25T00:18:11.606Z"}
{"level":"info","message":"⌛ Validating clase1.wlk","timeElapsed":230,"timestamp":"2024-08-25T00:18:11.836Z"}
{"level":"info","message":"⌛ Validating clase1.wlk","timeElapsed":144,"timestamp":"2024-08-25T00:18:11.980Z"}
{"level":"info","message":"⌛ Validating clase1.wlk","timeElapsed":173,"timestamp":"2024-08-25T00:18:12.153Z"}
{"level":"info","message":"⌛ Validating clase1.wlk","timeElapsed":415,"timestamp":"2024-08-25T00:18:12.569Z"}
{"level":"info","message":"⌛ Validating clase1.wlk","timeElapsed":241,"timestamp":"2024-08-25T00:18:12.810Z"}
{"level":"info","message":"⌛ Validating clase1.wlk","timeElapsed":177,"timestamp":"2024-08-25T00:18:12.987Z"}
{"level":"info","message":"⌛ Validating clase1.wlk","timeElapsed":236,"timestamp":"2024-08-25T00:18:13.224Z"}
{"level":"info","message":"⌛ Validating clase1.wlk","timeElapsed":368,"timestamp":"2024-08-25T00:18:13.597Z"}
{"level":"info","message":"⌛ Validating clase1.wlk","timeElapsed":348,"timestamp":"2024-08-25T00:18:13.945Z"}
{"level":"info","message":"⌛ Validating clase1.wlk","timeElapsed":341,"timestamp":"2024-08-25T00:18:14.287Z"}
{"level":"info","message":"⌛ Validating clase1.wlk","timeElapsed":243,"timestamp":"2024-08-25T00:18:14.530Z"}
{"level":"info","message":"⌛ Building environment","timeElapsed":418,"timestamp":"2024-08-25T00:25:32.884Z"}
{"level":"info","message":"⌛ Building environment","timeElapsed":253,"timestamp":"2024-08-25T00:25:33.140Z"}
{"level":"info","message":"⌛ Validating clase1.wlk","timeElapsed":354,"timestamp":"2024-08-25T00:25:33.551Z"}
{"level":"info","message":"⌛ Validating clase1.wlk","timeElapsed":393,"timestamp":"2024-08-25T00:25:33.946Z"}
{"level":"info","message":"⌛ Building environment","timeElapsed":216,"timestamp":"2024-08-25T00:25:35.605Z"}
{"level":"info","message":"⌛ Building environment","timeElapsed":102,"timestamp":"2024-08-25T00:25:35.707Z"}
{"level":"info","message":"⌛ Validating clase1.wlk","timeElapsed":180,"timestamp":"2024-08-25T00:25:35.887Z"}
{"level":"info","message":"⌛ Validating clase1.wlk","timeElapsed":131,"timestamp":"2024-08-25T00:25:36.019Z"}
{"level":"info","message":"⌛ Building environment","timeElapsed":358,"timestamp":"2024-08-25T00:25:37.340Z"}
{"level":"info","message":"⌛ Validating clase1.wlk","timeElapsed":156,"timestamp":"2024-08-25T00:25:37.502Z"}
{"level":"info","message":"⌛ Building environment","timeElapsed":122,"timestamp":"2024-08-25T00:25:37.624Z"}
{"level":"info","message":"⌛ Validating clase1.wlk","timeElapsed":214,"timestamp":"2024-08-25T00:25:37.851Z"}
{"level":"info","message":"⌛ Building environment","timeElapsed":231,"timestamp":"2024-08-25T00:25:38.360Z"}
{"level":"info","message":"⌛ Validating clase1.wlk","timeElapsed":162,"timestamp":"2024-08-25T00:25:38.523Z"}
{"level":"info","message":"⌛ Validating clase1.wlk","timeElapsed":177,"timestamp":"2024-08-25T00:25:38.800Z"}
{"level":"info","message":"⌛ Building environment","timeElapsed":101,"timestamp":"2024-08-25T00:25:38.903Z"}
{"level":"info","message":"⌛ Building environment","timeElapsed":102,"timestamp":"2024-08-25T00:25:39.083Z"}
{"level":"info","message":"⌛ Validating clase1.wlk","timeElapsed":191,"timestamp":"2024-08-25T00:25:39.282Z"}
{"level":"info","message":"⌛ Validating clase1.wlk","timeElapsed":125,"timestamp":"2024-08-25T00:25:39.408Z"}
{"level":"info","message":"⌛ Validating clase1.wlk","timeElapsed":137,"timestamp":"2024-08-25T00:25:39.545Z"}
{"level":"info","message":"⌛ Building environment","timeElapsed":110,"timestamp":"2024-08-25T00:25:39.857Z"}
{"level":"info","message":"⌛ Validating clase1.wlk","timeElapsed":147,"timestamp":"2024-08-25T00:25:40.005Z"}
{"level":"info","message":"⌛ Validating clase1.wlk","timeElapsed":134,"timestamp":"2024-08-25T00:25:40.208Z"}
{"level":"info","message":"⌛ Validating clase1.wlk","timeElapsed":181,"timestamp":"2024-08-25T00:25:40.390Z"}
{"level":"info","message":"⌛ Validating clase1.wlk","timeElapsed":158,"timestamp":"2024-08-25T00:25:40.650Z"}
{"level":"info","message":"⌛ Building environment","timeElapsed":161,"timestamp":"2024-08-25T00:25:40.812Z"}
{"level":"info","message":"⌛ Validating clase1.wlk","timeElapsed":167,"timestamp":"2024-08-25T00:25:40.986Z"}
{"level":"info","message":"⌛ Building environment","timeElapsed":104,"timestamp":"2024-08-25T00:25:41.090Z"}
{"level":"info","message":"⌛ Validating clase1.wlk","timeElapsed":158,"timestamp":"2024-08-25T00:25:41.255Z"}
{"level":"info","message":"⌛ Building environment","timeElapsed":112,"timestamp":"2024-08-25T00:25:41.375Z"}
{"level":"info","message":"⌛ Validating clase1.wlk","timeElapsed":118,"timestamp":"2024-08-25T00:25:41.493Z"}
{"level":"info","message":"⌛ Validating clase1.wlk","timeElapsed":182,"timestamp":"2024-08-25T00:25:41.755Z"}
{"level":"info","message":"⌛ Validating clase1.wlk","timeElapsed":180,"timestamp":"2024-08-25T00:25:41.944Z"}
{"level":"info","message":"⌛ Building environment","timeElapsed":114,"timestamp":"2024-08-25T00:25:42.059Z"}
{"level":"info","message":"⌛ Validating clase1.wlk","timeElapsed":177,"timestamp":"2024-08-25T00:25:42.238Z"}
{"level":"info","message":"⌛ Validating clase1.wlk","timeElapsed":140,"timestamp":"2024-08-25T00:25:42.469Z"}
{"level":"info","message":"⌛ Validating clase1.wlk","timeElapsed":151,"timestamp":"2024-08-25T00:25:42.699Z"}
{"level":"info","message":"⌛ Building environment","timeElapsed":109,"timestamp":"2024-08-25T00:25:42.810Z"}
{"level":"info","message":"⌛ Validating clase1.wlk","timeElapsed":219,"timestamp":"2024-08-25T00:25:43.120Z"}
{"level":"info","message":"⌛ Validating clase1.wlk","timeElapsed":191,"timestamp":"2024-08-25T00:25:43.312Z"}
{"level":"info","message":"⌛ Building environment","timeElapsed":133,"timestamp":"2024-08-25T00:25:45.134Z"}
{"level":"info","message":"⌛ Validating clase1.wlk","timeElapsed":233,"timestamp":"2024-08-25T00:25:45.370Z"}
{"level":"info","message":"⌛ Building environment","timeElapsed":245,"timestamp":"2024-08-25T00:25:49.418Z"}
{"level":"info","message":"⌛ Building environment","timeElapsed":266,"timestamp":"2024-08-25T00:25:49.686Z"}
{"level":"info","message":"⌛ Validating clase1.wlk","timeElapsed":391,"timestamp":"2024-08-25T00:25:50.078Z"}
{"level":"info","message":"⌛ Validating clase1.wlk","timeElapsed":285,"timestamp":"2024-08-25T00:25:50.372Z"}
{"level":"info","message":"⌛ Building environment","timeElapsed":210,"timestamp":"2024-08-25T00:25:50.583Z"}
{"level":"info","message":"⌛ Validating clase1.wlk","timeElapsed":303,"timestamp":"2024-08-25T00:25:50.893Z"}
{"level":"info","message":"⌛ Building environment","timeElapsed":256,"timestamp":"2024-08-25T00:25:52.189Z"}
{"level":"info","message":"⌛ Building environment","timeElapsed":280,"timestamp":"2024-08-25T00:25:52.472Z"}
{"level":"info","message":"⌛ Validating clase1.wlk","timeElapsed":374,"timestamp":"2024-08-25T00:25:52.850Z"}
{"level":"info","message":"⌛ Building environment","timeElapsed":233,"timestamp":"2024-08-25T00:25:53.085Z"}
{"level":"info","message":"⌛ Building environment","timeElapsed":206,"timestamp":"2024-08-25T00:25:53.323Z"}
{"level":"info","message":"⌛ Validating clase1.wlk","timeElapsed":170,"timestamp":"2024-08-25T00:25:53.494Z"}
{"level":"info","message":"⌛ Building environment","timeElapsed":144,"timestamp":"2024-08-25T00:25:53.638Z"}
{"level":"info","message":"⌛ Building environment","timeElapsed":109,"timestamp":"2024-08-25T00:25:53.748Z"}
{"level":"info","message":"⌛ Validating clase1.wlk","timeElapsed":184,"timestamp":"2024-08-25T00:25:54.030Z"}
{"level":"info","message":"⌛ Validating clase1.wlk","timeElapsed":184,"timestamp":"2024-08-25T00:25:54.221Z"}
{"level":"info","message":"⌛ Validating clase1.wlk","timeElapsed":143,"timestamp":"2024-08-25T00:25:54.365Z"}
{"level":"info","message":"⌛ Validating clase1.wlk","timeElapsed":138,"timestamp":"2024-08-25T00:25:54.503Z"}
{"level":"info","message":"⌛ Validating clase1.wlk","timeElapsed":165,"timestamp":"2024-08-25T00:25:54.668Z"}
{"level":"info","message":"⌛ Validating clase1.wlk","timeElapsed":173,"timestamp":"2024-08-25T00:25:54.940Z"}
{"level":"info","message":"⌛ Building environment","timeElapsed":260,"timestamp":"2024-08-25T00:25:58.226Z"}
{"level":"info","message":"⌛ Building environment","timeElapsed":235,"timestamp":"2024-08-25T00:25:58.462Z"}
{"level":"info","message":"⌛ Validating clase1.wlk","timeElapsed":220,"timestamp":"2024-08-25T00:25:58.683Z"}
{"level":"info","message":"⌛ Validating clase1.wlk","timeElapsed":183,"timestamp":"2024-08-25T00:25:58.874Z"}
{"level":"info","message":"⌛ Building environment","timeElapsed":255,"timestamp":"2024-08-25T00:25:59.643Z"}
{"level":"info","message":"⌛ Validating clase1.wlk","timeElapsed":242,"timestamp":"2024-08-25T00:25:59.989Z"}
{"level":"info","message":"onRequest - completionItem/resolve","timestamp":"2024-08-25T00:25:59.992Z"}
{"level":"info","message":"⌛ Building environment","timeElapsed":113,"timestamp":"2024-08-25T00:26:00.106Z"}
{"level":"info","message":"⌛ Building environment","timeElapsed":110,"timestamp":"2024-08-25T00:26:00.275Z"}
{"level":"info","message":"⌛ Building environment","timeElapsed":145,"timestamp":"2024-08-25T00:26:00.476Z"}
{"level":"info","message":"⌛ Building environment","timeElapsed":182,"timestamp":"2024-08-25T00:26:00.731Z"}
{"level":"info","message":"⌛ Building environment","timeElapsed":304,"timestamp":"2024-08-25T00:26:01.118Z"}
{"level":"info","message":"⌛ Building environment","timeElapsed":192,"timestamp":"2024-08-25T00:26:01.363Z"}
{"level":"info","message":"⌛ Building environment","timeElapsed":174,"timestamp":"2024-08-25T00:26:01.583Z"}
{"level":"info","message":"⌛ Building environment","timeElapsed":130,"timestamp":"2024-08-25T00:26:01.766Z"}
{"level":"info","message":"⌛ Validating clase1.wlk","timeElapsed":250,"timestamp":"2024-08-25T00:26:02.124Z"}
{"level":"info","message":"⌛ Building environment","timeElapsed":170,"timestamp":"2024-08-25T00:26:02.297Z"}
{"level":"info","message":"⌛ Validating clase1.wlk","timeElapsed":150,"timestamp":"2024-08-25T00:26:02.692Z"}
{"level":"info","message":"⌛ Validating clase1.wlk","timeElapsed":116,"timestamp":"2024-08-25T00:26:02.808Z"}
{"level":"info","message":"⌛ Validating clase1.wlk","timeElapsed":160,"timestamp":"2024-08-25T00:26:02.969Z"}
{"level":"info","message":"⌛ Validating clase1.wlk","timeElapsed":165,"timestamp":"2024-08-25T00:26:03.134Z"}
{"level":"info","message":"⌛ Validating clase1.wlk","timeElapsed":151,"timestamp":"2024-08-25T00:26:03.367Z"}
{"level":"info","message":"⌛ Building environment","timeElapsed":109,"timestamp":"2024-08-25T00:26:03.476Z"}
{"level":"info","message":"⌛ Validating clase1.wlk","timeElapsed":177,"timestamp":"2024-08-25T00:26:03.654Z"}
{"level":"info","message":"⌛ Building environment","timeElapsed":107,"timestamp":"2024-08-25T00:26:03.763Z"}
{"level":"info","message":"⌛ Validating clase1.wlk","timeElapsed":146,"timestamp":"2024-08-25T00:26:03.910Z"}
{"level":"info","message":"⌛ Validating clase1.wlk","timeElapsed":170,"timestamp":"2024-08-25T00:26:04.171Z"}
{"level":"info","message":"⌛ Validating clase1.wlk","timeElapsed":160,"timestamp":"2024-08-25T00:26:04.331Z"}
{"level":"info","message":"⌛ Validating clase1.wlk","timeElapsed":162,"timestamp":"2024-08-25T00:26:04.493Z"}
{"level":"info","message":"⌛ Validating clase1.wlk","timeElapsed":187,"timestamp":"2024-08-25T00:26:04.681Z"}
{"level":"info","message":"⌛ Validating clase1.wlk","timeElapsed":188,"timestamp":"2024-08-25T00:26:04.871Z"}
{"level":"info","message":"⌛ Building environment","timeElapsed":110,"timestamp":"2024-08-25T00:26:04.981Z"}
{"level":"info","message":"⌛ Validating clase1.wlk","timeElapsed":189,"timestamp":"2024-08-25T00:26:05.170Z"}
{"level":"info","message":"⌛ Validating clase1.wlk","timeElapsed":137,"timestamp":"2024-08-25T00:26:05.308Z"}
{"level":"info","message":"⌛ Validating clase1.wlk","timeElapsed":164,"timestamp":"2024-08-25T00:26:05.478Z"}
{"level":"info","message":"⌛ Building environment","timeElapsed":113,"timestamp":"2024-08-25T00:26:05.591Z"}
{"level":"info","message":"⌛ Building environment","timeElapsed":149,"timestamp":"2024-08-25T00:26:05.741Z"}
{"level":"info","message":"⌛ Validating clase1.wlk","timeElapsed":128,"timestamp":"2024-08-25T00:26:05.870Z"}
{"level":"info","message":"⌛ Validating clase1.wlk","timeElapsed":161,"timestamp":"2024-08-25T00:26:06.033Z"}
{"level":"info","message":"⌛ Building environment","timeElapsed":260,"timestamp":"2024-08-25T00:26:12.079Z"}
{"level":"info","message":"⌛ Building environment","timeElapsed":281,"timestamp":"2024-08-25T00:26:12.462Z"}
{"level":"info","message":"⌛ Validating clase1.wlk","timeElapsed":363,"timestamp":"2024-08-25T00:26:12.919Z"}
{"level":"info","message":"⌛ Building environment","timeElapsed":141,"timestamp":"2024-08-25T00:26:13.064Z"}
{"level":"info","message":"⌛ Validating clase1.wlk","timeElapsed":167,"timestamp":"2024-08-25T00:26:13.382Z"}
{"level":"info","message":"⌛ Validating clase1.wlk","timeElapsed":170,"timestamp":"2024-08-25T00:26:13.921Z"}
{"level":"info","message":"⌛ Validating clase1.wlk","timeElapsed":230,"timestamp":"2024-08-25T00:26:14.152Z"}
{"level":"info","message":"⌛ Building environment","timeElapsed":112,"timestamp":"2024-08-25T00:26:14.265Z"}
{"level":"info","message":"⌛ Validating clase1.wlk","timeElapsed":133,"timestamp":"2024-08-25T00:26:14.434Z"}
{"level":"info","message":"⌛ Validating clase1.wlk","timeElapsed":135,"timestamp":"2024-08-25T00:26:14.569Z"}
{"level":"info","message":"⌛ Validating clase1.wlk","timeElapsed":166,"timestamp":"2024-08-25T00:26:14.736Z"}
{"level":"info","message":"⌛ Validating clase1.wlk","timeElapsed":126,"timestamp":"2024-08-25T00:26:14.863Z"}
{"level":"info","message":"onRequest - completionItem/resolve","timestamp":"2024-08-25T00:26:14.863Z"}
{"level":"info","message":"onRequest - completionItem/resolve","timestamp":"2024-08-25T00:26:14.864Z"}
{"level":"info","message":"onRequest - completionItem/resolve","timestamp":"2024-08-25T00:26:15.490Z"}
{"level":"info","message":"⌛ Building environment","timeElapsed":120,"timestamp":"2024-08-25T00:26:28.449Z"}
{"level":"info","message":"⌛ Validating clase1.wlk","timeElapsed":209,"timestamp":"2024-08-25T00:26:28.660Z"}
{"level":"info","message":"⌛ Building environment","timeElapsed":108,"timestamp":"2024-08-25T00:26:28.896Z"}
{"level":"info","message":"⌛ Validating clase1.wlk","timeElapsed":195,"timestamp":"2024-08-25T00:26:29.104Z"}
{"level":"info","message":"⌛ Building environment","timeElapsed":208,"timestamp":"2024-08-25T00:26:30.629Z"}
{"level":"info","message":"⌛ Validating clase1.wlk","timeElapsed":149,"timestamp":"2024-08-25T00:26:30.802Z"}
{"level":"info","message":"onRequest - completionItem/resolve","timestamp":"2024-08-25T00:26:30.803Z"}
{"level":"info","message":"⌛ Building environment","timeElapsed":105,"timestamp":"2024-08-25T00:26:30.909Z"}
{"level":"info","message":"onRequest - completionItem/resolve","timestamp":"2024-08-25T00:26:30.909Z"}
{"level":"info","message":"⌛ Validating clase1.wlk","timeElapsed":187,"timestamp":"2024-08-25T00:26:31.102Z"}
{"level":"info","message":"onRequest - completionItem/resolve","timestamp":"2024-08-25T00:26:31.316Z"}
{"level":"info","message":"⌛ Validating clase1.wlk","timeElapsed":138,"timestamp":"2024-08-25T00:26:31.555Z"}
{"level":"info","message":"⌛ Building environment","timeElapsed":277,"timestamp":"2024-08-25T00:26:32.370Z"}
{"level":"info","message":"⌛ Building environment","timeElapsed":243,"timestamp":"2024-08-25T00:26:32.686Z"}
{"level":"info","message":"⌛ Building environment","timeElapsed":265,"timestamp":"2024-08-25T00:26:32.954Z"}
{"level":"info","message":"⌛ Validating clase1.wlk","timeElapsed":311,"timestamp":"2024-08-25T00:26:33.266Z"}
{"level":"info","message":"⌛ Validating clase1.wlk","timeElapsed":164,"timestamp":"2024-08-25T00:26:33.554Z"}
{"level":"info","message":"⌛ Building environment","timeElapsed":287,"timestamp":"2024-08-25T00:26:33.842Z"}
{"level":"info","message":"⌛ Building environment","timeElapsed":145,"timestamp":"2024-08-25T00:26:33.987Z"}
{"level":"info","message":"⌛ Validating clase1.wlk","timeElapsed":325,"timestamp":"2024-08-25T00:26:34.314Z"}
{"level":"info","message":"⌛ Validating clase1.wlk","timeElapsed":435,"timestamp":"2024-08-25T00:26:34.765Z"}
{"level":"info","message":"⌛ Validating clase1.wlk","timeElapsed":354,"timestamp":"2024-08-25T00:26:35.120Z"}
{"level":"info","message":"⌛ Validating clase1.wlk","timeElapsed":335,"timestamp":"2024-08-25T00:26:35.456Z"}
{"level":"info","message":"⌛ Building environment","timeElapsed":329,"timestamp":"2024-08-25T00:26:37.627Z"}
{"level":"info","message":"⌛ Building environment","timeElapsed":139,"timestamp":"2024-08-25T00:26:37.792Z"}
{"level":"info","message":"⌛ Validating clase1.wlk","timeElapsed":370,"timestamp":"2024-08-25T00:26:38.164Z"}
{"level":"info","message":"onRequest - completionItem/resolve","timestamp":"2024-08-25T00:26:38.166Z"}
{"level":"info","message":"⌛ Validating clase1.wlk","timeElapsed":267,"timestamp":"2024-08-25T00:26:38.445Z"}
{"level":"info","message":"⌛ Building environment","timeElapsed":109,"timestamp":"2024-08-25T00:26:38.554Z"}
{"level":"info","message":"onRequest - completionItem/resolve","timestamp":"2024-08-25T00:26:38.563Z"}
{"level":"info","message":"onRequest - completionItem/resolve","timestamp":"2024-08-25T00:26:38.570Z"}
{"level":"info","message":"⌛ Building environment","timeElapsed":126,"timestamp":"2024-08-25T00:26:38.697Z"}
{"level":"info","message":"⌛ Validating clase1.wlk","timeElapsed":194,"timestamp":"2024-08-25T00:26:38.892Z"}
{"level":"info","message":"⌛ Validating clase1.wlk","timeElapsed":196,"timestamp":"2024-08-25T00:26:39.094Z"}
{"level":"info","message":"⌛ Building environment","timeElapsed":140,"timestamp":"2024-08-25T00:26:39.235Z"}
{"level":"info","message":"⌛ Validating clase1.wlk","timeElapsed":187,"timestamp":"2024-08-25T00:26:39.526Z"}
{"level":"info","message":"⌛ Validating clase1.wlk","timeElapsed":200,"timestamp":"2024-08-25T00:26:39.728Z"}
{"level":"info","message":"⌛ Building environment","timeElapsed":113,"timestamp":"2024-08-25T00:26:39.841Z"}
{"level":"info","message":"⌛ Building environment","timeElapsed":127,"timestamp":"2024-08-25T00:26:40.015Z"}
{"level":"info","message":"⌛ Building environment","timeElapsed":115,"timestamp":"2024-08-25T00:26:40.131Z"}
{"level":"info","message":"⌛ Validating clase1.wlk","timeElapsed":185,"timestamp":"2024-08-25T00:26:40.317Z"}
{"level":"info","message":"⌛ Building environment","timeElapsed":109,"timestamp":"2024-08-25T00:26:40.426Z"}
{"level":"info","message":"⌛ Building environment","timeElapsed":120,"timestamp":"2024-08-25T00:26:40.548Z"}
{"level":"info","message":"⌛ Validating clase1.wlk","timeElapsed":167,"timestamp":"2024-08-25T00:26:40.751Z"}
{"level":"info","message":"⌛ Validating clase1.wlk","timeElapsed":178,"timestamp":"2024-08-25T00:26:40.929Z"}
{"level":"info","message":"⌛ Validating clase1.wlk","timeElapsed":132,"timestamp":"2024-08-25T00:26:41.062Z"}
{"level":"info","message":"⌛ Validating clase1.wlk","timeElapsed":107,"timestamp":"2024-08-25T00:26:41.169Z"}
{"level":"info","message":"⌛ Building environment","timeElapsed":279,"timestamp":"2024-08-25T00:26:44.145Z"}
{"level":"error","message":"✘ Completions for node failed: Error: [Parameter]{7b5ce4} at clase1.wlk:22 exhausted all cases without a match [Parameter]{7b5ce4} at clase1.wlk:22 exhausted all cases without a match","stack":"Error: [Parameter]{7b5ce4} at clase1.wlk:22 exhausted all cases without a match\n    at c:\\Users\\Lucas\\.vscode\\extensions\\uqbar.wollok-lsp-ide-0.3.3\\node_modules\\wollok-ts\\dist\\extensions.js:85:11\n    at completionsForNode (c:\\Users\\Lucas\\.vscode\\extensions\\uqbar.wollok-lsp-ide-0.3.3\\server\\out\\functionalities\\autocomplete\\node-completion.js:10:44)\n    at c:\\Users\\Lucas\\.vscode\\extensions\\uqbar.wollok-lsp-ide-0.3.3\\server\\out\\functionalities\\autocomplete\\autocomplete.js:26:154\n    at c:\\Users\\Lucas\\.vscode\\extensions\\uqbar.wollok-lsp-ide-0.3.3\\server\\out\\server.js:198:20\n    at c:\\Users\\Lucas\\.vscode\\extensions\\uqbar.wollok-lsp-ide-0.3.3\\server\\node_modules\\vscode-languageserver\\lib\\common\\server.js:593:20\n    at handleRequest (c:\\Users\\Lucas\\.vscode\\extensions\\uqbar.wollok-lsp-ide-0.3.3\\server\\node_modules\\vscode-jsonrpc\\lib\\common\\connection.js:493:41)\n    at handleMessage (c:\\Users\\Lucas\\.vscode\\extensions\\uqbar.wollok-lsp-ide-0.3.3\\server\\node_modules\\vscode-jsonrpc\\lib\\common\\connection.js:339:13)\n    at processMessageQueue (c:\\Users\\Lucas\\.vscode\\extensions\\uqbar.wollok-lsp-ide-0.3.3\\server\\node_modules\\vscode-jsonrpc\\lib\\common\\connection.js:362:17)\n    at Immediate._onImmediate (c:\\Users\\Lucas\\.vscode\\extensions\\uqbar.wollok-lsp-ide-0.3.3\\server\\node_modules\\vscode-jsonrpc\\lib\\common\\connection.js:334:13)\n    at process.processImmediate (node:internal/timers:478:21)","timestamp":"2024-08-25T00:26:44.201Z"}
{"level":"info","message":"⌛ Building environment","timeElapsed":274,"timestamp":"2024-08-25T00:26:44.484Z"}
{"level":"info","message":"⌛ Validating clase1.wlk","timeElapsed":294,"timestamp":"2024-08-25T00:26:44.800Z"}
{"level":"info","message":"⌛ Building environment","timeElapsed":188,"timestamp":"2024-08-25T00:26:44.989Z"}
{"level":"error","message":"✘ Completions for node failed: Error: [Parameter]{6d2871} at clase1.wlk:22 exhausted all cases without a match [Parameter]{6d2871} at clase1.wlk:22 exhausted all cases without a match","stack":"Error: [Parameter]{6d2871} at clase1.wlk:22 exhausted all cases without a match\n    at c:\\Users\\Lucas\\.vscode\\extensions\\uqbar.wollok-lsp-ide-0.3.3\\node_modules\\wollok-ts\\dist\\extensions.js:85:11\n    at completionsForNode (c:\\Users\\Lucas\\.vscode\\extensions\\uqbar.wollok-lsp-ide-0.3.3\\server\\out\\functionalities\\autocomplete\\node-completion.js:10:44)\n    at c:\\Users\\Lucas\\.vscode\\extensions\\uqbar.wollok-lsp-ide-0.3.3\\server\\out\\functionalities\\autocomplete\\autocomplete.js:26:154\n    at c:\\Users\\Lucas\\.vscode\\extensions\\uqbar.wollok-lsp-ide-0.3.3\\server\\out\\server.js:198:20\n    at c:\\Users\\Lucas\\.vscode\\extensions\\uqbar.wollok-lsp-ide-0.3.3\\server\\node_modules\\vscode-languageserver\\lib\\common\\server.js:593:20\n    at handleRequest (c:\\Users\\Lucas\\.vscode\\extensions\\uqbar.wollok-lsp-ide-0.3.3\\server\\node_modules\\vscode-jsonrpc\\lib\\common\\connection.js:493:41)\n    at handleMessage (c:\\Users\\Lucas\\.vscode\\extensions\\uqbar.wollok-lsp-ide-0.3.3\\server\\node_modules\\vscode-jsonrpc\\lib\\common\\connection.js:339:13)\n    at processMessageQueue (c:\\Users\\Lucas\\.vscode\\extensions\\uqbar.wollok-lsp-ide-0.3.3\\server\\node_modules\\vscode-jsonrpc\\lib\\common\\connection.js:362:17)\n    at Immediate._onImmediate (c:\\Users\\Lucas\\.vscode\\extensions\\uqbar.wollok-lsp-ide-0.3.3\\server\\node_modules\\vscode-jsonrpc\\lib\\common\\connection.js:334:13)\n    at process.processImmediate (node:internal/timers:478:21)","timestamp":"2024-08-25T00:26:45.023Z"}
{"level":"info","message":"⌛ Validating clase1.wlk","timeElapsed":182,"timestamp":"2024-08-25T00:26:45.212Z"}
{"level":"info","message":"⌛ Validating clase1.wlk","timeElapsed":182,"timestamp":"2024-08-25T00:26:45.394Z"}
{"level":"info","message":"⌛ Validating clase1.wlk","timeElapsed":156,"timestamp":"2024-08-25T00:26:45.687Z"}
{"level":"info","message":"onRequest - completionItem/resolve","timestamp":"2024-08-25T00:26:45.688Z"}
{"level":"info","message":"onRequest - completionItem/resolve","timestamp":"2024-08-25T00:26:45.767Z"}
{"level":"info","message":"onRequest - completionItem/resolve","timestamp":"2024-08-25T00:26:45.852Z"}
{"level":"info","message":"⌛ Validating clase1.wlk","timeElapsed":143,"timestamp":"2024-08-25T00:26:45.995Z"}
{"level":"info","message":"⌛ Validating clase1.wlk","timeElapsed":161,"timestamp":"2024-08-25T00:26:46.157Z"}
{"level":"info","message":"⌛ Building environment","timeElapsed":211,"timestamp":"2024-08-25T00:26:46.523Z"}
{"level":"info","message":"⌛ Validating clase1.wlk","timeElapsed":311,"timestamp":"2024-08-25T00:26:46.879Z"}
{"level":"info","message":"onRequest - completionItem/resolve","timestamp":"2024-08-25T00:26:46.879Z"}
{"level":"info","message":"⌛ Building environment","timeElapsed":275,"timestamp":"2024-08-25T00:26:49.127Z"}
{"level":"info","message":"⌛ Building environment","timeElapsed":256,"timestamp":"2024-08-25T00:26:49.475Z"}
{"level":"info","message":"⌛ Validating clase1.wlk","timeElapsed":338,"timestamp":"2024-08-25T00:26:49.816Z"}
{"level":"info","message":"⌛ Building environment","timeElapsed":170,"timestamp":"2024-08-25T00:26:49.987Z"}
{"level":"info","message":"⌛ Building environment","timeElapsed":115,"timestamp":"2024-08-25T00:26:50.103Z"}
{"level":"info","message":"⌛ Validating clase1.wlk","timeElapsed":187,"timestamp":"2024-08-25T00:26:50.328Z"}
{"level":"info","message":"⌛ Validating clase1.wlk","timeElapsed":124,"timestamp":"2024-08-25T00:26:50.453Z"}
{"level":"info","message":"⌛ Validating clase1.wlk","timeElapsed":195,"timestamp":"2024-08-25T00:26:50.649Z"}
{"level":"info","message":"⌛ Building environment","timeElapsed":121,"timestamp":"2024-08-25T00:26:50.771Z"}
{"level":"info","message":"⌛ Validating clase1.wlk","timeElapsed":168,"timestamp":"2024-08-25T00:26:51.052Z"}
{"level":"info","message":"⌛ Validating clase1.wlk","timeElapsed":160,"timestamp":"2024-08-25T00:26:51.212Z"}
{"level":"info","message":"⌛ Building environment","timeElapsed":242,"timestamp":"2024-08-25T00:26:51.774Z"}
{"level":"info","message":"⌛ Validating clase1.wlk","timeElapsed":340,"timestamp":"2024-08-25T00:26:52.117Z"}
{"level":"info","message":"⌛ Building environment","timeElapsed":190,"timestamp":"2024-08-25T00:26:52.325Z"}
{"level":"info","message":"⌛ Validating clase1.wlk","timeElapsed":344,"timestamp":"2024-08-25T00:26:52.681Z"}
{"level":"info","message":"⌛ Building environment","timeElapsed":125,"timestamp":"2024-08-25T00:26:53.654Z"}
{"level":"info","message":"⌛ Validating clase1.wlk","timeElapsed":189,"timestamp":"2024-08-25T00:26:53.852Z"}
{"level":"info","message":"⌛ Building environment","timeElapsed":117,"timestamp":"2024-08-25T00:26:54.000Z"}
{"level":"info","message":"⌛ Validating clase1.wlk","timeElapsed":172,"timestamp":"2024-08-25T00:26:54.218Z"}
{"level":"info","message":"onRequest - completionItem/resolve","timestamp":"2024-08-25T00:26:54.218Z"}
{"level":"info","message":"onRequest - completionItem/resolve","timestamp":"2024-08-25T00:26:54.311Z"}
{"level":"info","message":"onRequest - completionItem/resolve","timestamp":"2024-08-25T00:26:54.395Z"}
{"level":"info","message":"⌛ Validating clase1.wlk","timeElapsed":146,"timestamp":"2024-08-25T00:26:54.541Z"}
{"level":"info","message":"⌛ Validating clase1.wlk","timeElapsed":176,"timestamp":"2024-08-25T00:26:54.717Z"}
{"level":"info","message":"⌛ Building environment","timeElapsed":268,"timestamp":"2024-08-25T00:26:55.212Z"}
{"level":"info","message":"⌛ Validating clase1.wlk","timeElapsed":257,"timestamp":"2024-08-25T00:26:55.559Z"}
{"level":"info","message":"onRequest - completionItem/resolve","timestamp":"2024-08-25T00:26:55.559Z"}
{"level":"info","message":"⌛ Building environment","timeElapsed":221,"timestamp":"2024-08-25T00:26:55.782Z"}
{"level":"info","message":"onRequest - completionItem/resolve","timestamp":"2024-08-25T00:26:55.784Z"}
{"level":"info","message":"⌛ Building environment","timeElapsed":234,"timestamp":"2024-08-25T00:26:56.034Z"}
{"level":"info","message":"onRequest - completionItem/resolve","timestamp":"2024-08-25T00:26:56.036Z"}
{"level":"info","message":"⌛ Building environment","timeElapsed":152,"timestamp":"2024-08-25T00:26:56.188Z"}
{"level":"info","message":"onRequest - completionItem/resolve","timestamp":"2024-08-25T00:26:56.189Z"}
{"level":"info","message":"⌛ Building environment","timeElapsed":101,"timestamp":"2024-08-25T00:26:56.290Z"}
{"level":"info","message":"onRequest - completionItem/resolve","timestamp":"2024-08-25T00:26:56.297Z"}
{"level":"info","message":"⌛ Validating clase1.wlk","timeElapsed":165,"timestamp":"2024-08-25T00:26:56.462Z"}
{"level":"info","message":"⌛ Validating clase1.wlk","timeElapsed":176,"timestamp":"2024-08-25T00:26:56.643Z"}
{"level":"info","message":"⌛ Validating clase1.wlk","timeElapsed":230,"timestamp":"2024-08-25T00:26:56.873Z"}
{"level":"info","message":"⌛ Validating clase1.wlk","timeElapsed":308,"timestamp":"2024-08-25T00:26:57.183Z"}
{"level":"info","message":"⌛ Building environment","timeElapsed":223,"timestamp":"2024-08-25T00:26:57.406Z"}
{"level":"info","message":"⌛ Validating clase1.wlk","timeElapsed":363,"timestamp":"2024-08-25T00:26:57.793Z"}
{"level":"info","message":"⌛ Building environment","timeElapsed":224,"timestamp":"2024-08-25T00:26:58.675Z"}
{"level":"info","message":"⌛ Validating clase1.wlk","timeElapsed":363,"timestamp":"2024-08-25T00:26:59.041Z"}
{"level":"info","message":"⌛ Building environment","timeElapsed":190,"timestamp":"2024-08-25T00:26:59.232Z"}
{"level":"info","message":"⌛ Validating clase1.wlk","timeElapsed":336,"timestamp":"2024-08-25T00:26:59.580Z"}
{"level":"info","message":"⌛ Building environment","timeElapsed":122,"timestamp":"2024-08-25T00:27:00.566Z"}
{"level":"info","message":"⌛ Validating clase1.wlk","timeElapsed":189,"timestamp":"2024-08-25T00:27:00.756Z"}
{"level":"info","message":"⌛ Building environment","timeElapsed":287,"timestamp":"2024-08-25T00:27:01.123Z"}
{"level":"info","message":"⌛ Building environment","timeElapsed":185,"timestamp":"2024-08-25T00:27:01.416Z"}
{"level":"info","message":"⌛ Validating clase1.wlk","timeElapsed":184,"timestamp":"2024-08-25T00:27:01.600Z"}
{"level":"info","message":"⌛ Building environment","timeElapsed":221,"timestamp":"2024-08-25T00:27:01.823Z"}
{"level":"info","message":"onRequest - completionItem/resolve","timestamp":"2024-08-25T00:27:01.825Z"}
{"level":"info","message":"⌛ Validating clase1.wlk","timeElapsed":231,"timestamp":"2024-08-25T00:27:02.057Z"}
{"level":"info","message":"⌛ Building environment","timeElapsed":160,"timestamp":"2024-08-25T00:27:02.226Z"}
{"level":"info","message":"⌛ Validating clase1.wlk","timeElapsed":315,"timestamp":"2024-08-25T00:27:02.600Z"}
{"level":"info","message":"⌛ Validating clase1.wlk","timeElapsed":317,"timestamp":"2024-08-25T00:27:02.919Z"}
{"level":"info","message":"onRequest - completionItem/resolve","timestamp":"2024-08-25T00:27:02.919Z"}
{"level":"info","message":"⌛ Building environment","timeElapsed":294,"timestamp":"2024-08-25T00:27:03.778Z"}
{"level":"info","message":"⌛ Building environment","timeElapsed":208,"timestamp":"2024-08-25T00:27:04.085Z"}
{"level":"info","message":"⌛ Building environment","timeElapsed":192,"timestamp":"2024-08-25T00:27:04.278Z"}
{"level":"info","message":"⌛ Validating clase1.wlk","timeElapsed":245,"timestamp":"2024-08-25T00:27:04.540Z"}
{"level":"info","message":"⌛ Building environment","timeElapsed":112,"timestamp":"2024-08-25T00:27:04.653Z"}
{"level":"info","message":"⌛ Validating clase1.wlk","timeElapsed":176,"timestamp":"2024-08-25T00:27:04.830Z"}
{"level":"info","message":"⌛ Validating clase1.wlk","timeElapsed":121,"timestamp":"2024-08-25T00:27:04.956Z"}
{"level":"info","message":"⌛ Validating clase1.wlk","timeElapsed":144,"timestamp":"2024-08-25T00:27:05.101Z"}
{"level":"info","message":"⌛ Building environment","timeElapsed":137,"timestamp":"2024-08-25T00:27:05.239Z"}
{"level":"info","message":"⌛ Validating clase1.wlk","timeElapsed":182,"timestamp":"2024-08-25T00:27:05.430Z"}
{"level":"info","message":"⌛ Building environment","timeElapsed":160,"timestamp":"2024-08-25T00:27:06.115Z"}
{"level":"info","message":"⌛ Validating clase1.wlk","timeElapsed":172,"timestamp":"2024-08-25T00:27:06.288Z"}
{"level":"info","message":"⌛ Building environment","timeElapsed":248,"timestamp":"2024-08-25T00:27:11.412Z"}
{"level":"info","message":"⌛ Validating clase1.wlk","timeElapsed":474,"timestamp":"2024-08-25T00:27:11.889Z"}
{"level":"info","message":"⌛ Building environment","timeElapsed":252,"timestamp":"2024-08-25T00:27:12.158Z"}
{"level":"info","message":"⌛ Validating clase1.wlk","timeElapsed":349,"timestamp":"2024-08-25T00:27:12.525Z"}
{"level":"info","message":"⌛ Building environment","timeElapsed":243,"timestamp":"2024-08-25T00:35:38.426Z"}
{"level":"info","message":"⌛ Building environment","timeElapsed":230,"timestamp":"2024-08-25T00:35:38.657Z"}
{"level":"info","message":"⌛ Validating clase1.wlk","timeElapsed":365,"timestamp":"2024-08-25T00:35:39.026Z"}
{"level":"info","message":"⌛ Validating clase1.wlk","timeElapsed":393,"timestamp":"2024-08-25T00:35:39.434Z"}
{"level":"info","message":"⌛ Building environment","timeElapsed":292,"timestamp":"2024-08-25T00:35:41.009Z"}
{"level":"info","message":"⌛ Building environment","timeElapsed":198,"timestamp":"2024-08-25T00:35:41.234Z"}
{"level":"info","message":"⌛ Validating clase1.wlk","timeElapsed":295,"timestamp":"2024-08-25T00:35:41.529Z"}
{"level":"info","message":"⌛ Validating clase1.wlk","timeElapsed":368,"timestamp":"2024-08-25T00:35:41.971Z"}
{"level":"info","message":"⌛ Building environment","timeElapsed":333,"timestamp":"2024-08-25T00:35:42.865Z"}
{"level":"info","message":"⌛ Building environment","timeElapsed":270,"timestamp":"2024-08-25T00:35:43.154Z"}
{"level":"info","message":"⌛ Validating clase1.wlk","timeElapsed":398,"timestamp":"2024-08-25T00:35:43.556Z"}
{"level":"info","message":"⌛ Validating clase1.wlk","timeElapsed":218,"timestamp":"2024-08-25T00:35:43.833Z"}
{"level":"info","message":"⌛ Building environment","timeElapsed":170,"timestamp":"2024-08-25T00:35:44.004Z"}
{"level":"info","message":"⌛ Validating clase1.wlk","timeElapsed":152,"timestamp":"2024-08-25T00:35:44.177Z"}
{"level":"info","message":"⌛ Building environment","timeElapsed":131,"timestamp":"2024-08-25T00:35:44.548Z"}
{"level":"info","message":"⌛ Validating clase1.wlk","timeElapsed":196,"timestamp":"2024-08-25T00:35:44.745Z"}
{"level":"info","message":"⌛ Building environment","timeElapsed":351,"timestamp":"2024-08-25T00:35:45.543Z"}
{"level":"info","message":"⌛ Validating clase1.wlk","timeElapsed":422,"timestamp":"2024-08-25T00:35:45.981Z"}
{"errors":{"errors":[null,["/*\r","wollok:clase1> pepita.energia()\r","✓ 100\r","wollok:clase1> emilia.entrena(pepita)\r","✓\r","wollok:clase1> pepita.energia()\r","✓ 180\r"]]},"level":"error","message":"✘ Failed to get type description: Error: {\n  \"errors\": [\n    null,\n    [\n      \"/*\\r\",\n      \"wollok:clase1> pepita.energia()\\r\",\n      \"✓ 100\\r\",\n      \"wollok:clase1> emilia.entrena(pepita)\\r\",\n      \"✓\\r\",\n      \"wollok:clase1> pepita.energia()\\r\",\n      \"✓ 180\\r\"\n    ]\n  ]\n} {\n  \"errors\": [\n    null,\n    [\n      \"/*\\r\",\n      \"wollok:clase1> pepita.energia()\\r\",\n      \"✓ 100\\r\",\n      \"wollok:clase1> emilia.entrena(pepita)\\r\",\n      \"✓\\r\",\n      \"wollok:clase1> pepita.energia()\\r\",\n      \"✓ 180\\r\"\n    ]\n  ]\n}","stack":"Error: {\n  \"errors\": [\n    null,\n    [\n      \"/*\\r\",\n      \"wollok:clase1> pepita.energia()\\r\",\n      \"✓ 100\\r\",\n      \"wollok:clase1> emilia.entrena(pepita)\\r\",\n      \"✓\\r\",\n      \"wollok:clase1> pepita.energia()\\r\",\n      \"✓ 180\\r\"\n    ]\n  ]\n}\n    at toError (c:\\Users\\Lucas\\.vscode\\extensions\\uqbar.wollok-lsp-ide-0.3.3\\node_modules\\partial.lenses.validation\\dist\\partial.lenses.validation.cjs.js:102:15)\n    at raise (c:\\Users\\Lucas\\.vscode\\extensions\\uqbar.wollok-lsp-ide-0.3.3\\node_modules\\partial.lenses.validation\\dist\\partial.lenses.validation.cjs.js:108:9)\n    at c:\\Users\\Lucas\\.vscode\\extensions\\uqbar.wollok-lsp-ide-0.3.3\\node_modules\\partial.lenses.validation\\dist\\partial.lenses.validation.cjs.js:387:35\n    at Monad.apply (c:\\Users\\Lucas\\.vscode\\extensions\\uqbar.wollok-lsp-ide-0.3.3\\node_modules\\infestines\\dist\\infestines.cjs.js:242:10)\n    at intersperse (c:\\Users\\Lucas\\.vscode\\extensions\\uqbar.wollok-lsp-ide-0.3.3\\node_modules\\partial.lenses.validation\\dist\\partial.lenses.validation.cjs.js:386:16)\n    at intersperse (c:\\Users\\Lucas\\.vscode\\extensions\\uqbar.wollok-lsp-ide-0.3.3\\node_modules\\infestines\\dist\\infestines.cjs.js:73:14)\n    at splitMetadata (c:\\Users\\Lucas\\.vscode\\extensions\\uqbar.wollok-lsp-ide-0.3.3\\node_modules\\wollok-ts\\dist\\printer\\print.js:355:163)\n    at c:\\Users\\Lucas\\.vscode\\extensions\\uqbar.wollok-lsp-ide-0.3.3\\node_modules\\wollok-ts\\dist\\printer\\print.js:28:22\n    at Array.map (<anonymous>)\n    at c:\\Users\\Lucas\\.vscode\\extensions\\uqbar.wollok-lsp-ide-0.3.3\\node_modules\\wollok-ts\\dist\\printer\\print.js:33:286","timestamp":"2024-08-25T00:37:08.900Z"}
{"errors":{"errors":[null,["/*\r","wollok:clase1> pepita.energia()\r","✓ 100\r","wollok:clase1> emilia.entrena(pepita)\r","✓\r","wollok:clase1> pepita.energia()\r","✓ 180\r"]]},"level":"error","message":"✘ Failed to get type description: Error: {\n  \"errors\": [\n    null,\n    [\n      \"/*\\r\",\n      \"wollok:clase1> pepita.energia()\\r\",\n      \"✓ 100\\r\",\n      \"wollok:clase1> emilia.entrena(pepita)\\r\",\n      \"✓\\r\",\n      \"wollok:clase1> pepita.energia()\\r\",\n      \"✓ 180\\r\"\n    ]\n  ]\n} {\n  \"errors\": [\n    null,\n    [\n      \"/*\\r\",\n      \"wollok:clase1> pepita.energia()\\r\",\n      \"✓ 100\\r\",\n      \"wollok:clase1> emilia.entrena(pepita)\\r\",\n      \"✓\\r\",\n      \"wollok:clase1> pepita.energia()\\r\",\n      \"✓ 180\\r\"\n    ]\n  ]\n}","stack":"Error: {\n  \"errors\": [\n    null,\n    [\n      \"/*\\r\",\n      \"wollok:clase1> pepita.energia()\\r\",\n      \"✓ 100\\r\",\n      \"wollok:clase1> emilia.entrena(pepita)\\r\",\n      \"✓\\r\",\n      \"wollok:clase1> pepita.energia()\\r\",\n      \"✓ 180\\r\"\n    ]\n  ]\n}\n    at toError (c:\\Users\\Lucas\\.vscode\\extensions\\uqbar.wollok-lsp-ide-0.3.3\\node_modules\\partial.lenses.validation\\dist\\partial.lenses.validation.cjs.js:102:15)\n    at raise (c:\\Users\\Lucas\\.vscode\\extensions\\uqbar.wollok-lsp-ide-0.3.3\\node_modules\\partial.lenses.validation\\dist\\partial.lenses.validation.cjs.js:108:9)\n    at c:\\Users\\Lucas\\.vscode\\extensions\\uqbar.wollok-lsp-ide-0.3.3\\node_modules\\partial.lenses.validation\\dist\\partial.lenses.validation.cjs.js:387:35\n    at Monad.apply (c:\\Users\\Lucas\\.vscode\\extensions\\uqbar.wollok-lsp-ide-0.3.3\\node_modules\\infestines\\dist\\infestines.cjs.js:242:10)\n    at intersperse (c:\\Users\\Lucas\\.vscode\\extensions\\uqbar.wollok-lsp-ide-0.3.3\\node_modules\\partial.lenses.validation\\dist\\partial.lenses.validation.cjs.js:386:16)\n    at intersperse (c:\\Users\\Lucas\\.vscode\\extensions\\uqbar.wollok-lsp-ide-0.3.3\\node_modules\\infestines\\dist\\infestines.cjs.js:73:14)\n    at splitMetadata (c:\\Users\\Lucas\\.vscode\\extensions\\uqbar.wollok-lsp-ide-0.3.3\\node_modules\\wollok-ts\\dist\\printer\\print.js:355:163)\n    at c:\\Users\\Lucas\\.vscode\\extensions\\uqbar.wollok-lsp-ide-0.3.3\\node_modules\\wollok-ts\\dist\\printer\\print.js:28:22\n    at Array.map (<anonymous>)\n    at c:\\Users\\Lucas\\.vscode\\extensions\\uqbar.wollok-lsp-ide-0.3.3\\node_modules\\wollok-ts\\dist\\printer\\print.js:33:286","timestamp":"2024-08-25T00:37:10.626Z"}
{"level":"info","message":"⌛ Building environment","timeElapsed":156,"timestamp":"2024-08-25T00:37:12.825Z"}
{"level":"info","message":"⌛ Building environment","timeElapsed":192,"timestamp":"2024-08-25T00:37:13.017Z"}
{"level":"info","message":"⌛ Validating clase1.wlk","timeElapsed":330,"timestamp":"2024-08-25T00:37:13.350Z"}
{"level":"info","message":"⌛ Validating clase1.wlk","timeElapsed":379,"timestamp":"2024-08-25T00:37:13.730Z"}
{"level":"info","message":"⌛ Building environment","timeElapsed":105,"timestamp":"2024-08-25T00:37:13.848Z"}
{"level":"info","message":"⌛ Validating clase1.wlk","timeElapsed":177,"timestamp":"2024-08-25T00:37:14.123Z"}
{"level":"info","message":"⌛ Validating clase1.wlk","timeElapsed":252,"timestamp":"2024-08-25T00:37:14.377Z"}
{"level":"info","message":"⌛ Building environment","timeElapsed":139,"timestamp":"2024-08-25T00:37:14.523Z"}
{"level":"info","message":"⌛ Building environment","timeElapsed":124,"timestamp":"2024-08-25T00:37:14.648Z"}
{"level":"info","message":"⌛ Building environment","timeElapsed":167,"timestamp":"2024-08-25T00:37:14.816Z"}
{"level":"info","message":"⌛ Validating clase1.wlk","timeElapsed":312,"timestamp":"2024-08-25T00:37:15.130Z"}
{"level":"info","message":"⌛ Validating clase1.wlk","timeElapsed":342,"timestamp":"2024-08-25T00:37:15.572Z"}
{"level":"info","message":"⌛ Validating clase1.wlk","timeElapsed":377,"timestamp":"2024-08-25T00:37:15.953Z"}
{"level":"info","message":"⌛ Building environment","timeElapsed":306,"timestamp":"2024-08-25T00:37:26.435Z"}
{"level":"info","message":"⌛ Building environment","timeElapsed":137,"timestamp":"2024-08-25T00:37:26.573Z"}
{"level":"info","message":"⌛ Validating clase1.wlk","timeElapsed":451,"timestamp":"2024-08-25T00:37:27.027Z"}
{"level":"info","message":"⌛ Validating clase1.wlk","timeElapsed":488,"timestamp":"2024-08-25T00:37:27.600Z"}
{"level":"info","message":"⌛ Building environment","timeElapsed":241,"timestamp":"2024-08-25T00:37:27.844Z"}
{"level":"info","message":"⌛ Building environment","timeElapsed":155,"timestamp":"2024-08-25T00:37:28.000Z"}
{"level":"info","message":"⌛ Building environment","timeElapsed":130,"timestamp":"2024-08-25T00:37:28.141Z"}
{"level":"info","message":"⌛ Building environment","timeElapsed":118,"timestamp":"2024-08-25T00:37:28.260Z"}
{"level":"info","message":"⌛ Validating clase1.wlk","timeElapsed":210,"timestamp":"2024-08-25T00:37:28.478Z"}
{"level":"info","message":"⌛ Validating clase1.wlk","timeElapsed":208,"timestamp":"2024-08-25T00:37:28.687Z"}
{"level":"info","message":"⌛ Validating clase1.wlk","timeElapsed":193,"timestamp":"2024-08-25T00:37:28.881Z"}
{"level":"info","message":"⌛ Validating clase1.wlk","timeElapsed":209,"timestamp":"2024-08-25T00:37:29.091Z"}
{"level":"info","message":"⌛ Building environment","timeElapsed":157,"timestamp":"2024-08-25T00:37:29.249Z"}
{"level":"info","message":"⌛ Building environment","timeElapsed":122,"timestamp":"2024-08-25T00:37:29.381Z"}
{"level":"info","message":"⌛ Validating clase1.wlk","timeElapsed":193,"timestamp":"2024-08-25T00:37:29.584Z"}
{"level":"info","message":"⌛ Validating clase1.wlk","timeElapsed":191,"timestamp":"2024-08-25T00:37:29.781Z"}
{"level":"info","message":"⌛ Building environment","timeElapsed":233,"timestamp":"2024-08-25T00:37:33.377Z"}
{"level":"info","message":"⌛ Validating clase1.wlk","timeElapsed":243,"timestamp":"2024-08-25T00:37:33.623Z"}
{"level":"info","message":"⌛ Building environment","timeElapsed":244,"timestamp":"2024-08-25T00:37:34.782Z"}
{"level":"info","message":"⌛ Validating clase1.wlk","timeElapsed":152,"timestamp":"2024-08-25T00:37:35.039Z"}
{"level":"info","message":"⌛ Validating clase1.wlk","timeElapsed":169,"timestamp":"2024-08-25T00:37:35.209Z"}
{"level":"info","message":"⌛ Building environment","timeElapsed":108,"timestamp":"2024-08-25T00:37:35.317Z"}
{"level":"info","message":"⌛ Validating clase1.wlk","timeElapsed":154,"timestamp":"2024-08-25T00:37:35.478Z"}
{"level":"info","message":"⌛ Validating clase1.wlk","timeElapsed":165,"timestamp":"2024-08-25T00:37:35.727Z"}
{"level":"info","message":"⌛ Building environment","timeElapsed":160,"timestamp":"2024-08-25T00:37:35.889Z"}
{"level":"info","message":"⌛ Validating clase1.wlk","timeElapsed":201,"timestamp":"2024-08-25T00:37:36.100Z"}
{"level":"info","message":"⌛ Building environment","timeElapsed":108,"timestamp":"2024-08-25T00:37:36.215Z"}
{"level":"info","message":"⌛ Building environment","timeElapsed":119,"timestamp":"2024-08-25T00:37:36.334Z"}
{"level":"info","message":"⌛ Validating clase1.wlk","timeElapsed":166,"timestamp":"2024-08-25T00:37:36.501Z"}
{"level":"info","message":"⌛ Building environment","timeElapsed":103,"timestamp":"2024-08-25T00:37:36.604Z"}
{"level":"info","message":"⌛ Validating clase1.wlk","timeElapsed":182,"timestamp":"2024-08-25T00:37:36.787Z"}
{"level":"info","message":"⌛ Validating clase1.wlk","timeElapsed":143,"timestamp":"2024-08-25T00:37:36.936Z"}
{"errors":{"errors":[null,["/*\r","wollok:clase1> pepita.energia()\r","✓ 100\r","wollok:clase1> emilia.entrena(pepita)\r","✓\r","wollok:clase1> pepita.energia()\r","✓ 180\r","ERROR COMUN de tipos\r","wollok:clase1> emilia.entrena(10)\r","✗ Evaluation Error!\r","wollok.lang.MessageNotUnderstoodException: 10 does not understand come(arg 0)\r","at clase1.emilia.entrena(ave) [clase1.wlk:22]\r"]]},"level":"error","message":"✘ Failed to get type description: Error: {\n  \"errors\": [\n    null,\n    [\n      \"/*\\r\",\n      \"wollok:clase1> pepita.energia()\\r\",\n      \"✓ 100\\r\",\n      \"wollok:clase1> emilia.entrena(pepita)\\r\",\n      \"✓\\r\",\n      \"wollok:clase1> pepita.energia()\\r\",\n      \"✓ 180\\r\",\n      \"ERROR COMUN de tipos\\r\",\n      \"wollok:clase1> emilia.entrena(10)\\r\",\n      \"✗ Evaluation Error!\\r\",\n      \"wollok.lang.MessageNotUnderstoodException: 10 does not understand come(arg 0)\\r\",\n      \"at clase1.emilia.entrena(ave) [clase1.wlk:22]\\r\"\n    ]\n  ]\n} {\n  \"errors\": [\n    null,\n    [\n      \"/*\\r\",\n      \"wollok:clase1> pepita.energia()\\r\",\n      \"✓ 100\\r\",\n      \"wollok:clase1> emilia.entrena(pepita)\\r\",\n      \"✓\\r\",\n      \"wollok:clase1> pepita.energia()\\r\",\n      \"✓ 180\\r\",\n      \"ERROR COMUN de tipos\\r\",\n      \"wollok:clase1> emilia.entrena(10)\\r\",\n      \"✗ Evaluation Error!\\r\",\n      \"wollok.lang.MessageNotUnderstoodException: 10 does not understand come(arg 0)\\r\",\n      \"at clase1.emilia.entrena(ave) [clase1.wlk:22]\\r\"\n    ]\n  ]\n}","stack":"Error: {\n  \"errors\": [\n    null,\n    [\n      \"/*\\r\",\n      \"wollok:clase1> pepita.energia()\\r\",\n      \"✓ 100\\r\",\n      \"wollok:clase1> emilia.entrena(pepita)\\r\",\n      \"✓\\r\",\n      \"wollok:clase1> pepita.energia()\\r\",\n      \"✓ 180\\r\",\n      \"ERROR COMUN de tipos\\r\",\n      \"wollok:clase1> emilia.entrena(10)\\r\",\n      \"✗ Evaluation Error!\\r\",\n      \"wollok.lang.MessageNotUnderstoodException: 10 does not understand come(arg 0)\\r\",\n      \"at clase1.emilia.entrena(ave) [clase1.wlk:22]\\r\"\n    ]\n  ]\n}\n    at toError (c:\\Users\\Lucas\\.vscode\\extensions\\uqbar.wollok-lsp-ide-0.3.3\\node_modules\\partial.lenses.validation\\dist\\partial.lenses.validation.cjs.js:102:15)\n    at raise (c:\\Users\\Lucas\\.vscode\\extensions\\uqbar.wollok-lsp-ide-0.3.3\\node_modules\\partial.lenses.validation\\dist\\partial.lenses.validation.cjs.js:108:9)\n    at c:\\Users\\Lucas\\.vscode\\extensions\\uqbar.wollok-lsp-ide-0.3.3\\node_modules\\partial.lenses.validation\\dist\\partial.lenses.validation.cjs.js:387:35\n    at Monad.apply (c:\\Users\\Lucas\\.vscode\\extensions\\uqbar.wollok-lsp-ide-0.3.3\\node_modules\\infestines\\dist\\infestines.cjs.js:242:10)\n    at intersperse (c:\\Users\\Lucas\\.vscode\\extensions\\uqbar.wollok-lsp-ide-0.3.3\\node_modules\\partial.lenses.validation\\dist\\partial.lenses.validation.cjs.js:386:16)\n    at intersperse (c:\\Users\\Lucas\\.vscode\\extensions\\uqbar.wollok-lsp-ide-0.3.3\\node_modules\\infestines\\dist\\infestines.cjs.js:73:14)\n    at splitMetadata (c:\\Users\\Lucas\\.vscode\\extensions\\uqbar.wollok-lsp-ide-0.3.3\\node_modules\\wollok-ts\\dist\\printer\\print.js:355:163)\n    at c:\\Users\\Lucas\\.vscode\\extensions\\uqbar.wollok-lsp-ide-0.3.3\\node_modules\\wollok-ts\\dist\\printer\\print.js:28:22\n    at Array.map (<anonymous>)\n    at c:\\Users\\Lucas\\.vscode\\extensions\\uqbar.wollok-lsp-ide-0.3.3\\node_modules\\wollok-ts\\dist\\printer\\print.js:33:286","timestamp":"2024-08-25T00:38:09.863Z"}
{"level":"info","message":"⌛ Building environment","timeElapsed":235,"timestamp":"2024-08-25T00:38:39.843Z"}
{"level":"info","message":"⌛ Validating clase1.wlk","timeElapsed":199,"timestamp":"2024-08-25T00:38:40.047Z"}
{"level":"info","message":"⌛ Building environment","timeElapsed":174,"timestamp":"2024-08-25T00:38:40.222Z"}
{"level":"info","message":"⌛ Validating clase1.wlk","timeElapsed":184,"timestamp":"2024-08-25T00:38:40.423Z"}
{"level":"info","message":"⌛ Validating clase1.wlk","timeElapsed":163,"timestamp":"2024-08-25T00:38:40.684Z"}
{"level":"info","message":"⌛ Building environment","timeElapsed":253,"timestamp":"2024-08-25T00:38:41.400Z"}
{"level":"info","message":"⌛ Validating clase1.wlk","timeElapsed":266,"timestamp":"2024-08-25T00:38:41.669Z"}
{"level":"info","message":"⌛ Building environment","timeElapsed":296,"timestamp":"2024-08-25T00:38:42.354Z"}
{"level":"info","message":"⌛ Building environment","timeElapsed":160,"timestamp":"2024-08-25T00:38:42.515Z"}
{"level":"info","message":"⌛ Validating clase1.wlk","timeElapsed":293,"timestamp":"2024-08-25T00:38:42.809Z"}
{"level":"info","message":"⌛ Building environment","timeElapsed":343,"timestamp":"2024-08-25T00:38:43.155Z"}
{"level":"info","message":"⌛ Validating clase1.wlk","timeElapsed":356,"timestamp":"2024-08-25T00:38:43.512Z"}
{"level":"info","message":"⌛ Building environment","timeElapsed":121,"timestamp":"2024-08-25T00:38:43.634Z"}
{"level":"info","message":"⌛ Building environment","timeElapsed":145,"timestamp":"2024-08-25T00:38:43.786Z"}
{"level":"info","message":"⌛ Validating clase1.wlk","timeElapsed":200,"timestamp":"2024-08-25T00:38:44.016Z"}
{"level":"info","message":"⌛ Building environment","timeElapsed":166,"timestamp":"2024-08-25T00:38:44.188Z"}
{"level":"info","message":"⌛ Validating clase1.wlk","timeElapsed":214,"timestamp":"2024-08-25T00:38:44.403Z"}
{"level":"info","message":"⌛ Building environment","timeElapsed":122,"timestamp":"2024-08-25T00:38:44.525Z"}
{"level":"info","message":"⌛ Validating clase1.wlk","timeElapsed":142,"timestamp":"2024-08-25T00:38:44.677Z"}
{"level":"info","message":"⌛ Building environment","timeElapsed":190,"timestamp":"2024-08-25T00:38:44.869Z"}
{"level":"info","message":"⌛ Building environment","timeElapsed":119,"timestamp":"2024-08-25T00:38:44.989Z"}
{"level":"info","message":"⌛ Validating clase1.wlk","timeElapsed":207,"timestamp":"2024-08-25T00:38:45.196Z"}
{"level":"info","message":"⌛ Validating clase1.wlk","timeElapsed":186,"timestamp":"2024-08-25T00:38:45.389Z"}
{"level":"info","message":"⌛ Validating clase1.wlk","timeElapsed":191,"timestamp":"2024-08-25T00:38:45.581Z"}
{"level":"info","message":"⌛ Validating clase1.wlk","timeElapsed":193,"timestamp":"2024-08-25T00:38:45.774Z"}
{"level":"info","message":"⌛ Building environment","timeElapsed":109,"timestamp":"2024-08-25T00:38:45.884Z"}
{"level":"info","message":"⌛ Building environment","timeElapsed":141,"timestamp":"2024-08-25T00:38:46.035Z"}
{"level":"info","message":"⌛ Validating clase1.wlk","timeElapsed":190,"timestamp":"2024-08-25T00:38:46.225Z"}
{"level":"info","message":"⌛ Validating clase1.wlk","timeElapsed":180,"timestamp":"2024-08-25T00:38:46.406Z"}
{"level":"info","message":"⌛ Building environment","timeElapsed":124,"timestamp":"2024-08-25T00:38:46.571Z"}
{"level":"info","message":"⌛ Validating clase1.wlk","timeElapsed":188,"timestamp":"2024-08-25T00:38:46.760Z"}
{"level":"info","message":"⌛ Building environment","timeElapsed":112,"timestamp":"2024-08-25T00:38:46.872Z"}
{"level":"info","message":"⌛ Validating clase1.wlk","timeElapsed":186,"timestamp":"2024-08-25T00:38:47.060Z"}
{"level":"info","message":"⌛ Building environment","timeElapsed":264,"timestamp":"2024-08-25T00:38:48.028Z"}
{"level":"info","message":"⌛ Building environment","timeElapsed":137,"timestamp":"2024-08-25T00:38:48.212Z"}
{"level":"info","message":"⌛ Validating clase1.wlk","timeElapsed":297,"timestamp":"2024-08-25T00:38:48.592Z"}
{"level":"info","message":"⌛ Building environment","timeElapsed":117,"timestamp":"2024-08-25T00:38:48.710Z"}
{"level":"info","message":"⌛ Validating clase1.wlk","timeElapsed":188,"timestamp":"2024-08-25T00:38:48.948Z"}
{"level":"info","message":"⌛ Building environment","timeElapsed":110,"timestamp":"2024-08-25T00:38:49.059Z"}
{"level":"info","message":"⌛ Validating clase1.wlk","timeElapsed":195,"timestamp":"2024-08-25T00:38:49.262Z"}
{"level":"info","message":"⌛ Building environment","timeElapsed":159,"timestamp":"2024-08-25T00:38:49.517Z"}
{"level":"info","message":"⌛ Validating clase1.wlk","timeElapsed":151,"timestamp":"2024-08-25T00:38:49.767Z"}
{"level":"info","message":"⌛ Building environment","timeElapsed":120,"timestamp":"2024-08-25T00:38:49.888Z"}
{"level":"info","message":"⌛ Validating clase1.wlk","timeElapsed":176,"timestamp":"2024-08-25T00:38:50.065Z"}
{"level":"info","message":"⌛ Validating clase1.wlk","timeElapsed":186,"timestamp":"2024-08-25T00:38:50.334Z"}
{"level":"info","message":"⌛ Building environment","timeElapsed":120,"timestamp":"2024-08-25T00:38:50.455Z"}
{"level":"info","message":"⌛ Validating clase1.wlk","timeElapsed":193,"timestamp":"2024-08-25T00:38:50.650Z"}
{"level":"info","message":"⌛ Building environment","timeElapsed":121,"timestamp":"2024-08-25T00:38:50.772Z"}
{"level":"info","message":"⌛ Validating clase1.wlk","timeElapsed":190,"timestamp":"2024-08-25T00:38:50.962Z"}
{"level":"info","message":"⌛ Validating clase1.wlk","timeElapsed":192,"timestamp":"2024-08-25T00:38:51.155Z"}
{"level":"info","message":"⌛ Building environment","timeElapsed":116,"timestamp":"2024-08-25T00:38:51.271Z"}
{"level":"info","message":"⌛ Building environment","timeElapsed":131,"timestamp":"2024-08-25T00:38:51.403Z"}
{"level":"info","message":"⌛ Building environment","timeElapsed":118,"timestamp":"2024-08-25T00:38:51.521Z"}
{"level":"info","message":"⌛ Validating clase1.wlk","timeElapsed":204,"timestamp":"2024-08-25T00:38:51.725Z"}
{"level":"info","message":"⌛ Building environment","timeElapsed":124,"timestamp":"2024-08-25T00:38:51.850Z"}
{"level":"info","message":"⌛ Building environment","timeElapsed":118,"timestamp":"2024-08-25T00:38:51.969Z"}
{"level":"info","message":"⌛ Validating clase1.wlk","timeElapsed":205,"timestamp":"2024-08-25T00:38:52.175Z"}
{"level":"info","message":"⌛ Building environment","timeElapsed":187,"timestamp":"2024-08-25T00:38:52.365Z"}
{"level":"info","message":"⌛ Building environment","timeElapsed":125,"timestamp":"2024-08-25T00:38:52.493Z"}
{"level":"info","message":"⌛ Validating clase1.wlk","timeElapsed":377,"timestamp":"2024-08-25T00:38:52.974Z"}
{"level":"info","message":"⌛ Building environment","timeElapsed":190,"timestamp":"2024-08-25T00:38:53.167Z"}
{"level":"info","message":"⌛ Validating clase1.wlk","timeElapsed":377,"timestamp":"2024-08-25T00:38:53.565Z"}
{"level":"info","message":"⌛ Building environment","timeElapsed":167,"timestamp":"2024-08-25T00:38:53.734Z"}
{"level":"info","message":"⌛ Validating clase1.wlk","timeElapsed":438,"timestamp":"2024-08-25T00:38:54.172Z"}
{"level":"info","message":"⌛ Building environment","timeElapsed":250,"timestamp":"2024-08-25T00:38:54.423Z"}
{"level":"info","message":"⌛ Building environment","timeElapsed":141,"timestamp":"2024-08-25T00:38:54.565Z"}
{"level":"info","message":"⌛ Building environment","timeElapsed":244,"timestamp":"2024-08-25T00:38:54.810Z"}
{"level":"info","message":"⌛ Validating clase1.wlk","timeElapsed":384,"timestamp":"2024-08-25T00:38:55.223Z"}
{"level":"info","message":"⌛ Building environment","timeElapsed":181,"timestamp":"2024-08-25T00:38:55.405Z"}
{"level":"info","message":"⌛ Validating clase1.wlk","timeElapsed":203,"timestamp":"2024-08-25T00:38:55.609Z"}
{"level":"info","message":"⌛ Building environment","timeElapsed":121,"timestamp":"2024-08-25T00:38:55.731Z"}
{"level":"info","message":"⌛ Building environment","timeElapsed":133,"timestamp":"2024-08-25T00:38:55.865Z"}
{"level":"info","message":"⌛ Validating clase1.wlk","timeElapsed":184,"timestamp":"2024-08-25T00:38:56.050Z"}
{"level":"info","message":"⌛ Building environment","timeElapsed":110,"timestamp":"2024-08-25T00:38:56.161Z"}
{"level":"info","message":"⌛ Validating clase1.wlk","timeElapsed":189,"timestamp":"2024-08-25T00:38:56.351Z"}
{"level":"info","message":"⌛ Validating clase1.wlk","timeElapsed":180,"timestamp":"2024-08-25T00:38:56.539Z"}
{"level":"info","message":"⌛ Building environment","timeElapsed":114,"timestamp":"2024-08-25T00:38:56.654Z"}
{"level":"info","message":"⌛ Building environment","timeElapsed":109,"timestamp":"2024-08-25T00:38:56.850Z"}
{"level":"info","message":"⌛ Building environment","timeElapsed":198,"timestamp":"2024-08-25T00:38:57.048Z"}
{"level":"info","message":"⌛ Building environment","timeElapsed":118,"timestamp":"2024-08-25T00:38:57.167Z"}
{"level":"info","message":"⌛ Validating clase1.wlk","timeElapsed":358,"timestamp":"2024-08-25T00:38:57.526Z"}
{"level":"info","message":"⌛ Building environment","timeElapsed":142,"timestamp":"2024-08-25T00:38:57.669Z"}
{"level":"info","message":"⌛ Building environment","timeElapsed":211,"timestamp":"2024-08-25T00:38:57.894Z"}
{"level":"info","message":"⌛ Building environment","timeElapsed":175,"timestamp":"2024-08-25T00:38:58.082Z"}
{"level":"info","message":"⌛ Validating clase1.wlk","timeElapsed":162,"timestamp":"2024-08-25T00:38:58.350Z"}
{"level":"info","message":"⌛ Building environment","timeElapsed":104,"timestamp":"2024-08-25T00:38:58.455Z"}
{"level":"info","message":"⌛ Building environment","timeElapsed":113,"timestamp":"2024-08-25T00:38:58.584Z"}
{"level":"info","message":"⌛ Building environment","timeElapsed":327,"timestamp":"2024-08-25T00:38:59.015Z"}
{"level":"info","message":"⌛ Validating clase1.wlk","timeElapsed":172,"timestamp":"2024-08-25T00:38:59.285Z"}
{"level":"info","message":"⌛ Validating clase1.wlk","timeElapsed":178,"timestamp":"2024-08-25T00:38:59.464Z"}
{"level":"info","message":"⌛ Building environment","timeElapsed":104,"timestamp":"2024-08-25T00:38:59.568Z"}
{"level":"info","message":"⌛ Validating clase1.wlk","timeElapsed":176,"timestamp":"2024-08-25T00:38:59.749Z"}
{"level":"info","message":"⌛ Building environment","timeElapsed":111,"timestamp":"2024-08-25T00:38:59.860Z"}
{"level":"info","message":"⌛ Building environment","timeElapsed":101,"timestamp":"2024-08-25T00:38:59.962Z"}
{"level":"info","message":"⌛ Building environment","timeElapsed":106,"timestamp":"2024-08-25T00:39:00.070Z"}
{"level":"info","message":"⌛ Validating clase1.wlk","timeElapsed":166,"timestamp":"2024-08-25T00:39:00.325Z"}
{"level":"info","message":"⌛ Building environment","timeElapsed":109,"timestamp":"2024-08-25T00:39:00.435Z"}
{"level":"info","message":"⌛ Building environment","timeElapsed":112,"timestamp":"2024-08-25T00:39:00.559Z"}
{"level":"info","message":"⌛ Building environment","timeElapsed":113,"timestamp":"2024-08-25T00:39:00.673Z"}
{"level":"info","message":"⌛ Validating clase1.wlk","timeElapsed":152,"timestamp":"2024-08-25T00:39:00.834Z"}
{"level":"info","message":"⌛ Validating clase1.wlk","timeElapsed":165,"timestamp":"2024-08-25T00:39:01.095Z"}
{"level":"info","message":"⌛ Validating clase1.wlk","timeElapsed":196,"timestamp":"2024-08-25T00:39:01.311Z"}
{"level":"info","message":"⌛ Building environment","timeElapsed":225,"timestamp":"2024-08-25T00:39:01.536Z"}
{"level":"info","message":"⌛ Building environment","timeElapsed":107,"timestamp":"2024-08-25T00:39:01.644Z"}
{"level":"info","message":"⌛ Validating clase1.wlk","timeElapsed":143,"timestamp":"2024-08-25T00:39:01.799Z"}
{"level":"info","message":"⌛ Validating clase1.wlk","timeElapsed":170,"timestamp":"2024-08-25T00:39:01.970Z"}
{"level":"info","message":"⌛ Validating clase1.wlk","timeElapsed":168,"timestamp":"2024-08-25T00:39:02.143Z"}
{"level":"info","message":"⌛ Building environment","timeElapsed":107,"timestamp":"2024-08-25T00:39:02.251Z"}
{"level":"info","message":"⌛ Validating clase1.wlk","timeElapsed":153,"timestamp":"2024-08-25T00:39:02.404Z"}
{"level":"info","message":"⌛ Validating clase1.wlk","timeElapsed":177,"timestamp":"2024-08-25T00:39:02.670Z"}
{"level":"info","message":"⌛ Building environment","timeElapsed":107,"timestamp":"2024-08-25T00:39:02.887Z"}
{"level":"info","message":"⌛ Validating clase1.wlk","timeElapsed":149,"timestamp":"2024-08-25T00:39:03.037Z"}
{"level":"info","message":"⌛ Validating clase1.wlk","timeElapsed":146,"timestamp":"2024-08-25T00:39:03.184Z"}
{"level":"info","message":"⌛ Validating clase1.wlk","timeElapsed":147,"timestamp":"2024-08-25T00:39:03.337Z"}
{"level":"info","message":"⌛ Validating clase1.wlk","timeElapsed":132,"timestamp":"2024-08-25T00:39:03.541Z"}
{"level":"info","message":"⌛ Validating clase1.wlk","timeElapsed":155,"timestamp":"2024-08-25T00:39:03.696Z"}
{"level":"info","message":"⌛ Validating clase1.wlk","timeElapsed":145,"timestamp":"2024-08-25T00:39:03.847Z"}
{"level":"info","message":"⌛ Validating clase1.wlk","timeElapsed":174,"timestamp":"2024-08-25T00:39:04.022Z"}
{"level":"info","message":"⌛ Validating clase1.wlk","timeElapsed":167,"timestamp":"2024-08-25T00:39:04.190Z"}
{"level":"info","message":"⌛ Validating clase1.wlk","timeElapsed":196,"timestamp":"2024-08-25T00:39:04.387Z"}
{"level":"info","message":"⌛ Validating clase1.wlk","timeElapsed":251,"timestamp":"2024-08-25T00:39:04.639Z"}
{"level":"info","message":"⌛ Validating clase1.wlk","timeElapsed":235,"timestamp":"2024-08-25T00:39:04.875Z"}
{"level":"info","message":"⌛ Validating clase1.wlk","timeElapsed":198,"timestamp":"2024-08-25T00:39:05.073Z"}
{"level":"info","message":"⌛ Validating clase1.wlk","timeElapsed":124,"timestamp":"2024-08-25T00:39:05.197Z"}
{"level":"info","message":"⌛ Validating clase1.wlk","timeElapsed":132,"timestamp":"2024-08-25T00:39:05.330Z"}
{"level":"info","message":"⌛ Validating clase1.wlk","timeElapsed":111,"timestamp":"2024-08-25T00:39:05.441Z"}
{"level":"info","message":"⌛ Validating clase1.wlk","timeElapsed":162,"timestamp":"2024-08-25T00:39:05.604Z"}
{"level":"info","message":"⌛ Validating clase1.wlk","timeElapsed":150,"timestamp":"2024-08-25T00:39:05.755Z"}
{"level":"info","message":"⌛ Validating clase1.wlk","timeElapsed":182,"timestamp":"2024-08-25T00:39:05.937Z"}
{"level":"info","message":"⌛ Validating clase1.wlk","timeElapsed":162,"timestamp":"2024-08-25T00:39:06.101Z"}
{"level":"info","message":"⌛ Validating clase1.wlk","timeElapsed":145,"timestamp":"2024-08-25T00:39:06.246Z"}
{"level":"info","message":"⌛ Validating clase1.wlk","timeElapsed":265,"timestamp":"2024-08-25T00:39:06.514Z"}
{"level":"info","message":"⌛ Validating clase1.wlk","timeElapsed":252,"timestamp":"2024-08-25T00:39:06.767Z"}
{"level":"info","message":"⌛ Validating clase1.wlk","timeElapsed":162,"timestamp":"2024-08-25T00:39:06.930Z"}
{"level":"info","message":"⌛ Validating clase1.wlk","timeElapsed":136,"timestamp":"2024-08-25T00:39:07.067Z"}
{"level":"info","message":"⌛ Validating clase1.wlk","timeElapsed":148,"timestamp":"2024-08-25T00:39:07.215Z"}
{"errors":{"errors":[null,["/*\r","wollok:clase1> pepita.energia()\r","✓ 100\r","wollok:clase1> emilia.entrena(pepita)\r","✓\r","wollok:clase1> pepita.energia()\r","✓ 180\r","ERROR COMUN de tipos\r","wollok:clase1> emilia.entrena(10)\r","✗ Evaluation Error!\r","wollok.lang.MessageNotUnderstoodException: 10 does not understand come(arg 0)\r","at clase1.emilia.entrena(ave) [clase1.wlk:22]\r","OTRO ERROR... a los objetos solo se le pueden pasar mensajes\r","wollok:clase1> pepita.energia(10)\r","✗ Evaluation Error!\r","wollok.lang.MessageNotUnderstoodException: pepita does not understand energia(arg 0)\r"]]},"level":"error","message":"✘ Failed to get type description: Error: {\n  \"errors\": [\n    null,\n    [\n      \"/*\\r\",\n      \"wollok:clase1> pepita.energia()\\r\",\n      \"✓ 100\\r\",\n      \"wollok:clase1> emilia.entrena(pepita)\\r\",\n      \"✓\\r\",\n      \"wollok:clase1> pepita.energia()\\r\",\n      \"✓ 180\\r\",\n      \"ERROR COMUN de tipos\\r\",\n      \"wollok:clase1> emilia.entrena(10)\\r\",\n      \"✗ Evaluation Error!\\r\",\n      \"wollok.lang.MessageNotUnderstoodException: 10 does not understand come(arg 0)\\r\",\n      \"at clase1.emilia.entrena(ave) [clase1.wlk:22]\\r\",\n      \"OTRO ERROR... a los objetos solo se le pueden pasar mensajes\\r\",\n      \"wollok:clase1> pepita.energia(10)\\r\",\n      \"✗ Evaluation Error!\\r\",\n      \"wollok.lang.MessageNotUnderstoodException: pepita does not understand energia(arg 0)\\r\"\n    ]\n  ]\n} {\n  \"errors\": [\n    null,\n    [\n      \"/*\\r\",\n      \"wollok:clase1> pepita.energia()\\r\",\n      \"✓ 100\\r\",\n      \"wollok:clase1> emilia.entrena(pepita)\\r\",\n      \"✓\\r\",\n      \"wollok:clase1> pepita.energia()\\r\",\n      \"✓ 180\\r\",\n      \"ERROR COMUN de tipos\\r\",\n      \"wollok:clase1> emilia.entrena(10)\\r\",\n      \"✗ Evaluation Error!\\r\",\n      \"wollok.lang.MessageNotUnderstoodException: 10 does not understand come(arg 0)\\r\",\n      \"at clase1.emilia.entrena(ave) [clase1.wlk:22]\\r\",\n      \"OTRO ERROR... a los objetos solo se le pueden pasar mensajes\\r\",\n      \"wollok:clase1> pepita.energia(10)\\r\",\n      \"✗ Evaluation Error!\\r\",\n      \"wollok.lang.MessageNotUnderstoodException: pepita does not understand energia(arg 0)\\r\"\n    ]\n  ]\n}","stack":"Error: {\n  \"errors\": [\n    null,\n    [\n      \"/*\\r\",\n      \"wollok:clase1> pepita.energia()\\r\",\n      \"✓ 100\\r\",\n      \"wollok:clase1> emilia.entrena(pepita)\\r\",\n      \"✓\\r\",\n      \"wollok:clase1> pepita.energia()\\r\",\n      \"✓ 180\\r\",\n      \"ERROR COMUN de tipos\\r\",\n      \"wollok:clase1> emilia.entrena(10)\\r\",\n      \"✗ Evaluation Error!\\r\",\n      \"wollok.lang.MessageNotUnderstoodException: 10 does not understand come(arg 0)\\r\",\n      \"at clase1.emilia.entrena(ave) [clase1.wlk:22]\\r\",\n      \"OTRO ERROR... a los objetos solo se le pueden pasar mensajes\\r\",\n      \"wollok:clase1> pepita.energia(10)\\r\",\n      \"✗ Evaluation Error!\\r\",\n      \"wollok.lang.MessageNotUnderstoodException: pepita does not understand energia(arg 0)\\r\"\n    ]\n  ]\n}\n    at toError (c:\\Users\\Lucas\\.vscode\\extensions\\uqbar.wollok-lsp-ide-0.3.3\\node_modules\\partial.lenses.validation\\dist\\partial.lenses.validation.cjs.js:102:15)\n    at raise (c:\\Users\\Lucas\\.vscode\\extensions\\uqbar.wollok-lsp-ide-0.3.3\\node_modules\\partial.lenses.validation\\dist\\partial.lenses.validation.cjs.js:108:9)\n    at c:\\Users\\Lucas\\.vscode\\extensions\\uqbar.wollok-lsp-ide-0.3.3\\node_modules\\partial.lenses.validation\\dist\\partial.lenses.validation.cjs.js:387:35\n    at Monad.apply (c:\\Users\\Lucas\\.vscode\\extensions\\uqbar.wollok-lsp-ide-0.3.3\\node_modules\\infestines\\dist\\infestines.cjs.js:242:10)\n    at intersperse (c:\\Users\\Lucas\\.vscode\\extensions\\uqbar.wollok-lsp-ide-0.3.3\\node_modules\\partial.lenses.validation\\dist\\partial.lenses.validation.cjs.js:386:16)\n    at intersperse (c:\\Users\\Lucas\\.vscode\\extensions\\uqbar.wollok-lsp-ide-0.3.3\\node_modules\\infestines\\dist\\infestines.cjs.js:73:14)\n    at splitMetadata (c:\\Users\\Lucas\\.vscode\\extensions\\uqbar.wollok-lsp-ide-0.3.3\\node_modules\\wollok-ts\\dist\\printer\\print.js:355:163)\n    at c:\\Users\\Lucas\\.vscode\\extensions\\uqbar.wollok-lsp-ide-0.3.3\\node_modules\\wollok-ts\\dist\\printer\\print.js:28:22\n    at Array.map (<anonymous>)\n    at c:\\Users\\Lucas\\.vscode\\extensions\\uqbar.wollok-lsp-ide-0.3.3\\node_modules\\wollok-ts\\dist\\printer\\print.js:33:286","timestamp":"2024-08-25T00:43:48.745Z"}
{"level":"info","message":"⌛ Building environment","timeElapsed":259,"timestamp":"2024-08-25T02:58:20.485Z"}
{"level":"info","message":"⌛ Building environment","timeElapsed":142,"timestamp":"2024-08-25T02:58:20.631Z"}
{"level":"info","message":"⌛ Validating clase1.wlk","timeElapsed":241,"timestamp":"2024-08-25T02:58:20.874Z"}
{"level":"info","message":"⌛ Validating clase1.wlk","timeElapsed":119,"timestamp":"2024-08-25T02:58:20.994Z"}
{"level":"info","message":"⌛ Building environment","timeElapsed":291,"timestamp":"2024-08-25T02:58:23.726Z"}
{"level":"info","message":"⌛ Building environment","timeElapsed":188,"timestamp":"2024-08-25T02:58:23.916Z"}
{"level":"info","message":"⌛ Validating clase1.wlk","timeElapsed":178,"timestamp":"2024-08-25T02:58:24.094Z"}
{"level":"info","message":"⌛ Validating clase1.wlk","timeElapsed":154,"timestamp":"2024-08-25T02:58:24.277Z"}
{"level":"info","message":"⌛ Building environment","timeElapsed":207,"timestamp":"2024-08-25T02:58:25.048Z"}
{"level":"info","message":"⌛ Building environment","timeElapsed":107,"timestamp":"2024-08-25T02:58:25.156Z"}
{"level":"info","message":"⌛ Validating clase1.wlk","timeElapsed":163,"timestamp":"2024-08-25T02:58:25.320Z"}
{"level":"info","message":"⌛ Validating clase1.wlk","timeElapsed":132,"timestamp":"2024-08-25T02:58:25.452Z"}
{"level":"info","message":"⌛ Building environment","timeElapsed":215,"timestamp":"2024-08-25T02:58:25.728Z"}
{"level":"info","message":"⌛ Validating clase1.wlk","timeElapsed":211,"timestamp":"2024-08-25T02:58:25.941Z"}
{"level":"info","message":"⌛ Building environment","timeElapsed":193,"timestamp":"2024-08-25T02:58:26.355Z"}
{"level":"info","message":"⌛ Validating clase1.wlk","timeElapsed":174,"timestamp":"2024-08-25T02:58:26.530Z"}
{"level":"info","message":"⌛ Building environment","timeElapsed":148,"timestamp":"2024-08-25T02:58:26.739Z"}
{"level":"info","message":"⌛ Building environment","timeElapsed":108,"timestamp":"2024-08-25T02:58:26.847Z"}
{"level":"info","message":"⌛ Validating clase1.wlk","timeElapsed":184,"timestamp":"2024-08-25T02:58:27.031Z"}
{"level":"info","message":"⌛ Validating clase1.wlk","timeElapsed":174,"timestamp":"2024-08-25T02:58:27.205Z"}
{"level":"info","message":"⌛ Building environment","timeElapsed":197,"timestamp":"2024-08-25T02:58:27.799Z"}
{"level":"info","message":"⌛ Validating clase1.wlk","timeElapsed":175,"timestamp":"2024-08-25T02:58:27.976Z"}
{"level":"info","message":"⌛ Building environment","timeElapsed":109,"timestamp":"2024-08-25T02:58:28.090Z"}
{"level":"info","message":"⌛ Building environment","timeElapsed":120,"timestamp":"2024-08-25T02:58:28.210Z"}
{"level":"info","message":"⌛ Validating clase1.wlk","timeElapsed":177,"timestamp":"2024-08-25T02:58:28.387Z"}
{"level":"info","message":"⌛ Building environment","timeElapsed":133,"timestamp":"2024-08-25T02:58:28.521Z"}
{"level":"info","message":"⌛ Validating clase1.wlk","timeElapsed":158,"timestamp":"2024-08-25T02:58:28.680Z"}
{"level":"info","message":"⌛ Validating clase1.wlk","timeElapsed":112,"timestamp":"2024-08-25T02:58:28.796Z"}
{"level":"info","message":"⌛ Building environment","timeElapsed":157,"timestamp":"2024-08-25T02:58:29.010Z"}
{"level":"info","message":"⌛ Building environment","timeElapsed":138,"timestamp":"2024-08-25T02:58:29.160Z"}
{"level":"info","message":"⌛ Validating clase1.wlk","timeElapsed":189,"timestamp":"2024-08-25T02:58:29.351Z"}
{"level":"info","message":"⌛ Validating clase1.wlk","timeElapsed":118,"timestamp":"2024-08-25T02:58:29.470Z"}
{"level":"info","message":"⌛ Building environment","timeElapsed":177,"timestamp":"2024-08-25T02:58:30.117Z"}
{"level":"info","message":"⌛ Validating clase1.wlk","timeElapsed":252,"timestamp":"2024-08-25T02:58:30.372Z"}
{"level":"info","message":"⌛ Building environment","timeElapsed":157,"timestamp":"2024-08-25T02:58:30.531Z"}
{"level":"info","message":"⌛ Validating clase1.wlk","timeElapsed":156,"timestamp":"2024-08-25T02:58:30.692Z"}
{"level":"info","message":"⌛ Building environment","timeElapsed":343,"timestamp":"2024-08-25T02:58:39.158Z"}
{"level":"info","message":"⌛ Validating clase1.wlk","timeElapsed":233,"timestamp":"2024-08-25T02:58:39.468Z"}
{"level":"info","message":"onRequest - completionItem/resolve","timestamp":"2024-08-25T02:58:39.473Z"}
{"level":"info","message":"⌛ Building environment","timeElapsed":230,"timestamp":"2024-08-25T02:58:39.703Z"}
{"level":"info","message":"onRequest - completionItem/resolve","timestamp":"2024-08-25T02:58:39.705Z"}
{"level":"info","message":"⌛ Building environment","timeElapsed":165,"timestamp":"2024-08-25T02:58:39.882Z"}
{"level":"info","message":"onRequest - completionItem/resolve","timestamp":"2024-08-25T02:58:39.892Z"}
{"level":"info","message":"⌛ Validating clase1.wlk","timeElapsed":165,"timestamp":"2024-08-25T02:58:40.059Z"}
{"level":"info","message":"⌛ Validating clase1.wlk","timeElapsed":154,"timestamp":"2024-08-25T02:58:40.218Z"}
{"level":"info","message":"onRequest - completionItem/resolve","timestamp":"2024-08-25T02:58:40.219Z"}
{"level":"info","message":"⌛ Building environment","timeElapsed":110,"timestamp":"2024-08-25T02:58:40.330Z"}
{"level":"info","message":"⌛ Validating clase1.wlk","timeElapsed":156,"timestamp":"2024-08-25T02:58:40.493Z"}
{"level":"info","message":"⌛ Building environment","timeElapsed":244,"timestamp":"2024-08-25T02:58:45.135Z"}
{"level":"info","message":"⌛ Building environment","timeElapsed":187,"timestamp":"2024-08-25T02:58:45.382Z"}
{"level":"info","message":"⌛ Validating clase1.wlk","timeElapsed":148,"timestamp":"2024-08-25T02:58:45.531Z"}
{"level":"info","message":"onRequest - completionItem/resolve","timestamp":"2024-08-25T02:58:45.532Z"}
{"level":"info","message":"onRequest - completionItem/resolve","timestamp":"2024-08-25T02:58:45.635Z"}
{"level":"info","message":"⌛ Validating clase1.wlk","timeElapsed":188,"timestamp":"2024-08-25T02:58:45.824Z"}
{"level":"info","message":"⌛ Building environment","timeElapsed":114,"timestamp":"2024-08-25T02:58:45.946Z"}
{"level":"info","message":"⌛ Validating clase1.wlk","timeElapsed":170,"timestamp":"2024-08-25T02:58:46.150Z"}
{"level":"info","message":"⌛ Building environment","timeElapsed":134,"timestamp":"2024-08-25T02:58:46.286Z"}
{"level":"info","message":"⌛ Building environment","timeElapsed":129,"timestamp":"2024-08-25T02:58:46.416Z"}
{"level":"info","message":"⌛ Validating clase1.wlk","timeElapsed":213,"timestamp":"2024-08-25T02:58:46.630Z"}
{"level":"info","message":"⌛ Validating clase1.wlk","timeElapsed":162,"timestamp":"2024-08-25T02:58:46.800Z"}
{"level":"info","message":"⌛ Validating clase1.wlk","timeElapsed":170,"timestamp":"2024-08-25T02:58:46.972Z"}
{"level":"info","message":"⌛ Building environment","timeElapsed":222,"timestamp":"2024-08-25T02:58:49.966Z"}
{"level":"info","message":"⌛ Validating clase1.wlk","timeElapsed":238,"timestamp":"2024-08-25T02:58:50.240Z"}
{"level":"info","message":"onRequest - completionItem/resolve","timestamp":"2024-08-25T02:58:50.242Z"}
{"level":"info","message":"⌛ Building environment","timeElapsed":280,"timestamp":"2024-08-25T02:58:50.593Z"}
{"level":"info","message":"onRequest - completionItem/resolve","timestamp":"2024-08-25T02:58:50.595Z"}
{"level":"info","message":"⌛ Building environment","timeElapsed":294,"timestamp":"2024-08-25T02:58:50.890Z"}
{"level":"info","message":"⌛ Validating clase1.wlk","timeElapsed":310,"timestamp":"2024-08-25T02:58:51.224Z"}
{"level":"info","message":"⌛ Building environment","timeElapsed":144,"timestamp":"2024-08-25T02:58:51.416Z"}
{"level":"info","message":"⌛ Building environment","timeElapsed":210,"timestamp":"2024-08-25T02:58:51.660Z"}
{"level":"info","message":"⌛ Building environment","timeElapsed":172,"timestamp":"2024-08-25T02:58:51.833Z"}
{"level":"info","message":"⌛ Validating clase1.wlk","timeElapsed":165,"timestamp":"2024-08-25T02:58:52.003Z"}
{"level":"info","message":"⌛ Validating clase1.wlk","timeElapsed":123,"timestamp":"2024-08-25T02:58:52.135Z"}
{"level":"info","message":"⌛ Validating clase1.wlk","timeElapsed":171,"timestamp":"2024-08-25T02:58:52.306Z"}
{"level":"info","message":"⌛ Validating clase1.wlk","timeElapsed":272,"timestamp":"2024-08-25T02:58:52.579Z"}
{"level":"info","message":"⌛ Building environment","timeElapsed":187,"timestamp":"2024-08-25T02:58:54.825Z"}
{"level":"info","message":"⌛ Building environment","timeElapsed":102,"timestamp":"2024-08-25T02:58:54.933Z"}
{"level":"info","message":"⌛ Validating clase1.wlk","timeElapsed":183,"timestamp":"2024-08-25T02:58:55.117Z"}
{"level":"info","message":"⌛ Validating clase1.wlk","timeElapsed":175,"timestamp":"2024-08-25T02:58:55.292Z"}
{"level":"info","message":"⌛ Building environment","timeElapsed":109,"timestamp":"2024-08-25T02:58:55.401Z"}
{"level":"info","message":"⌛ Validating clase1.wlk","timeElapsed":159,"timestamp":"2024-08-25T02:58:55.650Z"}
{"level":"info","message":"⌛ Building environment","timeElapsed":113,"timestamp":"2024-08-25T02:58:55.764Z"}
{"level":"info","message":"⌛ Validating clase1.wlk","timeElapsed":188,"timestamp":"2024-08-25T02:58:55.952Z"}
{"level":"info","message":"⌛ Building environment","timeElapsed":146,"timestamp":"2024-08-25T02:58:56.099Z"}
{"level":"info","message":"⌛ Validating clase1.wlk","timeElapsed":120,"timestamp":"2024-08-25T02:58:56.219Z"}
{"level":"info","message":"⌛ Building environment","timeElapsed":126,"timestamp":"2024-08-25T02:58:56.476Z"}
{"level":"info","message":"⌛ Building environment","timeElapsed":102,"timestamp":"2024-08-25T02:58:56.586Z"}
{"level":"info","message":"⌛ Validating clase1.wlk","timeElapsed":114,"timestamp":"2024-08-25T02:58:56.700Z"}
{"level":"info","message":"⌛ Validating clase1.wlk","timeElapsed":126,"timestamp":"2024-08-25T02:58:56.826Z"}
{"level":"info","message":"onRequest - completionItem/resolve","timestamp":"2024-08-25T02:58:56.827Z"}
{"level":"info","message":"⌛ Building environment","timeElapsed":172,"timestamp":"2024-08-25T02:58:57.005Z"}
{"level":"info","message":"onRequest - completionItem/resolve","timestamp":"2024-08-25T02:58:57.006Z"}
{"level":"info","message":"⌛ Validating clase1.wlk","timeElapsed":158,"timestamp":"2024-08-25T02:58:57.169Z"}
{"level":"info","message":"⌛ Validating clase1.wlk","timeElapsed":149,"timestamp":"2024-08-25T02:58:57.319Z"}
{"level":"info","message":"⌛ Building environment","timeElapsed":115,"timestamp":"2024-08-25T02:58:57.435Z"}
{"level":"info","message":"⌛ Validating clase1.wlk","timeElapsed":177,"timestamp":"2024-08-25T02:58:57.623Z"}
{"level":"info","message":"⌛ Building environment","timeElapsed":174,"timestamp":"2024-08-25T02:58:57.851Z"}
{"level":"error","message":"✘ Completions for node failed: Error: clase1.pepote.vo [Field]{9bd4f6} at clase1.wlk:52 exhausted all cases without a match clase1.pepote.vo [Field]{9bd4f6} at clase1.wlk:52 exhausted all cases without a match","stack":"Error: clase1.pepote.vo [Field]{9bd4f6} at clase1.wlk:52 exhausted all cases without a match\n    at c:\\Users\\Lucas\\.vscode\\extensions\\uqbar.wollok-lsp-ide-0.3.3\\node_modules\\wollok-ts\\dist\\extensions.js:85:11\n    at completionsForNode (c:\\Users\\Lucas\\.vscode\\extensions\\uqbar.wollok-lsp-ide-0.3.3\\server\\out\\functionalities\\autocomplete\\node-completion.js:10:44)\n    at c:\\Users\\Lucas\\.vscode\\extensions\\uqbar.wollok-lsp-ide-0.3.3\\server\\out\\functionalities\\autocomplete\\autocomplete.js:26:154\n    at c:\\Users\\Lucas\\.vscode\\extensions\\uqbar.wollok-lsp-ide-0.3.3\\server\\out\\server.js:198:20\n    at c:\\Users\\Lucas\\.vscode\\extensions\\uqbar.wollok-lsp-ide-0.3.3\\server\\node_modules\\vscode-languageserver\\lib\\common\\server.js:593:20\n    at handleRequest (c:\\Users\\Lucas\\.vscode\\extensions\\uqbar.wollok-lsp-ide-0.3.3\\server\\node_modules\\vscode-jsonrpc\\lib\\common\\connection.js:493:41)\n    at handleMessage (c:\\Users\\Lucas\\.vscode\\extensions\\uqbar.wollok-lsp-ide-0.3.3\\server\\node_modules\\vscode-jsonrpc\\lib\\common\\connection.js:339:13)\n    at processMessageQueue (c:\\Users\\Lucas\\.vscode\\extensions\\uqbar.wollok-lsp-ide-0.3.3\\server\\node_modules\\vscode-jsonrpc\\lib\\common\\connection.js:362:17)\n    at Immediate._onImmediate (c:\\Users\\Lucas\\.vscode\\extensions\\uqbar.wollok-lsp-ide-0.3.3\\server\\node_modules\\vscode-jsonrpc\\lib\\common\\connection.js:334:13)\n    at process.processImmediate (node:internal/timers:478:21)","timestamp":"2024-08-25T02:58:57.898Z"}
{"level":"info","message":"⌛ Validating clase1.wlk","timeElapsed":207,"timestamp":"2024-08-25T02:58:58.112Z"}
{"level":"info","message":"⌛ Building environment","timeElapsed":116,"timestamp":"2024-08-25T02:58:58.230Z"}
{"level":"info","message":"⌛ Building environment","timeElapsed":130,"timestamp":"2024-08-25T02:58:58.376Z"}
{"level":"info","message":"⌛ Validating clase1.wlk","timeElapsed":179,"timestamp":"2024-08-25T02:58:58.557Z"}
{"level":"info","message":"⌛ Building environment","timeElapsed":115,"timestamp":"2024-08-25T02:58:58.672Z"}
{"level":"info","message":"⌛ Building environment","timeElapsed":116,"timestamp":"2024-08-25T02:58:58.789Z"}
{"level":"error","message":"✘ Completions for node failed: Error: clase1.pepote.volado [Field]{50631e} at clase1.wlk:52 exhausted all cases without a match clase1.pepote.volado [Field]{50631e} at clase1.wlk:52 exhausted all cases without a match","stack":"Error: clase1.pepote.volado [Field]{50631e} at clase1.wlk:52 exhausted all cases without a match\n    at c:\\Users\\Lucas\\.vscode\\extensions\\uqbar.wollok-lsp-ide-0.3.3\\node_modules\\wollok-ts\\dist\\extensions.js:85:11\n    at completionsForNode (c:\\Users\\Lucas\\.vscode\\extensions\\uqbar.wollok-lsp-ide-0.3.3\\server\\out\\functionalities\\autocomplete\\node-completion.js:10:44)\n    at c:\\Users\\Lucas\\.vscode\\extensions\\uqbar.wollok-lsp-ide-0.3.3\\server\\out\\functionalities\\autocomplete\\autocomplete.js:26:154\n    at c:\\Users\\Lucas\\.vscode\\extensions\\uqbar.wollok-lsp-ide-0.3.3\\server\\out\\server.js:198:20\n    at c:\\Users\\Lucas\\.vscode\\extensions\\uqbar.wollok-lsp-ide-0.3.3\\server\\node_modules\\vscode-languageserver\\lib\\common\\server.js:593:20\n    at handleRequest (c:\\Users\\Lucas\\.vscode\\extensions\\uqbar.wollok-lsp-ide-0.3.3\\server\\node_modules\\vscode-jsonrpc\\lib\\common\\connection.js:493:41)\n    at handleMessage (c:\\Users\\Lucas\\.vscode\\extensions\\uqbar.wollok-lsp-ide-0.3.3\\server\\node_modules\\vscode-jsonrpc\\lib\\common\\connection.js:339:13)\n    at processMessageQueue (c:\\Users\\Lucas\\.vscode\\extensions\\uqbar.wollok-lsp-ide-0.3.3\\server\\node_modules\\vscode-jsonrpc\\lib\\common\\connection.js:362:17)\n    at Immediate._onImmediate (c:\\Users\\Lucas\\.vscode\\extensions\\uqbar.wollok-lsp-ide-0.3.3\\server\\node_modules\\vscode-jsonrpc\\lib\\common\\connection.js:334:13)\n    at process.processImmediate (node:internal/timers:478:21)","timestamp":"2024-08-25T02:58:58.818Z"}
{"level":"info","message":"⌛ Validating clase1.wlk","timeElapsed":143,"timestamp":"2024-08-25T02:58:58.966Z"}
{"level":"info","message":"⌛ Validating clase1.wlk","timeElapsed":118,"timestamp":"2024-08-25T02:58:59.085Z"}
{"level":"info","message":"⌛ Validating clase1.wlk","timeElapsed":164,"timestamp":"2024-08-25T02:58:59.333Z"}
{"level":"info","message":"⌛ Validating clase1.wlk","timeElapsed":174,"timestamp":"2024-08-25T02:58:59.518Z"}
{"level":"info","message":"⌛ Building environment","timeElapsed":112,"timestamp":"2024-08-25T02:58:59.632Z"}
{"level":"info","message":"⌛ Validating clase1.wlk","timeElapsed":170,"timestamp":"2024-08-25T02:58:59.802Z"}
{"level":"info","message":"⌛ Validating clase1.wlk","timeElapsed":186,"timestamp":"2024-08-25T02:59:00.079Z"}
{"level":"info","message":"⌛ Validating clase1.wlk","timeElapsed":178,"timestamp":"2024-08-25T02:59:00.257Z"}
{"level":"info","message":"⌛ Building environment","timeElapsed":144,"timestamp":"2024-08-25T02:59:00.402Z"}
{"level":"info","message":"⌛ Validating clase1.wlk","timeElapsed":143,"timestamp":"2024-08-25T02:59:00.552Z"}
{"level":"info","message":"⌛ Building environment","timeElapsed":116,"timestamp":"2024-08-25T02:59:00.974Z"}
{"level":"info","message":"⌛ Validating clase1.wlk","timeElapsed":194,"timestamp":"2024-08-25T02:59:01.171Z"}
{"level":"info","message":"⌛ Building environment","timeElapsed":246,"timestamp":"2024-08-25T02:59:01.762Z"}
{"level":"info","message":"⌛ Building environment","timeElapsed":156,"timestamp":"2024-08-25T02:59:01.966Z"}
{"level":"info","message":"⌛ Validating clase1.wlk","timeElapsed":171,"timestamp":"2024-08-25T02:59:02.138Z"}
{"level":"info","message":"onRequest - completionItem/resolve","timestamp":"2024-08-25T02:59:02.139Z"}
{"level":"error","message":"✘ Failed to rebuild document Failed to parse clase1.wlk: \n-- PARSING FAILED --------------------------------------------------\n\n  52 |   var volado = 0\n  53 |   var\n> 54 | }\n     | ^\n\nExpected one of the following: \n\n'property', identifier, whitespace\n","stack":"Error: Failed to parse clase1.wlk: \n-- PARSING FAILED --------------------------------------------------\n\n  52 |   var volado = 0\n  53 |   var\n> 54 | }\n     | ^\n\nExpected one of the following: \n\n'property', identifier, whitespace\n\n    at c:\\Users\\Lucas\\.vscode\\extensions\\uqbar.wollok-lsp-ide-0.3.3\\node_modules\\wollok-ts\\dist\\index.js:54:19\n    at Array.map (<anonymous>)\n    at buildEnvironment (c:\\Users\\Lucas\\.vscode\\extensions\\uqbar.wollok-lsp-ide-0.3.3\\node_modules\\wollok-ts\\dist\\index.js:49:40)\n    at EnvironmentProvider.buildEnvironmentFrom (c:\\Users\\Lucas\\.vscode\\extensions\\uqbar.wollok-lsp-ide-0.3.3\\server\\out\\utils\\vm\\environment.js:29:66)\n    at EnvironmentProvider.updateEnvironmentWith (c:\\Users\\Lucas\\.vscode\\extensions\\uqbar.wollok-lsp-ide-0.3.3\\server\\out\\utils\\vm\\environment.js:19:37)\n    at rebuildTextDocument (c:\\Users\\Lucas\\.vscode\\extensions\\uqbar.wollok-lsp-ide-0.3.3\\server\\out\\server.js:102:29)\n    at CallbackList.invoke (c:\\Users\\Lucas\\.vscode\\extensions\\uqbar.wollok-lsp-ide-0.3.3\\server\\node_modules\\vscode-jsonrpc\\lib\\common\\events.js:55:39)\n    at Emitter.fire (c:\\Users\\Lucas\\.vscode\\extensions\\uqbar.wollok-lsp-ide-0.3.3\\server\\node_modules\\vscode-jsonrpc\\lib\\common\\events.js:117:36)\n    at c:\\Users\\Lucas\\.vscode\\extensions\\uqbar.wollok-lsp-ide-0.3.3\\server\\node_modules\\vscode-languageserver\\lib\\common\\textDocuments.js:138:42\n    at handleNotification (c:\\Users\\Lucas\\.vscode\\extensions\\uqbar.wollok-lsp-ide-0.3.3\\server\\node_modules\\vscode-jsonrpc\\lib\\common\\connection.js:640:25)","timestamp":"2024-08-25T02:59:02.148Z"}
{"level":"info","message":"onRequest - completionItem/resolve","timestamp":"2024-08-25T02:59:02.149Z"}
{"level":"info","message":"⌛ Validating clase1.wlk","timeElapsed":127,"timestamp":"2024-08-25T02:59:02.281Z"}
{"level":"error","message":"✘ Failed to rebuild document Failed to parse clase1.wlk: \n-- PARSING FAILED --------------------------------------------------\n\n  52 |   var volado = 0\n  53 |   var \n> 54 | }\n     | ^\n\nExpected one of the following: \n\n'property', identifier, whitespace\n","stack":"Error: Failed to parse clase1.wlk: \n-- PARSING FAILED --------------------------------------------------\n\n  52 |   var volado = 0\n  53 |   var \n> 54 | }\n     | ^\n\nExpected one of the following: \n\n'property', identifier, whitespace\n\n    at c:\\Users\\Lucas\\.vscode\\extensions\\uqbar.wollok-lsp-ide-0.3.3\\node_modules\\wollok-ts\\dist\\index.js:54:19\n    at Array.map (<anonymous>)\n    at buildEnvironment (c:\\Users\\Lucas\\.vscode\\extensions\\uqbar.wollok-lsp-ide-0.3.3\\node_modules\\wollok-ts\\dist\\index.js:49:40)\n    at EnvironmentProvider.buildEnvironmentFrom (c:\\Users\\Lucas\\.vscode\\extensions\\uqbar.wollok-lsp-ide-0.3.3\\server\\out\\utils\\vm\\environment.js:29:66)\n    at EnvironmentProvider.updateEnvironmentWith (c:\\Users\\Lucas\\.vscode\\extensions\\uqbar.wollok-lsp-ide-0.3.3\\server\\out\\utils\\vm\\environment.js:19:37)\n    at rebuildTextDocument (c:\\Users\\Lucas\\.vscode\\extensions\\uqbar.wollok-lsp-ide-0.3.3\\server\\out\\server.js:102:29)\n    at CallbackList.invoke (c:\\Users\\Lucas\\.vscode\\extensions\\uqbar.wollok-lsp-ide-0.3.3\\server\\node_modules\\vscode-jsonrpc\\lib\\common\\events.js:55:39)\n    at Emitter.fire (c:\\Users\\Lucas\\.vscode\\extensions\\uqbar.wollok-lsp-ide-0.3.3\\server\\node_modules\\vscode-jsonrpc\\lib\\common\\events.js:117:36)\n    at c:\\Users\\Lucas\\.vscode\\extensions\\uqbar.wollok-lsp-ide-0.3.3\\server\\node_modules\\vscode-languageserver\\lib\\common\\textDocuments.js:138:42\n    at handleNotification (c:\\Users\\Lucas\\.vscode\\extensions\\uqbar.wollok-lsp-ide-0.3.3\\server\\node_modules\\vscode-jsonrpc\\lib\\common\\connection.js:640:25)","timestamp":"2024-08-25T02:59:02.287Z"}
{"level":"info","message":"onRequest - completionItem/resolve","timestamp":"2024-08-25T02:59:02.287Z"}
{"level":"info","message":"⌛ Building environment","timeElapsed":251,"timestamp":"2024-08-25T02:59:05.702Z"}
{"level":"error","message":"✘ Completions for node failed: Error: clase1.pepote.c [Field]{928155} at clase1.wlk:53 exhausted all cases without a match clase1.pepote.c [Field]{928155} at clase1.wlk:53 exhausted all cases without a match","stack":"Error: clase1.pepote.c [Field]{928155} at clase1.wlk:53 exhausted all cases without a match\n    at c:\\Users\\Lucas\\.vscode\\extensions\\uqbar.wollok-lsp-ide-0.3.3\\node_modules\\wollok-ts\\dist\\extensions.js:85:11\n    at completionsForNode (c:\\Users\\Lucas\\.vscode\\extensions\\uqbar.wollok-lsp-ide-0.3.3\\server\\out\\functionalities\\autocomplete\\node-completion.js:10:44)\n    at c:\\Users\\Lucas\\.vscode\\extensions\\uqbar.wollok-lsp-ide-0.3.3\\server\\out\\functionalities\\autocomplete\\autocomplete.js:26:154\n    at c:\\Users\\Lucas\\.vscode\\extensions\\uqbar.wollok-lsp-ide-0.3.3\\server\\out\\server.js:198:20\n    at c:\\Users\\Lucas\\.vscode\\extensions\\uqbar.wollok-lsp-ide-0.3.3\\server\\node_modules\\vscode-languageserver\\lib\\common\\server.js:593:20\n    at handleRequest (c:\\Users\\Lucas\\.vscode\\extensions\\uqbar.wollok-lsp-ide-0.3.3\\server\\node_modules\\vscode-jsonrpc\\lib\\common\\connection.js:493:41)\n    at handleMessage (c:\\Users\\Lucas\\.vscode\\extensions\\uqbar.wollok-lsp-ide-0.3.3\\server\\node_modules\\vscode-jsonrpc\\lib\\common\\connection.js:339:13)\n    at processMessageQueue (c:\\Users\\Lucas\\.vscode\\extensions\\uqbar.wollok-lsp-ide-0.3.3\\server\\node_modules\\vscode-jsonrpc\\lib\\common\\connection.js:362:17)\n    at Immediate._onImmediate (c:\\Users\\Lucas\\.vscode\\extensions\\uqbar.wollok-lsp-ide-0.3.3\\server\\node_modules\\vscode-jsonrpc\\lib\\common\\connection.js:334:13)\n    at process.processImmediate (node:internal/timers:478:21)","timestamp":"2024-08-25T02:59:05.765Z"}
{"level":"info","message":"⌛ Validating clase1.wlk","timeElapsed":394,"timestamp":"2024-08-25T02:59:06.161Z"}
{"level":"info","message":"⌛ Building environment","timeElapsed":265,"timestamp":"2024-08-25T02:59:06.430Z"}
{"level":"info","message":"onRequest - completionItem/resolve","timestamp":"2024-08-25T02:59:06.431Z"}
{"level":"info","message":"⌛ Building environment","timeElapsed":235,"timestamp":"2024-08-25T02:59:06.666Z"}
{"level":"error","message":"✘ Completions for node failed: Error: clase1.pepote.com [Field]{ef26d1} at clase1.wlk:53 exhausted all cases without a match clase1.pepote.com [Field]{ef26d1} at clase1.wlk:53 exhausted all cases without a match","stack":"Error: clase1.pepote.com [Field]{ef26d1} at clase1.wlk:53 exhausted all cases without a match\n    at c:\\Users\\Lucas\\.vscode\\extensions\\uqbar.wollok-lsp-ide-0.3.3\\node_modules\\wollok-ts\\dist\\extensions.js:85:11\n    at completionsForNode (c:\\Users\\Lucas\\.vscode\\extensions\\uqbar.wollok-lsp-ide-0.3.3\\server\\out\\functionalities\\autocomplete\\node-completion.js:10:44)\n    at c:\\Users\\Lucas\\.vscode\\extensions\\uqbar.wollok-lsp-ide-0.3.3\\server\\out\\functionalities\\autocomplete\\autocomplete.js:26:154\n    at c:\\Users\\Lucas\\.vscode\\extensions\\uqbar.wollok-lsp-ide-0.3.3\\server\\out\\server.js:198:20\n    at c:\\Users\\Lucas\\.vscode\\extensions\\uqbar.wollok-lsp-ide-0.3.3\\server\\node_modules\\vscode-languageserver\\lib\\common\\server.js:593:20\n    at handleRequest (c:\\Users\\Lucas\\.vscode\\extensions\\uqbar.wollok-lsp-ide-0.3.3\\server\\node_modules\\vscode-jsonrpc\\lib\\common\\connection.js:493:41)\n    at handleMessage (c:\\Users\\Lucas\\.vscode\\extensions\\uqbar.wollok-lsp-ide-0.3.3\\server\\node_modules\\vscode-jsonrpc\\lib\\common\\connection.js:339:13)\n    at processMessageQueue (c:\\Users\\Lucas\\.vscode\\extensions\\uqbar.wollok-lsp-ide-0.3.3\\server\\node_modules\\vscode-jsonrpc\\lib\\common\\connection.js:362:17)\n    at Immediate._onImmediate (c:\\Users\\Lucas\\.vscode\\extensions\\uqbar.wollok-lsp-ide-0.3.3\\server\\node_modules\\vscode-jsonrpc\\lib\\common\\connection.js:334:13)\n    at process.processImmediate (node:internal/timers:478:21)","timestamp":"2024-08-25T02:59:06.728Z"}
{"level":"info","message":"⌛ Building environment","timeElapsed":166,"timestamp":"2024-08-25T02:59:06.905Z"}
{"level":"info","message":"⌛ Building environment","timeElapsed":113,"timestamp":"2024-08-25T02:59:07.020Z"}
{"level":"info","message":"⌛ Validating clase1.wlk","timeElapsed":182,"timestamp":"2024-08-25T02:59:07.209Z"}
{"level":"info","message":"⌛ Building environment","timeElapsed":213,"timestamp":"2024-08-25T02:59:07.424Z"}
{"level":"info","message":"⌛ Validating clase1.wlk","timeElapsed":167,"timestamp":"2024-08-25T02:59:07.591Z"}
{"level":"info","message":"⌛ Validating clase1.wlk","timeElapsed":154,"timestamp":"2024-08-25T02:59:07.752Z"}
{"level":"info","message":"⌛ Building environment","timeElapsed":130,"timestamp":"2024-08-25T02:59:07.883Z"}
{"level":"info","message":"⌛ Validating clase1.wlk","timeElapsed":183,"timestamp":"2024-08-25T02:59:08.066Z"}
{"level":"info","message":"⌛ Validating clase1.wlk","timeElapsed":185,"timestamp":"2024-08-25T02:59:08.260Z"}
{"level":"info","message":"⌛ Building environment","timeElapsed":193,"timestamp":"2024-08-25T02:59:08.454Z"}
{"level":"info","message":"⌛ Building environment","timeElapsed":132,"timestamp":"2024-08-25T02:59:08.599Z"}
{"level":"info","message":"⌛ Validating clase1.wlk","timeElapsed":193,"timestamp":"2024-08-25T02:59:08.793Z"}
{"level":"info","message":"⌛ Building environment","timeElapsed":115,"timestamp":"2024-08-25T02:59:08.915Z"}
{"level":"info","message":"⌛ Validating clase1.wlk","timeElapsed":191,"timestamp":"2024-08-25T02:59:09.106Z"}
{"level":"info","message":"⌛ Validating clase1.wlk","timeElapsed":185,"timestamp":"2024-08-25T02:59:09.299Z"}
{"level":"info","message":"⌛ Validating clase1.wlk","timeElapsed":183,"timestamp":"2024-08-25T02:59:09.482Z"}
{"level":"info","message":"⌛ Building environment","timeElapsed":160,"timestamp":"2024-08-25T02:59:10.983Z"}
{"level":"info","message":"⌛ Validating clase1.wlk","timeElapsed":166,"timestamp":"2024-08-25T02:59:11.150Z"}
{"level":"info","message":"⌛ Building environment","timeElapsed":104,"timestamp":"2024-08-25T02:59:11.255Z"}
{"level":"info","message":"⌛ Validating clase1.wlk","timeElapsed":184,"timestamp":"2024-08-25T02:59:11.443Z"}
{"level":"info","message":"⌛ Building environment","timeElapsed":144,"timestamp":"2024-08-25T02:59:14.896Z"}
{"level":"info","message":"⌛ Validating clase1.wlk","timeElapsed":213,"timestamp":"2024-08-25T02:59:15.162Z"}
{"level":"info","message":"onRequest - completionItem/resolve","timestamp":"2024-08-25T02:59:15.256Z"}
{"level":"info","message":"⌛ Validating clase1.wlk","timeElapsed":177,"timestamp":"2024-08-25T02:59:15.440Z"}
{"level":"info","message":"onRequest - completionItem/resolve","timestamp":"2024-08-25T02:59:15.520Z"}
{"level":"info","message":"⌛ Building environment","timeElapsed":131,"timestamp":"2024-08-25T02:59:15.652Z"}
{"level":"info","message":"onRequest - completionItem/resolve","timestamp":"2024-08-25T02:59:15.653Z"}
{"level":"info","message":"⌛ Validating clase1.wlk","timeElapsed":195,"timestamp":"2024-08-25T02:59:15.849Z"}
{"level":"info","message":"⌛ Validating clase1.wlk","timeElapsed":221,"timestamp":"2024-08-25T02:59:16.081Z"}
{"level":"info","message":"onRequest - completionItem/resolve","timestamp":"2024-08-25T02:59:16.211Z"}
{"level":"info","message":"⌛ Building environment","timeElapsed":107,"timestamp":"2024-08-25T02:59:16.320Z"}
{"level":"info","message":"⌛ Validating clase1.wlk","timeElapsed":158,"timestamp":"2024-08-25T02:59:16.480Z"}
{"level":"info","message":"⌛ Building environment","timeElapsed":188,"timestamp":"2024-08-25T02:59:17.329Z"}
{"level":"info","message":"⌛ Validating clase1.wlk","timeElapsed":204,"timestamp":"2024-08-25T02:59:17.571Z"}
{"level":"info","message":"onRequest - completionItem/resolve","timestamp":"2024-08-25T02:59:17.573Z"}
{"level":"info","message":"⌛ Building environment","timeElapsed":118,"timestamp":"2024-08-25T02:59:17.691Z"}
{"level":"info","message":"onRequest - completionItem/resolve","timestamp":"2024-08-25T02:59:17.691Z"}
{"level":"info","message":"onRequest - completionItem/resolve","timestamp":"2024-08-25T02:59:17.780Z"}
{"level":"info","message":"⌛ Validating clase1.wlk","timeElapsed":152,"timestamp":"2024-08-25T02:59:17.932Z"}
{"level":"info","message":"⌛ Validating clase1.wlk","timeElapsed":143,"timestamp":"2024-08-25T02:59:18.075Z"}
{"level":"info","message":"⌛ Building environment","timeElapsed":251,"timestamp":"2024-08-25T02:59:22.099Z"}
{"level":"info","message":"⌛ Building environment","timeElapsed":196,"timestamp":"2024-08-25T02:59:22.296Z"}
{"level":"info","message":"⌛ Validating clase1.wlk","timeElapsed":217,"timestamp":"2024-08-25T02:59:22.513Z"}
{"level":"info","message":"⌛ Validating clase1.wlk","timeElapsed":206,"timestamp":"2024-08-25T02:59:22.720Z"}
{"level":"error","message":"✘ Failed to rebuild document Failed to parse clase1.wlk: \n-- PARSING FAILED --------------------------------------------------\n\n  56 |     \n  57 |   }\n> 58 | }\n     | ^\n\nExpected one of the following: \n\n'@', 'class', 'const', 'describe', 'mixin', 'object', 'only', 'package', 'program', 'test', 'var', '{', EOF, comment, not \"}\", whitespace\n","stack":"Error: Failed to parse clase1.wlk: \n-- PARSING FAILED --------------------------------------------------\n\n  56 |     \n  57 |   }\n> 58 | }\n     | ^\n\nExpected one of the following: \n\n'@', 'class', 'const', 'describe', 'mixin', 'object', 'only', 'package', 'program', 'test', 'var', '{', EOF, comment, not \"}\", whitespace\n\n    at c:\\Users\\Lucas\\.vscode\\extensions\\uqbar.wollok-lsp-ide-0.3.3\\node_modules\\wollok-ts\\dist\\index.js:54:19\n    at Array.map (<anonymous>)\n    at buildEnvironment (c:\\Users\\Lucas\\.vscode\\extensions\\uqbar.wollok-lsp-ide-0.3.3\\node_modules\\wollok-ts\\dist\\index.js:49:40)\n    at EnvironmentProvider.buildEnvironmentFrom (c:\\Users\\Lucas\\.vscode\\extensions\\uqbar.wollok-lsp-ide-0.3.3\\server\\out\\utils\\vm\\environment.js:29:66)\n    at EnvironmentProvider.updateEnvironmentWith (c:\\Users\\Lucas\\.vscode\\extensions\\uqbar.wollok-lsp-ide-0.3.3\\server\\out\\utils\\vm\\environment.js:19:37)\n    at rebuildTextDocument (c:\\Users\\Lucas\\.vscode\\extensions\\uqbar.wollok-lsp-ide-0.3.3\\server\\out\\server.js:102:29)\n    at CallbackList.invoke (c:\\Users\\Lucas\\.vscode\\extensions\\uqbar.wollok-lsp-ide-0.3.3\\server\\node_modules\\vscode-jsonrpc\\lib\\common\\events.js:55:39)\n    at Emitter.fire (c:\\Users\\Lucas\\.vscode\\extensions\\uqbar.wollok-lsp-ide-0.3.3\\server\\node_modules\\vscode-jsonrpc\\lib\\common\\events.js:117:36)\n    at c:\\Users\\Lucas\\.vscode\\extensions\\uqbar.wollok-lsp-ide-0.3.3\\server\\node_modules\\vscode-languageserver\\lib\\common\\textDocuments.js:138:42\n    at handleNotification (c:\\Users\\Lucas\\.vscode\\extensions\\uqbar.wollok-lsp-ide-0.3.3\\server\\node_modules\\vscode-jsonrpc\\lib\\common\\connection.js:640:25)","timestamp":"2024-08-25T02:59:22.741Z"}
{"level":"info","message":"⌛ Building environment","timeElapsed":131,"timestamp":"2024-08-25T02:59:22.873Z"}
{"level":"info","message":"⌛ Validating clase1.wlk","timeElapsed":305,"timestamp":"2024-08-25T02:59:23.228Z"}
{"level":"info","message":"onRequest - completionItem/resolve","timestamp":"2024-08-25T02:59:23.229Z"}
{"level":"info","message":"⌛ Building environment","timeElapsed":132,"timestamp":"2024-08-25T02:59:23.362Z"}
{"level":"info","message":"onRequest - completionItem/resolve","timestamp":"2024-08-25T02:59:23.363Z"}
{"level":"info","message":"⌛ Validating clase1.wlk","timeElapsed":205,"timestamp":"2024-08-25T02:59:23.574Z"}
{"level":"info","message":"⌛ Building environment","timeElapsed":408,"timestamp":"2024-08-25T02:59:24.856Z"}
{"level":"info","message":"onRequest - completionItem/resolve","timestamp":"2024-08-25T02:59:24.857Z"}
{"level":"info","message":"⌛ Building environment","timeElapsed":121,"timestamp":"2024-08-25T02:59:24.978Z"}
{"level":"info","message":"onRequest - completionItem/resolve","timestamp":"2024-08-25T02:59:24.987Z"}
{"level":"info","message":"⌛ Validating clase1.wlk","timeElapsed":197,"timestamp":"2024-08-25T02:59:25.196Z"}
{"level":"info","message":"⌛ Validating clase1.wlk","timeElapsed":238,"timestamp":"2024-08-25T02:59:25.435Z"}
{"level":"info","message":"⌛ Building environment","timeElapsed":260,"timestamp":"2024-08-25T02:59:30.165Z"}
{"level":"error","message":"✘ Completions for node failed: Error: [Parameter]{02cb76} at clase1.wlk:55 exhausted all cases without a match [Parameter]{02cb76} at clase1.wlk:55 exhausted all cases without a match","stack":"Error: [Parameter]{02cb76} at clase1.wlk:55 exhausted all cases without a match\n    at c:\\Users\\Lucas\\.vscode\\extensions\\uqbar.wollok-lsp-ide-0.3.3\\node_modules\\wollok-ts\\dist\\extensions.js:85:11\n    at completionsForNode (c:\\Users\\Lucas\\.vscode\\extensions\\uqbar.wollok-lsp-ide-0.3.3\\server\\out\\functionalities\\autocomplete\\node-completion.js:10:44)\n    at c:\\Users\\Lucas\\.vscode\\extensions\\uqbar.wollok-lsp-ide-0.3.3\\server\\out\\functionalities\\autocomplete\\autocomplete.js:26:154\n    at c:\\Users\\Lucas\\.vscode\\extensions\\uqbar.wollok-lsp-ide-0.3.3\\server\\out\\server.js:198:20\n    at c:\\Users\\Lucas\\.vscode\\extensions\\uqbar.wollok-lsp-ide-0.3.3\\server\\node_modules\\vscode-languageserver\\lib\\common\\server.js:593:20\n    at handleRequest (c:\\Users\\Lucas\\.vscode\\extensions\\uqbar.wollok-lsp-ide-0.3.3\\server\\node_modules\\vscode-jsonrpc\\lib\\common\\connection.js:493:41)\n    at handleMessage (c:\\Users\\Lucas\\.vscode\\extensions\\uqbar.wollok-lsp-ide-0.3.3\\server\\node_modules\\vscode-jsonrpc\\lib\\common\\connection.js:339:13)\n    at processMessageQueue (c:\\Users\\Lucas\\.vscode\\extensions\\uqbar.wollok-lsp-ide-0.3.3\\server\\node_modules\\vscode-jsonrpc\\lib\\common\\connection.js:362:17)\n    at Immediate._onImmediate (c:\\Users\\Lucas\\.vscode\\extensions\\uqbar.wollok-lsp-ide-0.3.3\\server\\node_modules\\vscode-jsonrpc\\lib\\common\\connection.js:334:13)\n    at process.processImmediate (node:internal/timers:478:21)","timestamp":"2024-08-25T02:59:30.190Z"}
{"level":"info","message":"⌛ Building environment","timeElapsed":115,"timestamp":"2024-08-25T02:59:30.314Z"}
{"level":"info","message":"⌛ Validating clase1.wlk","timeElapsed":223,"timestamp":"2024-08-25T02:59:30.537Z"}
{"level":"info","message":"⌛ Validating clase1.wlk","timeElapsed":235,"timestamp":"2024-08-25T02:59:30.781Z"}
{"level":"info","message":"⌛ Building environment","timeElapsed":199,"timestamp":"2024-08-25T02:59:30.983Z"}
{"level":"error","message":"✘ Completions for node failed: Error: [Parameter]{3ddbce} at clase1.wlk:55 exhausted all cases without a match [Parameter]{3ddbce} at clase1.wlk:55 exhausted all cases without a match","stack":"Error: [Parameter]{3ddbce} at clase1.wlk:55 exhausted all cases without a match\n    at c:\\Users\\Lucas\\.vscode\\extensions\\uqbar.wollok-lsp-ide-0.3.3\\node_modules\\wollok-ts\\dist\\extensions.js:85:11\n    at completionsForNode (c:\\Users\\Lucas\\.vscode\\extensions\\uqbar.wollok-lsp-ide-0.3.3\\server\\out\\functionalities\\autocomplete\\node-completion.js:10:44)\n    at c:\\Users\\Lucas\\.vscode\\extensions\\uqbar.wollok-lsp-ide-0.3.3\\server\\out\\functionalities\\autocomplete\\autocomplete.js:26:154\n    at c:\\Users\\Lucas\\.vscode\\extensions\\uqbar.wollok-lsp-ide-0.3.3\\server\\out\\server.js:198:20\n    at c:\\Users\\Lucas\\.vscode\\extensions\\uqbar.wollok-lsp-ide-0.3.3\\server\\node_modules\\vscode-languageserver\\lib\\common\\server.js:593:20\n    at handleRequest (c:\\Users\\Lucas\\.vscode\\extensions\\uqbar.wollok-lsp-ide-0.3.3\\server\\node_modules\\vscode-jsonrpc\\lib\\common\\connection.js:493:41)\n    at handleMessage (c:\\Users\\Lucas\\.vscode\\extensions\\uqbar.wollok-lsp-ide-0.3.3\\server\\node_modules\\vscode-jsonrpc\\lib\\common\\connection.js:339:13)\n    at processMessageQueue (c:\\Users\\Lucas\\.vscode\\extensions\\uqbar.wollok-lsp-ide-0.3.3\\server\\node_modules\\vscode-jsonrpc\\lib\\common\\connection.js:362:17)\n    at Immediate._onImmediate (c:\\Users\\Lucas\\.vscode\\extensions\\uqbar.wollok-lsp-ide-0.3.3\\server\\node_modules\\vscode-jsonrpc\\lib\\common\\connection.js:334:13)\n    at process.processImmediate (node:internal/timers:478:21)","timestamp":"2024-08-25T02:59:31.014Z"}
{"level":"info","message":"⌛ Building environment","timeElapsed":123,"timestamp":"2024-08-25T02:59:31.144Z"}
{"level":"info","message":"⌛ Building environment","timeElapsed":122,"timestamp":"2024-08-25T02:59:31.272Z"}
{"level":"info","message":"⌛ Validating clase1.wlk","timeElapsed":150,"timestamp":"2024-08-25T02:59:31.429Z"}
{"level":"info","message":"⌛ Building environment","timeElapsed":133,"timestamp":"2024-08-25T02:59:31.562Z"}
{"level":"error","message":"✘ Completions for node failed: Error: [Parameter]{8593b5} at clase1.wlk:55 exhausted all cases without a match [Parameter]{8593b5} at clase1.wlk:55 exhausted all cases without a match","stack":"Error: [Parameter]{8593b5} at clase1.wlk:55 exhausted all cases without a match\n    at c:\\Users\\Lucas\\.vscode\\extensions\\uqbar.wollok-lsp-ide-0.3.3\\node_modules\\wollok-ts\\dist\\extensions.js:85:11\n    at completionsForNode (c:\\Users\\Lucas\\.vscode\\extensions\\uqbar.wollok-lsp-ide-0.3.3\\server\\out\\functionalities\\autocomplete\\node-completion.js:10:44)\n    at c:\\Users\\Lucas\\.vscode\\extensions\\uqbar.wollok-lsp-ide-0.3.3\\server\\out\\functionalities\\autocomplete\\autocomplete.js:26:154\n    at c:\\Users\\Lucas\\.vscode\\extensions\\uqbar.wollok-lsp-ide-0.3.3\\server\\out\\server.js:198:20\n    at c:\\Users\\Lucas\\.vscode\\extensions\\uqbar.wollok-lsp-ide-0.3.3\\server\\node_modules\\vscode-languageserver\\lib\\common\\server.js:593:20\n    at handleRequest (c:\\Users\\Lucas\\.vscode\\extensions\\uqbar.wollok-lsp-ide-0.3.3\\server\\node_modules\\vscode-jsonrpc\\lib\\common\\connection.js:493:41)\n    at handleMessage (c:\\Users\\Lucas\\.vscode\\extensions\\uqbar.wollok-lsp-ide-0.3.3\\server\\node_modules\\vscode-jsonrpc\\lib\\common\\connection.js:339:13)\n    at processMessageQueue (c:\\Users\\Lucas\\.vscode\\extensions\\uqbar.wollok-lsp-ide-0.3.3\\server\\node_modules\\vscode-jsonrpc\\lib\\common\\connection.js:362:17)\n    at Immediate._onImmediate (c:\\Users\\Lucas\\.vscode\\extensions\\uqbar.wollok-lsp-ide-0.3.3\\server\\node_modules\\vscode-jsonrpc\\lib\\common\\connection.js:334:13)\n    at process.processImmediate (node:internal/timers:478:21)","timestamp":"2024-08-25T02:59:31.590Z"}
{"level":"info","message":"⌛ Validating clase1.wlk","timeElapsed":138,"timestamp":"2024-08-25T02:59:31.730Z"}
{"level":"info","message":"⌛ Validating clase1.wlk","timeElapsed":160,"timestamp":"2024-08-25T02:59:31.971Z"}
{"level":"info","message":"⌛ Building environment","timeElapsed":108,"timestamp":"2024-08-25T02:59:32.080Z"}
{"level":"info","message":"⌛ Building environment","timeElapsed":115,"timestamp":"2024-08-25T02:59:32.196Z"}
{"level":"info","message":"⌛ Validating clase1.wlk","timeElapsed":154,"timestamp":"2024-08-25T02:59:32.351Z"}
{"level":"info","message":"⌛ Building environment","timeElapsed":109,"timestamp":"2024-08-25T02:59:32.461Z"}
{"level":"error","message":"✘ Completions for node failed: Error: [Parameter]{d85c71} at clase1.wlk:55 exhausted all cases without a match [Parameter]{d85c71} at clase1.wlk:55 exhausted all cases without a match","stack":"Error: [Parameter]{d85c71} at clase1.wlk:55 exhausted all cases without a match\n    at c:\\Users\\Lucas\\.vscode\\extensions\\uqbar.wollok-lsp-ide-0.3.3\\node_modules\\wollok-ts\\dist\\extensions.js:85:11\n    at completionsForNode (c:\\Users\\Lucas\\.vscode\\extensions\\uqbar.wollok-lsp-ide-0.3.3\\server\\out\\functionalities\\autocomplete\\node-completion.js:10:44)\n    at c:\\Users\\Lucas\\.vscode\\extensions\\uqbar.wollok-lsp-ide-0.3.3\\server\\out\\functionalities\\autocomplete\\autocomplete.js:26:154\n    at c:\\Users\\Lucas\\.vscode\\extensions\\uqbar.wollok-lsp-ide-0.3.3\\server\\out\\server.js:198:20\n    at c:\\Users\\Lucas\\.vscode\\extensions\\uqbar.wollok-lsp-ide-0.3.3\\server\\node_modules\\vscode-languageserver\\lib\\common\\server.js:593:20\n    at handleRequest (c:\\Users\\Lucas\\.vscode\\extensions\\uqbar.wollok-lsp-ide-0.3.3\\server\\node_modules\\vscode-jsonrpc\\lib\\common\\connection.js:493:41)\n    at handleMessage (c:\\Users\\Lucas\\.vscode\\extensions\\uqbar.wollok-lsp-ide-0.3.3\\server\\node_modules\\vscode-jsonrpc\\lib\\common\\connection.js:339:13)\n    at processMessageQueue (c:\\Users\\Lucas\\.vscode\\extensions\\uqbar.wollok-lsp-ide-0.3.3\\server\\node_modules\\vscode-jsonrpc\\lib\\common\\connection.js:362:17)\n    at Immediate._onImmediate (c:\\Users\\Lucas\\.vscode\\extensions\\uqbar.wollok-lsp-ide-0.3.3\\server\\node_modules\\vscode-jsonrpc\\lib\\common\\connection.js:334:13)\n    at process.processImmediate (node:internal/timers:478:21)","timestamp":"2024-08-25T02:59:32.497Z"}
{"level":"info","message":"⌛ Validating clase1.wlk","timeElapsed":197,"timestamp":"2024-08-25T02:59:32.698Z"}
{"level":"info","message":"⌛ Validating clase1.wlk","timeElapsed":182,"timestamp":"2024-08-25T02:59:32.882Z"}
{"level":"info","message":"⌛ Validating clase1.wlk","timeElapsed":167,"timestamp":"2024-08-25T02:59:33.050Z"}
{"level":"info","message":"⌛ Validating clase1.wlk","timeElapsed":164,"timestamp":"2024-08-25T02:59:33.214Z"}
{"level":"info","message":"onRequest - completionItem/resolve","timestamp":"2024-08-25T02:59:33.215Z"}
{"level":"info","message":"⌛ Building environment","timeElapsed":246,"timestamp":"2024-08-25T02:59:35.797Z"}
{"level":"info","message":"⌛ Building environment","timeElapsed":212,"timestamp":"2024-08-25T02:59:36.074Z"}
{"level":"info","message":"⌛ Validating clase1.wlk","timeElapsed":223,"timestamp":"2024-08-25T02:59:36.299Z"}
{"level":"info","message":"onRequest - completionItem/resolve","timestamp":"2024-08-25T02:59:36.300Z"}
{"level":"info","message":"⌛ Building environment","timeElapsed":123,"timestamp":"2024-08-25T02:59:36.423Z"}
{"level":"info","message":"onRequest - completionItem/resolve","timestamp":"2024-08-25T02:59:36.424Z"}
{"level":"info","message":"⌛ Building environment","timeElapsed":125,"timestamp":"2024-08-25T02:59:36.549Z"}
{"level":"info","message":"onRequest - completionItem/resolve","timestamp":"2024-08-25T02:59:36.549Z"}
{"level":"info","message":"⌛ Validating clase1.wlk","timeElapsed":160,"timestamp":"2024-08-25T02:59:36.710Z"}
{"level":"info","message":"⌛ Building environment","timeElapsed":105,"timestamp":"2024-08-25T02:59:36.817Z"}
{"level":"info","message":"onRequest - completionItem/resolve","timestamp":"2024-08-25T02:59:36.818Z"}
{"level":"info","message":"⌛ Building environment","timeElapsed":113,"timestamp":"2024-08-25T02:59:36.931Z"}
{"level":"info","message":"onRequest - completionItem/resolve","timestamp":"2024-08-25T02:59:36.942Z"}
{"level":"info","message":"⌛ Validating clase1.wlk","timeElapsed":132,"timestamp":"2024-08-25T02:59:37.073Z"}
{"level":"info","message":"⌛ Validating clase1.wlk","timeElapsed":155,"timestamp":"2024-08-25T02:59:37.233Z"}
{"level":"info","message":"⌛ Validating clase1.wlk","timeElapsed":111,"timestamp":"2024-08-25T02:59:37.439Z"}
{"level":"info","message":"⌛ Validating clase1.wlk","timeElapsed":156,"timestamp":"2024-08-25T02:59:37.596Z"}
{"level":"info","message":"⌛ Building environment","timeElapsed":115,"timestamp":"2024-08-25T02:59:37.712Z"}
{"level":"info","message":"⌛ Validating clase1.wlk","timeElapsed":180,"timestamp":"2024-08-25T02:59:37.996Z"}
{"level":"info","message":"⌛ Validating clase1.wlk","timeElapsed":201,"timestamp":"2024-08-25T02:59:38.221Z"}
{"level":"info","message":"⌛ Validating clase1.wlk","timeElapsed":214,"timestamp":"2024-08-25T02:59:38.435Z"}
{"level":"info","message":"⌛ Building environment","timeElapsed":305,"timestamp":"2024-08-25T02:59:39.554Z"}
{"level":"error","message":"✘ Completions for node failed: Error: [Assignment]{33fde1} at clase1.wlk:56 exhausted all cases without a match [Assignment]{33fde1} at clase1.wlk:56 exhausted all cases without a match","stack":"Error: [Assignment]{33fde1} at clase1.wlk:56 exhausted all cases without a match\n    at c:\\Users\\Lucas\\.vscode\\extensions\\uqbar.wollok-lsp-ide-0.3.3\\node_modules\\wollok-ts\\dist\\extensions.js:85:11\n    at completionsForNode (c:\\Users\\Lucas\\.vscode\\extensions\\uqbar.wollok-lsp-ide-0.3.3\\server\\out\\functionalities\\autocomplete\\node-completion.js:10:44)\n    at completeForParent (c:\\Users\\Lucas\\.vscode\\extensions\\uqbar.wollok-lsp-ide-0.3.3\\server\\out\\functionalities\\autocomplete\\node-completion.js:56:43)\n    at completeReference (c:\\Users\\Lucas\\.vscode\\extensions\\uqbar.wollok-lsp-ide-0.3.3\\server\\out\\functionalities\\autocomplete\\node-completion.js:64:135)\n    at c:\\Users\\Lucas\\.vscode\\extensions\\uqbar.wollok-lsp-ide-0.3.3\\node_modules\\wollok-ts\\dist\\extensions.js:84:20\n    at completionsForNode (c:\\Users\\Lucas\\.vscode\\extensions\\uqbar.wollok-lsp-ide-0.3.3\\server\\out\\functionalities\\autocomplete\\node-completion.js:10:44)\n    at c:\\Users\\Lucas\\.vscode\\extensions\\uqbar.wollok-lsp-ide-0.3.3\\server\\out\\functionalities\\autocomplete\\autocomplete.js:26:154\n    at c:\\Users\\Lucas\\.vscode\\extensions\\uqbar.wollok-lsp-ide-0.3.3\\server\\out\\server.js:198:20\n    at c:\\Users\\Lucas\\.vscode\\extensions\\uqbar.wollok-lsp-ide-0.3.3\\server\\node_modules\\vscode-languageserver\\lib\\common\\server.js:593:20\n    at handleRequest (c:\\Users\\Lucas\\.vscode\\extensions\\uqbar.wollok-lsp-ide-0.3.3\\server\\node_modules\\vscode-jsonrpc\\lib\\common\\connection.js:493:41)","timestamp":"2024-08-25T02:59:39.622Z"}
{"level":"info","message":"⌛ Validating clase1.wlk","timeElapsed":207,"timestamp":"2024-08-25T02:59:39.838Z"}
{"level":"info","message":"onRequest - completionItem/resolve","timestamp":"2024-08-25T02:59:39.839Z"}
{"level":"info","message":"⌛ Building environment","timeElapsed":103,"timestamp":"2024-08-25T02:59:39.942Z"}
{"level":"info","message":"⌛ Validating clase1.wlk","timeElapsed":179,"timestamp":"2024-08-25T02:59:40.123Z"}
{"level":"info","message":"⌛ Building environment","timeElapsed":121,"timestamp":"2024-08-25T02:59:40.245Z"}
{"level":"error","message":"✘ Completions for node failed: Error: [Assignment]{ce7999} at clase1.wlk:56 exhausted all cases without a match [Assignment]{ce7999} at clase1.wlk:56 exhausted all cases without a match","stack":"Error: [Assignment]{ce7999} at clase1.wlk:56 exhausted all cases without a match\n    at c:\\Users\\Lucas\\.vscode\\extensions\\uqbar.wollok-lsp-ide-0.3.3\\node_modules\\wollok-ts\\dist\\extensions.js:85:11\n    at completionsForNode (c:\\Users\\Lucas\\.vscode\\extensions\\uqbar.wollok-lsp-ide-0.3.3\\server\\out\\functionalities\\autocomplete\\node-completion.js:10:44)\n    at completeForParent (c:\\Users\\Lucas\\.vscode\\extensions\\uqbar.wollok-lsp-ide-0.3.3\\server\\out\\functionalities\\autocomplete\\node-completion.js:56:43)\n    at completeReference (c:\\Users\\Lucas\\.vscode\\extensions\\uqbar.wollok-lsp-ide-0.3.3\\server\\out\\functionalities\\autocomplete\\node-completion.js:64:135)\n    at c:\\Users\\Lucas\\.vscode\\extensions\\uqbar.wollok-lsp-ide-0.3.3\\node_modules\\wollok-ts\\dist\\extensions.js:84:20\n    at completionsForNode (c:\\Users\\Lucas\\.vscode\\extensions\\uqbar.wollok-lsp-ide-0.3.3\\server\\out\\functionalities\\autocomplete\\node-completion.js:10:44)\n    at c:\\Users\\Lucas\\.vscode\\extensions\\uqbar.wollok-lsp-ide-0.3.3\\server\\out\\functionalities\\autocomplete\\autocomplete.js:26:154\n    at c:\\Users\\Lucas\\.vscode\\extensions\\uqbar.wollok-lsp-ide-0.3.3\\server\\out\\server.js:198:20\n    at c:\\Users\\Lucas\\.vscode\\extensions\\uqbar.wollok-lsp-ide-0.3.3\\server\\node_modules\\vscode-languageserver\\lib\\common\\server.js:593:20\n    at handleRequest (c:\\Users\\Lucas\\.vscode\\extensions\\uqbar.wollok-lsp-ide-0.3.3\\server\\node_modules\\vscode-jsonrpc\\lib\\common\\connection.js:493:41)","timestamp":"2024-08-25T02:59:40.280Z"}
{"level":"info","message":"⌛ Validating clase1.wlk","timeElapsed":126,"timestamp":"2024-08-25T02:59:40.514Z"}
{"level":"info","message":"onRequest - completionItem/resolve","timestamp":"2024-08-25T02:59:40.514Z"}
{"level":"info","message":"onRequest - completionItem/resolve","timestamp":"2024-08-25T02:59:40.600Z"}
{"level":"info","message":"⌛ Validating clase1.wlk","timeElapsed":172,"timestamp":"2024-08-25T02:59:40.784Z"}
{"level":"info","message":"⌛ Building environment","timeElapsed":111,"timestamp":"2024-08-25T02:59:40.896Z"}
{"level":"info","message":"onRequest - completionItem/resolve","timestamp":"2024-08-25T02:59:40.896Z"}
{"level":"info","message":"⌛ Building environment","timeElapsed":127,"timestamp":"2024-08-25T02:59:41.024Z"}
{"level":"info","message":"onRequest - completionItem/resolve","timestamp":"2024-08-25T02:59:41.025Z"}
{"level":"info","message":"⌛ Validating clase1.wlk","timeElapsed":167,"timestamp":"2024-08-25T02:59:41.193Z"}
{"level":"info","message":"⌛ Building environment","timeElapsed":123,"timestamp":"2024-08-25T02:59:41.317Z"}
{"level":"info","message":"onRequest - completionItem/resolve","timestamp":"2024-08-25T02:59:41.324Z"}
{"level":"info","message":"⌛ Validating clase1.wlk","timeElapsed":128,"timestamp":"2024-08-25T02:59:41.452Z"}
{"level":"info","message":"⌛ Building environment","timeElapsed":102,"timestamp":"2024-08-25T02:59:41.560Z"}
{"level":"info","message":"⌛ Validating clase1.wlk","timeElapsed":179,"timestamp":"2024-08-25T02:59:41.739Z"}
{"level":"info","message":"⌛ Validating clase1.wlk","timeElapsed":135,"timestamp":"2024-08-25T02:59:41.883Z"}
{"level":"info","message":"⌛ Validating clase1.wlk","timeElapsed":127,"timestamp":"2024-08-25T02:59:42.011Z"}
{"level":"info","message":"⌛ Building environment","timeElapsed":190,"timestamp":"2024-08-25T02:59:42.601Z"}
{"level":"info","message":"⌛ Validating clase1.wlk","timeElapsed":219,"timestamp":"2024-08-25T02:59:42.827Z"}
{"level":"info","message":"⌛ Building environment","timeElapsed":123,"timestamp":"2024-08-25T02:59:42.963Z"}
{"level":"info","message":"⌛ Validating clase1.wlk","timeElapsed":138,"timestamp":"2024-08-25T02:59:43.111Z"}
{"level":"info","message":"⌛ Building environment","timeElapsed":206,"timestamp":"2024-08-25T02:59:43.357Z"}
{"level":"error","message":"✘ Completions for node failed: Error: [Send]{a9c7bf} at clase1.wlk:56 exhausted all cases without a match [Send]{a9c7bf} at clase1.wlk:56 exhausted all cases without a match","stack":"Error: [Send]{a9c7bf} at clase1.wlk:56 exhausted all cases without a match\n    at c:\\Users\\Lucas\\.vscode\\extensions\\uqbar.wollok-lsp-ide-0.3.3\\node_modules\\wollok-ts\\dist\\extensions.js:85:11\n    at completionsForNode (c:\\Users\\Lucas\\.vscode\\extensions\\uqbar.wollok-lsp-ide-0.3.3\\server\\out\\functionalities\\autocomplete\\node-completion.js:10:44)\n    at completeForParent (c:\\Users\\Lucas\\.vscode\\extensions\\uqbar.wollok-lsp-ide-0.3.3\\server\\out\\functionalities\\autocomplete\\node-completion.js:56:43)\n    at completeReference (c:\\Users\\Lucas\\.vscode\\extensions\\uqbar.wollok-lsp-ide-0.3.3\\server\\out\\functionalities\\autocomplete\\node-completion.js:64:135)\n    at c:\\Users\\Lucas\\.vscode\\extensions\\uqbar.wollok-lsp-ide-0.3.3\\node_modules\\wollok-ts\\dist\\extensions.js:84:20\n    at completionsForNode (c:\\Users\\Lucas\\.vscode\\extensions\\uqbar.wollok-lsp-ide-0.3.3\\server\\out\\functionalities\\autocomplete\\node-completion.js:10:44)\n    at c:\\Users\\Lucas\\.vscode\\extensions\\uqbar.wollok-lsp-ide-0.3.3\\server\\out\\functionalities\\autocomplete\\autocomplete.js:26:154\n    at c:\\Users\\Lucas\\.vscode\\extensions\\uqbar.wollok-lsp-ide-0.3.3\\server\\out\\server.js:198:20\n    at c:\\Users\\Lucas\\.vscode\\extensions\\uqbar.wollok-lsp-ide-0.3.3\\server\\node_modules\\vscode-languageserver\\lib\\common\\server.js:593:20\n    at handleRequest (c:\\Users\\Lucas\\.vscode\\extensions\\uqbar.wollok-lsp-ide-0.3.3\\server\\node_modules\\vscode-jsonrpc\\lib\\common\\connection.js:493:41)","timestamp":"2024-08-25T02:59:43.403Z"}
{"level":"error","message":"✘ Completions for node failed: Error: [Assignment]{0ad7f9} at clase1.wlk:56 exhausted all cases without a match [Assignment]{0ad7f9} at clase1.wlk:56 exhausted all cases without a match","stack":"Error: [Assignment]{0ad7f9} at clase1.wlk:56 exhausted all cases without a match\n    at c:\\Users\\Lucas\\.vscode\\extensions\\uqbar.wollok-lsp-ide-0.3.3\\node_modules\\wollok-ts\\dist\\extensions.js:85:11\n    at completionsForNode (c:\\Users\\Lucas\\.vscode\\extensions\\uqbar.wollok-lsp-ide-0.3.3\\server\\out\\functionalities\\autocomplete\\node-completion.js:10:44)\n    at completeForParent (c:\\Users\\Lucas\\.vscode\\extensions\\uqbar.wollok-lsp-ide-0.3.3\\server\\out\\functionalities\\autocomplete\\node-completion.js:56:43)\n    at completionsForNode (c:\\Users\\Lucas\\.vscode\\extensions\\uqbar.wollok-lsp-ide-0.3.3\\server\\out\\functionalities\\autocomplete\\node-completion.js:14:46)\n    at completeForParent (c:\\Users\\Lucas\\.vscode\\extensions\\uqbar.wollok-lsp-ide-0.3.3\\server\\out\\functionalities\\autocomplete\\node-completion.js:56:43)\n    at completeReference (c:\\Users\\Lucas\\.vscode\\extensions\\uqbar.wollok-lsp-ide-0.3.3\\server\\out\\functionalities\\autocomplete\\node-completion.js:64:135)\n    at c:\\Users\\Lucas\\.vscode\\extensions\\uqbar.wollok-lsp-ide-0.3.3\\node_modules\\wollok-ts\\dist\\extensions.js:84:20\n    at completionsForNode (c:\\Users\\Lucas\\.vscode\\extensions\\uqbar.wollok-lsp-ide-0.3.3\\server\\out\\functionalities\\autocomplete\\node-completion.js:10:44)\n    at c:\\Users\\Lucas\\.vscode\\extensions\\uqbar.wollok-lsp-ide-0.3.3\\server\\out\\functionalities\\autocomplete\\autocomplete.js:26:154\n    at c:\\Users\\Lucas\\.vscode\\extensions\\uqbar.wollok-lsp-ide-0.3.3\\server\\out\\server.js:198:20","timestamp":"2024-08-25T02:59:43.403Z"}
{"level":"info","message":"⌛ Validating clase1.wlk","timeElapsed":162,"timestamp":"2024-08-25T02:59:43.572Z"}
{"level":"info","message":"⌛ Building environment","timeElapsed":106,"timestamp":"2024-08-25T02:59:43.678Z"}
{"level":"info","message":"⌛ Building environment","timeElapsed":113,"timestamp":"2024-08-25T02:59:43.792Z"}
{"level":"info","message":"⌛ Validating clase1.wlk","timeElapsed":141,"timestamp":"2024-08-25T02:59:43.938Z"}
{"level":"info","message":"⌛ Building environment","timeElapsed":146,"timestamp":"2024-08-25T02:59:44.085Z"}
{"level":"error","message":"✘ Completions for node failed: Error: [Send]{155fb9} at clase1.wlk:56 exhausted all cases without a match [Send]{155fb9} at clase1.wlk:56 exhausted all cases without a match","stack":"Error: [Send]{155fb9} at clase1.wlk:56 exhausted all cases without a match\n    at c:\\Users\\Lucas\\.vscode\\extensions\\uqbar.wollok-lsp-ide-0.3.3\\node_modules\\wollok-ts\\dist\\extensions.js:85:11\n    at completionsForNode (c:\\Users\\Lucas\\.vscode\\extensions\\uqbar.wollok-lsp-ide-0.3.3\\server\\out\\functionalities\\autocomplete\\node-completion.js:10:44)\n    at completeForParent (c:\\Users\\Lucas\\.vscode\\extensions\\uqbar.wollok-lsp-ide-0.3.3\\server\\out\\functionalities\\autocomplete\\node-completion.js:56:43)\n    at completeReference (c:\\Users\\Lucas\\.vscode\\extensions\\uqbar.wollok-lsp-ide-0.3.3\\server\\out\\functionalities\\autocomplete\\node-completion.js:64:135)\n    at c:\\Users\\Lucas\\.vscode\\extensions\\uqbar.wollok-lsp-ide-0.3.3\\node_modules\\wollok-ts\\dist\\extensions.js:84:20\n    at completionsForNode (c:\\Users\\Lucas\\.vscode\\extensions\\uqbar.wollok-lsp-ide-0.3.3\\server\\out\\functionalities\\autocomplete\\node-completion.js:10:44)\n    at c:\\Users\\Lucas\\.vscode\\extensions\\uqbar.wollok-lsp-ide-0.3.3\\server\\out\\functionalities\\autocomplete\\autocomplete.js:26:154\n    at c:\\Users\\Lucas\\.vscode\\extensions\\uqbar.wollok-lsp-ide-0.3.3\\server\\out\\server.js:198:20\n    at c:\\Users\\Lucas\\.vscode\\extensions\\uqbar.wollok-lsp-ide-0.3.3\\server\\node_modules\\vscode-languageserver\\lib\\common\\server.js:593:20\n    at handleRequest (c:\\Users\\Lucas\\.vscode\\extensions\\uqbar.wollok-lsp-ide-0.3.3\\server\\node_modules\\vscode-jsonrpc\\lib\\common\\connection.js:493:41)","timestamp":"2024-08-25T02:59:44.127Z"}
{"level":"error","message":"✘ Completions for node failed: Error: [Assignment]{8bb536} at clase1.wlk:56 exhausted all cases without a match [Assignment]{8bb536} at clase1.wlk:56 exhausted all cases without a match","stack":"Error: [Assignment]{8bb536} at clase1.wlk:56 exhausted all cases without a match\n    at c:\\Users\\Lucas\\.vscode\\extensions\\uqbar.wollok-lsp-ide-0.3.3\\node_modules\\wollok-ts\\dist\\extensions.js:85:11\n    at completionsForNode (c:\\Users\\Lucas\\.vscode\\extensions\\uqbar.wollok-lsp-ide-0.3.3\\server\\out\\functionalities\\autocomplete\\node-completion.js:10:44)\n    at completeForParent (c:\\Users\\Lucas\\.vscode\\extensions\\uqbar.wollok-lsp-ide-0.3.3\\server\\out\\functionalities\\autocomplete\\node-completion.js:56:43)\n    at completionsForNode (c:\\Users\\Lucas\\.vscode\\extensions\\uqbar.wollok-lsp-ide-0.3.3\\server\\out\\functionalities\\autocomplete\\node-completion.js:14:46)\n    at completeForParent (c:\\Users\\Lucas\\.vscode\\extensions\\uqbar.wollok-lsp-ide-0.3.3\\server\\out\\functionalities\\autocomplete\\node-completion.js:56:43)\n    at completeReference (c:\\Users\\Lucas\\.vscode\\extensions\\uqbar.wollok-lsp-ide-0.3.3\\server\\out\\functionalities\\autocomplete\\node-completion.js:64:135)\n    at c:\\Users\\Lucas\\.vscode\\extensions\\uqbar.wollok-lsp-ide-0.3.3\\node_modules\\wollok-ts\\dist\\extensions.js:84:20\n    at completionsForNode (c:\\Users\\Lucas\\.vscode\\extensions\\uqbar.wollok-lsp-ide-0.3.3\\server\\out\\functionalities\\autocomplete\\node-completion.js:10:44)\n    at c:\\Users\\Lucas\\.vscode\\extensions\\uqbar.wollok-lsp-ide-0.3.3\\server\\out\\functionalities\\autocomplete\\autocomplete.js:26:154\n    at c:\\Users\\Lucas\\.vscode\\extensions\\uqbar.wollok-lsp-ide-0.3.3\\server\\out\\server.js:198:20","timestamp":"2024-08-25T02:59:44.127Z"}
{"level":"info","message":"⌛ Validating clase1.wlk","timeElapsed":160,"timestamp":"2024-08-25T02:59:44.293Z"}
{"level":"info","message":"⌛ Validating clase1.wlk","timeElapsed":148,"timestamp":"2024-08-25T02:59:44.516Z"}
{"level":"info","message":"⌛ Validating clase1.wlk","timeElapsed":150,"timestamp":"2024-08-25T02:59:44.671Z"}
{"level":"info","message":"⌛ Validating clase1.wlk","timeElapsed":129,"timestamp":"2024-08-25T02:59:44.888Z"}
{"level":"info","message":"⌛ Building environment","timeElapsed":259,"timestamp":"2024-08-25T02:59:45.773Z"}
{"level":"info","message":"⌛ Building environment","timeElapsed":118,"timestamp":"2024-08-25T02:59:45.894Z"}
{"level":"info","message":"⌛ Validating clase1.wlk","timeElapsed":131,"timestamp":"2024-08-25T02:59:46.025Z"}
{"level":"info","message":"⌛ Validating clase1.wlk","timeElapsed":147,"timestamp":"2024-08-25T02:59:46.277Z"}
{"level":"info","message":"⌛ Building environment","timeElapsed":130,"timestamp":"2024-08-25T02:59:46.408Z"}
{"level":"info","message":"⌛ Validating clase1.wlk","timeElapsed":152,"timestamp":"2024-08-25T02:59:46.561Z"}
{"level":"info","message":"⌛ Building environment","timeElapsed":111,"timestamp":"2024-08-25T02:59:46.672Z"}
{"level":"info","message":"⌛ Validating clase1.wlk","timeElapsed":184,"timestamp":"2024-08-25T02:59:46.857Z"}
{"level":"info","message":"⌛ Validating clase1.wlk","timeElapsed":151,"timestamp":"2024-08-25T02:59:47.016Z"}
{"level":"info","message":"⌛ Building environment","timeElapsed":191,"timestamp":"2024-08-25T02:59:47.326Z"}
{"level":"error","message":"✘ Completions for node failed: Error: [Send]{b264cc} at clase1.wlk:56 exhausted all cases without a match [Send]{b264cc} at clase1.wlk:56 exhausted all cases without a match","stack":"Error: [Send]{b264cc} at clase1.wlk:56 exhausted all cases without a match\n    at c:\\Users\\Lucas\\.vscode\\extensions\\uqbar.wollok-lsp-ide-0.3.3\\node_modules\\wollok-ts\\dist\\extensions.js:85:11\n    at completionsForNode (c:\\Users\\Lucas\\.vscode\\extensions\\uqbar.wollok-lsp-ide-0.3.3\\server\\out\\functionalities\\autocomplete\\node-completion.js:10:44)\n    at completeForParent (c:\\Users\\Lucas\\.vscode\\extensions\\uqbar.wollok-lsp-ide-0.3.3\\server\\out\\functionalities\\autocomplete\\node-completion.js:56:43)\n    at completeReference (c:\\Users\\Lucas\\.vscode\\extensions\\uqbar.wollok-lsp-ide-0.3.3\\server\\out\\functionalities\\autocomplete\\node-completion.js:64:135)\n    at c:\\Users\\Lucas\\.vscode\\extensions\\uqbar.wollok-lsp-ide-0.3.3\\node_modules\\wollok-ts\\dist\\extensions.js:84:20\n    at completionsForNode (c:\\Users\\Lucas\\.vscode\\extensions\\uqbar.wollok-lsp-ide-0.3.3\\server\\out\\functionalities\\autocomplete\\node-completion.js:10:44)\n    at c:\\Users\\Lucas\\.vscode\\extensions\\uqbar.wollok-lsp-ide-0.3.3\\server\\out\\functionalities\\autocomplete\\autocomplete.js:26:154\n    at c:\\Users\\Lucas\\.vscode\\extensions\\uqbar.wollok-lsp-ide-0.3.3\\server\\out\\server.js:198:20\n    at c:\\Users\\Lucas\\.vscode\\extensions\\uqbar.wollok-lsp-ide-0.3.3\\server\\node_modules\\vscode-languageserver\\lib\\common\\server.js:593:20\n    at handleRequest (c:\\Users\\Lucas\\.vscode\\extensions\\uqbar.wollok-lsp-ide-0.3.3\\server\\node_modules\\vscode-jsonrpc\\lib\\common\\connection.js:493:41)","timestamp":"2024-08-25T02:59:47.352Z"}
{"level":"error","message":"✘ Completions for node failed: Error: [Assignment]{fd028f} at clase1.wlk:56 exhausted all cases without a match [Assignment]{fd028f} at clase1.wlk:56 exhausted all cases without a match","stack":"Error: [Assignment]{fd028f} at clase1.wlk:56 exhausted all cases without a match\n    at c:\\Users\\Lucas\\.vscode\\extensions\\uqbar.wollok-lsp-ide-0.3.3\\node_modules\\wollok-ts\\dist\\extensions.js:85:11\n    at completionsForNode (c:\\Users\\Lucas\\.vscode\\extensions\\uqbar.wollok-lsp-ide-0.3.3\\server\\out\\functionalities\\autocomplete\\node-completion.js:10:44)\n    at completeForParent (c:\\Users\\Lucas\\.vscode\\extensions\\uqbar.wollok-lsp-ide-0.3.3\\server\\out\\functionalities\\autocomplete\\node-completion.js:56:43)\n    at completionsForNode (c:\\Users\\Lucas\\.vscode\\extensions\\uqbar.wollok-lsp-ide-0.3.3\\server\\out\\functionalities\\autocomplete\\node-completion.js:14:46)\n    at completeForParent (c:\\Users\\Lucas\\.vscode\\extensions\\uqbar.wollok-lsp-ide-0.3.3\\server\\out\\functionalities\\autocomplete\\node-completion.js:56:43)\n    at completeReference (c:\\Users\\Lucas\\.vscode\\extensions\\uqbar.wollok-lsp-ide-0.3.3\\server\\out\\functionalities\\autocomplete\\node-completion.js:64:135)\n    at c:\\Users\\Lucas\\.vscode\\extensions\\uqbar.wollok-lsp-ide-0.3.3\\node_modules\\wollok-ts\\dist\\extensions.js:84:20\n    at completionsForNode (c:\\Users\\Lucas\\.vscode\\extensions\\uqbar.wollok-lsp-ide-0.3.3\\server\\out\\functionalities\\autocomplete\\node-completion.js:10:44)\n    at c:\\Users\\Lucas\\.vscode\\extensions\\uqbar.wollok-lsp-ide-0.3.3\\server\\out\\functionalities\\autocomplete\\autocomplete.js:26:154\n    at c:\\Users\\Lucas\\.vscode\\extensions\\uqbar.wollok-lsp-ide-0.3.3\\server\\out\\server.js:198:20","timestamp":"2024-08-25T02:59:47.353Z"}
{"level":"info","message":"⌛ Validating clase1.wlk","timeElapsed":150,"timestamp":"2024-08-25T02:59:47.506Z"}
{"level":"info","message":"onRequest - completionItem/resolve","timestamp":"2024-08-25T02:59:47.507Z"}
{"level":"info","message":"⌛ Building environment","timeElapsed":126,"timestamp":"2024-08-25T02:59:47.634Z"}
{"level":"info","message":"onRequest - completionItem/resolve","timestamp":"2024-08-25T02:59:47.635Z"}
{"level":"info","message":"onRequest - completionItem/resolve","timestamp":"2024-08-25T02:59:47.734Z"}
{"level":"info","message":"⌛ Validating clase1.wlk","timeElapsed":174,"timestamp":"2024-08-25T02:59:47.909Z"}
{"level":"info","message":"⌛ Validating clase1.wlk","timeElapsed":166,"timestamp":"2024-08-25T02:59:48.075Z"}
{"level":"info","message":"⌛ Building environment","timeElapsed":107,"timestamp":"2024-08-25T02:59:48.183Z"}
{"level":"info","message":"onRequest - completionItem/resolve","timestamp":"2024-08-25T02:59:48.184Z"}
{"level":"info","message":"⌛ Building environment","timeElapsed":111,"timestamp":"2024-08-25T02:59:48.295Z"}
{"level":"info","message":"onRequest - completionItem/resolve","timestamp":"2024-08-25T02:59:48.295Z"}
{"level":"info","message":"⌛ Building environment","timeElapsed":150,"timestamp":"2024-08-25T02:59:48.446Z"}
{"level":"info","message":"onRequest - completionItem/resolve","timestamp":"2024-08-25T02:59:48.447Z"}
{"level":"info","message":"⌛ Validating clase1.wlk","timeElapsed":175,"timestamp":"2024-08-25T02:59:48.622Z"}
{"level":"info","message":"⌛ Validating clase1.wlk","timeElapsed":180,"timestamp":"2024-08-25T02:59:48.803Z"}
{"level":"info","message":"onRequest - completionItem/resolve","timestamp":"2024-08-25T02:59:48.904Z"}
{"level":"info","message":"onRequest - completionItem/resolve","timestamp":"2024-08-25T02:59:48.983Z"}
{"level":"info","message":"⌛ Validating clase1.wlk","timeElapsed":133,"timestamp":"2024-08-25T02:59:49.115Z"}
{"level":"info","message":"onRequest - completionItem/resolve","timestamp":"2024-08-25T02:59:49.201Z"}
{"level":"info","message":"⌛ Validating clase1.wlk","timeElapsed":118,"timestamp":"2024-08-25T02:59:49.319Z"}
{"level":"info","message":"⌛ Validating clase1.wlk","timeElapsed":129,"timestamp":"2024-08-25T02:59:49.452Z"}
{"level":"info","message":"⌛ Validating clase1.wlk","timeElapsed":187,"timestamp":"2024-08-25T02:59:49.640Z"}
{"level":"info","message":"⌛ Validating clase1.wlk","timeElapsed":159,"timestamp":"2024-08-25T02:59:53.113Z"}
{"level":"info","message":"⌛ Building environment","timeElapsed":110,"timestamp":"2024-08-25T02:59:53.224Z"}
{"level":"info","message":"⌛ Validating clase1.wlk","timeElapsed":187,"timestamp":"2024-08-25T02:59:53.411Z"}
{"level":"info","message":"⌛ Building environment","timeElapsed":202,"timestamp":"2024-08-25T02:59:54.122Z"}
{"level":"info","message":"⌛ Validating clase1.wlk","timeElapsed":189,"timestamp":"2024-08-25T02:59:54.361Z"}
{"level":"info","message":"⌛ Building environment","timeElapsed":171,"timestamp":"2024-08-25T02:59:54.533Z"}
{"level":"info","message":"onRequest - completionItem/resolve","timestamp":"2024-08-25T02:59:54.543Z"}
{"level":"info","message":"⌛ Building environment","timeElapsed":152,"timestamp":"2024-08-25T02:59:54.701Z"}
{"level":"info","message":"onRequest - completionItem/resolve","timestamp":"2024-08-25T02:59:54.702Z"}
{"level":"info","message":"⌛ Validating clase1.wlk","timeElapsed":163,"timestamp":"2024-08-25T02:59:54.865Z"}
{"level":"info","message":"⌛ Building environment","timeElapsed":148,"timestamp":"2024-08-25T02:59:55.014Z"}
{"level":"info","message":"onRequest - completionItem/resolve","timestamp":"2024-08-25T02:59:55.014Z"}
{"level":"info","message":"⌛ Validating clase1.wlk","timeElapsed":228,"timestamp":"2024-08-25T02:59:55.244Z"}
{"level":"info","message":"⌛ Validating clase1.wlk","timeElapsed":322,"timestamp":"2024-08-25T02:59:55.577Z"}
{"level":"info","message":"onRequest - completionItem/resolve","timestamp":"2024-08-25T02:59:55.634Z"}
{"level":"info","message":"⌛ Building environment","timeElapsed":127,"timestamp":"2024-08-25T02:59:55.764Z"}
{"level":"info","message":"⌛ Validating clase1.wlk","timeElapsed":175,"timestamp":"2024-08-25T02:59:55.940Z"}
{"level":"info","message":"⌛ Building environment","timeElapsed":226,"timestamp":"2024-08-25T02:59:57.893Z"}
{"level":"info","message":"⌛ Validating clase1.wlk","timeElapsed":196,"timestamp":"2024-08-25T02:59:58.116Z"}
{"level":"info","message":"onRequest - completionItem/resolve","timestamp":"2024-08-25T02:59:58.117Z"}
{"level":"info","message":"⌛ Building environment","timeElapsed":211,"timestamp":"2024-08-25T02:59:58.330Z"}
{"level":"info","message":"onRequest - completionItem/resolve","timestamp":"2024-08-25T02:59:58.330Z"}
{"level":"info","message":"⌛ Building environment","timeElapsed":170,"timestamp":"2024-08-25T02:59:58.509Z"}
{"level":"info","message":"onRequest - completionItem/resolve","timestamp":"2024-08-25T02:59:58.510Z"}
{"level":"info","message":"⌛ Validating clase1.wlk","timeElapsed":317,"timestamp":"2024-08-25T02:59:58.828Z"}
{"level":"info","message":"onRequest - completionItem/resolve","timestamp":"2024-08-25T02:59:58.911Z"}
{"level":"info","message":"⌛ Validating clase1.wlk","timeElapsed":157,"timestamp":"2024-08-25T02:59:59.068Z"}
{"level":"info","message":"⌛ Building environment","timeElapsed":128,"timestamp":"2024-08-25T02:59:59.197Z"}
{"level":"info","message":"onRequest - completionItem/resolve","timestamp":"2024-08-25T02:59:59.205Z"}
{"level":"info","message":"⌛ Validating clase1.wlk","timeElapsed":157,"timestamp":"2024-08-25T02:59:59.367Z"}
{"level":"info","message":"⌛ Validating clase1.wlk","timeElapsed":186,"timestamp":"2024-08-25T02:59:59.553Z"}
{"level":"info","message":"onRequest - completionItem/resolve","timestamp":"2024-08-25T02:59:59.653Z"}
{"level":"info","message":"⌛ Validating clase1.wlk","timeElapsed":139,"timestamp":"2024-08-25T02:59:59.793Z"}
{"level":"info","message":"⌛ Building environment","timeElapsed":242,"timestamp":"2024-08-25T03:00:02.983Z"}
{"level":"info","message":"⌛ Validating clase1.wlk","timeElapsed":200,"timestamp":"2024-08-25T03:00:03.184Z"}
{"level":"info","message":"⌛ Building environment","timeElapsed":144,"timestamp":"2024-08-25T03:00:03.338Z"}
{"level":"info","message":"⌛ Validating clase1.wlk","timeElapsed":199,"timestamp":"2024-08-25T03:00:03.637Z"}
{"level":"info","message":"⌛ Validating clase1.wlk","timeElapsed":149,"timestamp":"2024-08-25T03:00:03.792Z"}
{"level":"info","message":"⌛ Building environment","timeElapsed":101,"timestamp":"2024-08-25T03:00:03.970Z"}
{"level":"info","message":"⌛ Validating clase1.wlk","timeElapsed":180,"timestamp":"2024-08-25T03:00:04.151Z"}
{"level":"info","message":"⌛ Validating clase1.wlk","timeElapsed":190,"timestamp":"2024-08-25T03:00:04.343Z"}
{"level":"info","message":"⌛ Building environment","timeElapsed":295,"timestamp":"2024-08-25T03:00:05.042Z"}
{"level":"info","message":"⌛ Building environment","timeElapsed":262,"timestamp":"2024-08-25T03:00:05.305Z"}
{"level":"info","message":"⌛ Validating clase1.wlk","timeElapsed":266,"timestamp":"2024-08-25T03:00:05.573Z"}
{"level":"info","message":"⌛ Building environment","timeElapsed":151,"timestamp":"2024-08-25T03:00:05.726Z"}
{"level":"info","message":"⌛ Building environment","timeElapsed":159,"timestamp":"2024-08-25T03:00:05.906Z"}
{"level":"info","message":"⌛ Validating clase1.wlk","timeElapsed":151,"timestamp":"2024-08-25T03:00:06.058Z"}
{"level":"info","message":"⌛ Validating clase1.wlk","timeElapsed":165,"timestamp":"2024-08-25T03:00:06.380Z"}
{"level":"info","message":"⌛ Building environment","timeElapsed":127,"timestamp":"2024-08-25T03:00:06.509Z"}
{"level":"info","message":"⌛ Validating clase1.wlk","timeElapsed":189,"timestamp":"2024-08-25T03:00:06.699Z"}
{"level":"info","message":"⌛ Validating clase1.wlk","timeElapsed":147,"timestamp":"2024-08-25T03:00:06.854Z"}
{"level":"info","message":"⌛ Building environment","timeElapsed":101,"timestamp":"2024-08-25T03:00:06.956Z"}
{"level":"info","message":"⌛ Validating clase1.wlk","timeElapsed":226,"timestamp":"2024-08-25T03:00:07.183Z"}
{"level":"info","message":"⌛ Validating clase1.wlk","timeElapsed":112,"timestamp":"2024-08-25T03:00:07.300Z"}
{"level":"info","message":"⌛ Validating clase1.wlk","timeElapsed":157,"timestamp":"2024-08-25T03:00:07.556Z"}
{"level":"info","message":"⌛ Validating clase1.wlk","timeElapsed":183,"timestamp":"2024-08-25T03:00:07.740Z"}
{"level":"info","message":"⌛ Building environment","timeElapsed":172,"timestamp":"2024-08-25T03:00:08.161Z"}
{"level":"error","message":"✘ Completions for node failed: Error: [Parameter]{acd5f5} at clase1.wlk:59 exhausted all cases without a match [Parameter]{acd5f5} at clase1.wlk:59 exhausted all cases without a match","stack":"Error: [Parameter]{acd5f5} at clase1.wlk:59 exhausted all cases without a match\n    at c:\\Users\\Lucas\\.vscode\\extensions\\uqbar.wollok-lsp-ide-0.3.3\\node_modules\\wollok-ts\\dist\\extensions.js:85:11\n    at completionsForNode (c:\\Users\\Lucas\\.vscode\\extensions\\uqbar.wollok-lsp-ide-0.3.3\\server\\out\\functionalities\\autocomplete\\node-completion.js:10:44)\n    at c:\\Users\\Lucas\\.vscode\\extensions\\uqbar.wollok-lsp-ide-0.3.3\\server\\out\\functionalities\\autocomplete\\autocomplete.js:26:154\n    at c:\\Users\\Lucas\\.vscode\\extensions\\uqbar.wollok-lsp-ide-0.3.3\\server\\out\\server.js:198:20\n    at c:\\Users\\Lucas\\.vscode\\extensions\\uqbar.wollok-lsp-ide-0.3.3\\server\\node_modules\\vscode-languageserver\\lib\\common\\server.js:593:20\n    at handleRequest (c:\\Users\\Lucas\\.vscode\\extensions\\uqbar.wollok-lsp-ide-0.3.3\\server\\node_modules\\vscode-jsonrpc\\lib\\common\\connection.js:493:41)\n    at handleMessage (c:\\Users\\Lucas\\.vscode\\extensions\\uqbar.wollok-lsp-ide-0.3.3\\server\\node_modules\\vscode-jsonrpc\\lib\\common\\connection.js:339:13)\n    at processMessageQueue (c:\\Users\\Lucas\\.vscode\\extensions\\uqbar.wollok-lsp-ide-0.3.3\\server\\node_modules\\vscode-jsonrpc\\lib\\common\\connection.js:362:17)\n    at Immediate._onImmediate (c:\\Users\\Lucas\\.vscode\\extensions\\uqbar.wollok-lsp-ide-0.3.3\\server\\node_modules\\vscode-jsonrpc\\lib\\common\\connection.js:334:13)\n    at process.processImmediate (node:internal/timers:478:21)","timestamp":"2024-08-25T03:00:08.194Z"}
{"level":"info","message":"⌛ Validating clase1.wlk","timeElapsed":157,"timestamp":"2024-08-25T03:00:08.357Z"}
{"level":"info","message":"onRequest - completionItem/resolve","timestamp":"2024-08-25T03:00:08.358Z"}
{"level":"info","message":"⌛ Building environment","timeElapsed":114,"timestamp":"2024-08-25T03:00:08.473Z"}
{"level":"error","message":"✘ Completions for node failed: Error: [Parameter]{5c7646} at clase1.wlk:59 exhausted all cases without a match [Parameter]{5c7646} at clase1.wlk:59 exhausted all cases without a match","stack":"Error: [Parameter]{5c7646} at clase1.wlk:59 exhausted all cases without a match\n    at c:\\Users\\Lucas\\.vscode\\extensions\\uqbar.wollok-lsp-ide-0.3.3\\node_modules\\wollok-ts\\dist\\extensions.js:85:11\n    at completionsForNode (c:\\Users\\Lucas\\.vscode\\extensions\\uqbar.wollok-lsp-ide-0.3.3\\server\\out\\functionalities\\autocomplete\\node-completion.js:10:44)\n    at c:\\Users\\Lucas\\.vscode\\extensions\\uqbar.wollok-lsp-ide-0.3.3\\server\\out\\functionalities\\autocomplete\\autocomplete.js:26:154\n    at c:\\Users\\Lucas\\.vscode\\extensions\\uqbar.wollok-lsp-ide-0.3.3\\server\\out\\server.js:198:20\n    at c:\\Users\\Lucas\\.vscode\\extensions\\uqbar.wollok-lsp-ide-0.3.3\\server\\node_modules\\vscode-languageserver\\lib\\common\\server.js:593:20\n    at handleRequest (c:\\Users\\Lucas\\.vscode\\extensions\\uqbar.wollok-lsp-ide-0.3.3\\server\\node_modules\\vscode-jsonrpc\\lib\\common\\connection.js:493:41)\n    at handleMessage (c:\\Users\\Lucas\\.vscode\\extensions\\uqbar.wollok-lsp-ide-0.3.3\\server\\node_modules\\vscode-jsonrpc\\lib\\common\\connection.js:339:13)\n    at processMessageQueue (c:\\Users\\Lucas\\.vscode\\extensions\\uqbar.wollok-lsp-ide-0.3.3\\server\\node_modules\\vscode-jsonrpc\\lib\\common\\connection.js:362:17)\n    at Immediate._onImmediate (c:\\Users\\Lucas\\.vscode\\extensions\\uqbar.wollok-lsp-ide-0.3.3\\server\\node_modules\\vscode-jsonrpc\\lib\\common\\connection.js:334:13)\n    at process.processImmediate (node:internal/timers:478:21)","timestamp":"2024-08-25T03:00:08.505Z"}
{"level":"info","message":"⌛ Validating clase1.wlk","timeElapsed":126,"timestamp":"2024-08-25T03:00:08.720Z"}
{"level":"info","message":"⌛ Validating clase1.wlk","timeElapsed":169,"timestamp":"2024-08-25T03:00:08.889Z"}
{"level":"info","message":"⌛ Building environment","timeElapsed":169,"timestamp":"2024-08-25T03:00:09.131Z"}
{"level":"error","message":"✘ Completions for node failed: Error: [Parameter]{48cc05} at clase1.wlk:59 exhausted all cases without a match [Parameter]{48cc05} at clase1.wlk:59 exhausted all cases without a match","stack":"Error: [Parameter]{48cc05} at clase1.wlk:59 exhausted all cases without a match\n    at c:\\Users\\Lucas\\.vscode\\extensions\\uqbar.wollok-lsp-ide-0.3.3\\node_modules\\wollok-ts\\dist\\extensions.js:85:11\n    at completionsForNode (c:\\Users\\Lucas\\.vscode\\extensions\\uqbar.wollok-lsp-ide-0.3.3\\server\\out\\functionalities\\autocomplete\\node-completion.js:10:44)\n    at c:\\Users\\Lucas\\.vscode\\extensions\\uqbar.wollok-lsp-ide-0.3.3\\server\\out\\functionalities\\autocomplete\\autocomplete.js:26:154\n    at c:\\Users\\Lucas\\.vscode\\extensions\\uqbar.wollok-lsp-ide-0.3.3\\server\\out\\server.js:198:20\n    at c:\\Users\\Lucas\\.vscode\\extensions\\uqbar.wollok-lsp-ide-0.3.3\\server\\node_modules\\vscode-languageserver\\lib\\common\\server.js:593:20\n    at handleRequest (c:\\Users\\Lucas\\.vscode\\extensions\\uqbar.wollok-lsp-ide-0.3.3\\server\\node_modules\\vscode-jsonrpc\\lib\\common\\connection.js:493:41)\n    at handleMessage (c:\\Users\\Lucas\\.vscode\\extensions\\uqbar.wollok-lsp-ide-0.3.3\\server\\node_modules\\vscode-jsonrpc\\lib\\common\\connection.js:339:13)\n    at processMessageQueue (c:\\Users\\Lucas\\.vscode\\extensions\\uqbar.wollok-lsp-ide-0.3.3\\server\\node_modules\\vscode-jsonrpc\\lib\\common\\connection.js:362:17)\n    at Immediate._onImmediate (c:\\Users\\Lucas\\.vscode\\extensions\\uqbar.wollok-lsp-ide-0.3.3\\server\\node_modules\\vscode-jsonrpc\\lib\\common\\connection.js:334:13)\n    at process.processImmediate (node:internal/timers:478:21)","timestamp":"2024-08-25T03:00:09.175Z"}
{"level":"info","message":"⌛ Building environment","timeElapsed":114,"timestamp":"2024-08-25T03:00:09.299Z"}
{"level":"info","message":"⌛ Validating clase1.wlk","timeElapsed":159,"timestamp":"2024-08-25T03:00:09.464Z"}
{"level":"info","message":"⌛ Building environment","timeElapsed":165,"timestamp":"2024-08-25T03:00:09.630Z"}
{"level":"info","message":"⌛ Validating clase1.wlk","timeElapsed":187,"timestamp":"2024-08-25T03:00:09.818Z"}
{"level":"info","message":"⌛ Validating clase1.wlk","timeElapsed":184,"timestamp":"2024-08-25T03:00:10.009Z"}
{"level":"info","message":"⌛ Building environment","timeElapsed":283,"timestamp":"2024-08-25T03:00:17.480Z"}
{"level":"info","message":"⌛ Building environment","timeElapsed":145,"timestamp":"2024-08-25T03:00:17.702Z"}
{"level":"info","message":"⌛ Validating clase1.wlk","timeElapsed":187,"timestamp":"2024-08-25T03:00:17.889Z"}
{"level":"info","message":"onRequest - completionItem/resolve","timestamp":"2024-08-25T03:00:17.890Z"}
{"level":"info","message":"⌛ Validating clase1.wlk","timeElapsed":183,"timestamp":"2024-08-25T03:00:18.073Z"}
{"level":"info","message":"⌛ Building environment","timeElapsed":251,"timestamp":"2024-08-25T03:00:19.717Z"}
{"level":"info","message":"onRequest - completionItem/resolve","timestamp":"2024-08-25T03:00:19.718Z"}
{"level":"info","message":"⌛ Validating clase1.wlk","timeElapsed":203,"timestamp":"2024-08-25T03:00:19.923Z"}
{"level":"info","message":"⌛ Building environment","timeElapsed":182,"timestamp":"2024-08-25T03:00:20.549Z"}
{"level":"info","message":"⌛ Validating clase1.wlk","timeElapsed":190,"timestamp":"2024-08-25T03:00:20.747Z"}
{"level":"info","message":"⌛ Building environment","timeElapsed":114,"timestamp":"2024-08-25T03:00:20.868Z"}
{"level":"info","message":"⌛ Building environment","timeElapsed":108,"timestamp":"2024-08-25T03:00:20.985Z"}
{"level":"info","message":"⌛ Validating clase1.wlk","timeElapsed":142,"timestamp":"2024-08-25T03:00:21.127Z"}
{"level":"info","message":"⌛ Building environment","timeElapsed":109,"timestamp":"2024-08-25T03:00:21.237Z"}
{"level":"info","message":"⌛ Validating clase1.wlk","timeElapsed":189,"timestamp":"2024-08-25T03:00:21.426Z"}
{"level":"info","message":"⌛ Validating clase1.wlk","timeElapsed":131,"timestamp":"2024-08-25T03:00:21.638Z"}
{"level":"info","message":"⌛ Validating clase1.wlk","timeElapsed":145,"timestamp":"2024-08-25T03:00:21.790Z"}
{"level":"info","message":"⌛ Building environment","timeElapsed":186,"timestamp":"2024-08-25T03:00:21.977Z"}
{"level":"info","message":"⌛ Building environment","timeElapsed":123,"timestamp":"2024-08-25T03:00:22.115Z"}
{"level":"info","message":"⌛ Validating clase1.wlk","timeElapsed":172,"timestamp":"2024-08-25T03:00:22.294Z"}
{"level":"info","message":"⌛ Validating clase1.wlk","timeElapsed":196,"timestamp":"2024-08-25T03:00:22.492Z"}
{"level":"info","message":"⌛ Building environment","timeElapsed":118,"timestamp":"2024-08-25T03:00:22.611Z"}
{"level":"info","message":"⌛ Building environment","timeElapsed":112,"timestamp":"2024-08-25T03:00:22.724Z"}
{"level":"error","message":"✘ Completions for node failed: Error: [Assignment]{e12745} at clase1.wlk:60 exhausted all cases without a match [Assignment]{e12745} at clase1.wlk:60 exhausted all cases without a match","stack":"Error: [Assignment]{e12745} at clase1.wlk:60 exhausted all cases without a match\n    at c:\\Users\\Lucas\\.vscode\\extensions\\uqbar.wollok-lsp-ide-0.3.3\\node_modules\\wollok-ts\\dist\\extensions.js:85:11\n    at completionsForNode (c:\\Users\\Lucas\\.vscode\\extensions\\uqbar.wollok-lsp-ide-0.3.3\\server\\out\\functionalities\\autocomplete\\node-completion.js:10:44)\n    at completeForParent (c:\\Users\\Lucas\\.vscode\\extensions\\uqbar.wollok-lsp-ide-0.3.3\\server\\out\\functionalities\\autocomplete\\node-completion.js:56:43)\n    at completeReference (c:\\Users\\Lucas\\.vscode\\extensions\\uqbar.wollok-lsp-ide-0.3.3\\server\\out\\functionalities\\autocomplete\\node-completion.js:64:135)\n    at c:\\Users\\Lucas\\.vscode\\extensions\\uqbar.wollok-lsp-ide-0.3.3\\node_modules\\wollok-ts\\dist\\extensions.js:84:20\n    at completionsForNode (c:\\Users\\Lucas\\.vscode\\extensions\\uqbar.wollok-lsp-ide-0.3.3\\server\\out\\functionalities\\autocomplete\\node-completion.js:10:44)\n    at c:\\Users\\Lucas\\.vscode\\extensions\\uqbar.wollok-lsp-ide-0.3.3\\server\\out\\functionalities\\autocomplete\\autocomplete.js:26:154\n    at c:\\Users\\Lucas\\.vscode\\extensions\\uqbar.wollok-lsp-ide-0.3.3\\server\\out\\server.js:198:20\n    at c:\\Users\\Lucas\\.vscode\\extensions\\uqbar.wollok-lsp-ide-0.3.3\\server\\node_modules\\vscode-languageserver\\lib\\common\\server.js:593:20\n    at handleRequest (c:\\Users\\Lucas\\.vscode\\extensions\\uqbar.wollok-lsp-ide-0.3.3\\server\\node_modules\\vscode-jsonrpc\\lib\\common\\connection.js:493:41)","timestamp":"2024-08-25T03:00:22.753Z"}
{"level":"info","message":"⌛ Validating clase1.wlk","timeElapsed":154,"timestamp":"2024-08-25T03:00:22.912Z"}
{"level":"info","message":"⌛ Validating clase1.wlk","timeElapsed":186,"timestamp":"2024-08-25T03:00:23.099Z"}
{"level":"info","message":"⌛ Building environment","timeElapsed":168,"timestamp":"2024-08-25T03:00:23.269Z"}
{"level":"info","message":"onRequest - completionItem/resolve","timestamp":"2024-08-25T03:00:23.269Z"}
{"level":"info","message":"onRequest - completionItem/resolve","timestamp":"2024-08-25T03:00:23.364Z"}
{"level":"info","message":"⌛ Building environment","timeElapsed":104,"timestamp":"2024-08-25T03:00:23.468Z"}
{"level":"info","message":"onRequest - completionItem/resolve","timestamp":"2024-08-25T03:00:23.468Z"}
{"level":"info","message":"⌛ Building environment","timeElapsed":107,"timestamp":"2024-08-25T03:00:23.576Z"}
{"level":"info","message":"onRequest - completionItem/resolve","timestamp":"2024-08-25T03:00:23.577Z"}
{"level":"info","message":"⌛ Validating clase1.wlk","timeElapsed":139,"timestamp":"2024-08-25T03:00:23.717Z"}
{"level":"info","message":"⌛ Validating clase1.wlk","timeElapsed":189,"timestamp":"2024-08-25T03:00:23.906Z"}
{"level":"info","message":"⌛ Validating clase1.wlk","timeElapsed":145,"timestamp":"2024-08-25T03:00:24.051Z"}
{"level":"info","message":"⌛ Validating clase1.wlk","timeElapsed":187,"timestamp":"2024-08-25T03:00:24.247Z"}
{"level":"info","message":"⌛ Building environment","timeElapsed":119,"timestamp":"2024-08-25T03:00:24.376Z"}
{"level":"info","message":"⌛ Validating clase1.wlk","timeElapsed":171,"timestamp":"2024-08-25T03:00:24.548Z"}
{"level":"info","message":"⌛ Building environment","timeElapsed":208,"timestamp":"2024-08-25T03:00:25.001Z"}
{"level":"info","message":"⌛ Validating clase1.wlk","timeElapsed":219,"timestamp":"2024-08-25T03:00:25.222Z"}
{"level":"info","message":"⌛ Building environment","timeElapsed":297,"timestamp":"2024-08-25T03:00:26.315Z"}
{"level":"info","message":"⌛ Validating clase1.wlk","timeElapsed":301,"timestamp":"2024-08-25T03:00:26.644Z"}
{"level":"info","message":"⌛ Building environment","timeElapsed":228,"timestamp":"2024-08-25T03:00:27.617Z"}
{"level":"info","message":"⌛ Building environment","timeElapsed":156,"timestamp":"2024-08-25T03:00:27.774Z"}
{"level":"info","message":"⌛ Validating clase1.wlk","timeElapsed":174,"timestamp":"2024-08-25T03:00:27.950Z"}
{"level":"info","message":"⌛ Validating clase1.wlk","timeElapsed":177,"timestamp":"2024-08-25T03:00:28.127Z"}
{"level":"info","message":"⌛ Building environment","timeElapsed":171,"timestamp":"2024-08-25T03:00:28.694Z"}
{"level":"error","message":"✘ Completions for node failed: Error: [Assignment]{de0b48} at clase1.wlk:60 exhausted all cases without a match [Assignment]{de0b48} at clase1.wlk:60 exhausted all cases without a match","stack":"Error: [Assignment]{de0b48} at clase1.wlk:60 exhausted all cases without a match\n    at c:\\Users\\Lucas\\.vscode\\extensions\\uqbar.wollok-lsp-ide-0.3.3\\node_modules\\wollok-ts\\dist\\extensions.js:85:11\n    at completionsForNode (c:\\Users\\Lucas\\.vscode\\extensions\\uqbar.wollok-lsp-ide-0.3.3\\server\\out\\functionalities\\autocomplete\\node-completion.js:10:44)\n    at completeForParent (c:\\Users\\Lucas\\.vscode\\extensions\\uqbar.wollok-lsp-ide-0.3.3\\server\\out\\functionalities\\autocomplete\\node-completion.js:56:43)\n    at completeReference (c:\\Users\\Lucas\\.vscode\\extensions\\uqbar.wollok-lsp-ide-0.3.3\\server\\out\\functionalities\\autocomplete\\node-completion.js:64:135)\n    at c:\\Users\\Lucas\\.vscode\\extensions\\uqbar.wollok-lsp-ide-0.3.3\\node_modules\\wollok-ts\\dist\\extensions.js:84:20\n    at completionsForNode (c:\\Users\\Lucas\\.vscode\\extensions\\uqbar.wollok-lsp-ide-0.3.3\\server\\out\\functionalities\\autocomplete\\node-completion.js:10:44)\n    at c:\\Users\\Lucas\\.vscode\\extensions\\uqbar.wollok-lsp-ide-0.3.3\\server\\out\\functionalities\\autocomplete\\autocomplete.js:26:154\n    at c:\\Users\\Lucas\\.vscode\\extensions\\uqbar.wollok-lsp-ide-0.3.3\\server\\out\\server.js:198:20\n    at c:\\Users\\Lucas\\.vscode\\extensions\\uqbar.wollok-lsp-ide-0.3.3\\server\\node_modules\\vscode-languageserver\\lib\\common\\server.js:593:20\n    at handleRequest (c:\\Users\\Lucas\\.vscode\\extensions\\uqbar.wollok-lsp-ide-0.3.3\\server\\node_modules\\vscode-jsonrpc\\lib\\common\\connection.js:493:41)","timestamp":"2024-08-25T03:00:28.716Z"}
{"level":"info","message":"⌛ Validating clase1.wlk","timeElapsed":152,"timestamp":"2024-08-25T03:00:28.870Z"}
{"level":"info","message":"onRequest - completionItem/resolve","timestamp":"2024-08-25T03:00:28.870Z"}
{"level":"info","message":"⌛ Building environment","timeElapsed":109,"timestamp":"2024-08-25T03:00:28.980Z"}
{"level":"info","message":"⌛ Validating clase1.wlk","timeElapsed":178,"timestamp":"2024-08-25T03:00:29.164Z"}
{"level":"info","message":"⌛ Building environment","timeElapsed":197,"timestamp":"2024-08-25T03:00:30.197Z"}
{"level":"info","message":"⌛ Validating clase1.wlk","timeElapsed":176,"timestamp":"2024-08-25T03:00:30.374Z"}
{"level":"info","message":"⌛ Building environment","timeElapsed":182,"timestamp":"2024-08-25T03:00:30.872Z"}
{"level":"info","message":"⌛ Validating clase1.wlk","timeElapsed":190,"timestamp":"2024-08-25T03:00:31.072Z"}
{"level":"info","message":"⌛ Building environment","timeElapsed":107,"timestamp":"2024-08-25T03:00:31.189Z"}
{"level":"error","message":"✘ Completions for node failed: Error: [Send]{b18445} at clase1.wlk:60 exhausted all cases without a match [Send]{b18445} at clase1.wlk:60 exhausted all cases without a match","stack":"Error: [Send]{b18445} at clase1.wlk:60 exhausted all cases without a match\n    at c:\\Users\\Lucas\\.vscode\\extensions\\uqbar.wollok-lsp-ide-0.3.3\\node_modules\\wollok-ts\\dist\\extensions.js:85:11\n    at completionsForNode (c:\\Users\\Lucas\\.vscode\\extensions\\uqbar.wollok-lsp-ide-0.3.3\\server\\out\\functionalities\\autocomplete\\node-completion.js:10:44)\n    at completeForParent (c:\\Users\\Lucas\\.vscode\\extensions\\uqbar.wollok-lsp-ide-0.3.3\\server\\out\\functionalities\\autocomplete\\node-completion.js:56:43)\n    at completeReference (c:\\Users\\Lucas\\.vscode\\extensions\\uqbar.wollok-lsp-ide-0.3.3\\server\\out\\functionalities\\autocomplete\\node-completion.js:64:135)\n    at c:\\Users\\Lucas\\.vscode\\extensions\\uqbar.wollok-lsp-ide-0.3.3\\node_modules\\wollok-ts\\dist\\extensions.js:84:20\n    at completionsForNode (c:\\Users\\Lucas\\.vscode\\extensions\\uqbar.wollok-lsp-ide-0.3.3\\server\\out\\functionalities\\autocomplete\\node-completion.js:10:44)\n    at c:\\Users\\Lucas\\.vscode\\extensions\\uqbar.wollok-lsp-ide-0.3.3\\server\\out\\functionalities\\autocomplete\\autocomplete.js:26:154\n    at c:\\Users\\Lucas\\.vscode\\extensions\\uqbar.wollok-lsp-ide-0.3.3\\server\\out\\server.js:198:20\n    at c:\\Users\\Lucas\\.vscode\\extensions\\uqbar.wollok-lsp-ide-0.3.3\\server\\node_modules\\vscode-languageserver\\lib\\common\\server.js:593:20\n    at handleRequest (c:\\Users\\Lucas\\.vscode\\extensions\\uqbar.wollok-lsp-ide-0.3.3\\server\\node_modules\\vscode-jsonrpc\\lib\\common\\connection.js:493:41)","timestamp":"2024-08-25T03:00:31.248Z"}
{"level":"error","message":"✘ Completions for node failed: Error: [Assignment]{329f20} at clase1.wlk:60 exhausted all cases without a match [Assignment]{329f20} at clase1.wlk:60 exhausted all cases without a match","stack":"Error: [Assignment]{329f20} at clase1.wlk:60 exhausted all cases without a match\n    at c:\\Users\\Lucas\\.vscode\\extensions\\uqbar.wollok-lsp-ide-0.3.3\\node_modules\\wollok-ts\\dist\\extensions.js:85:11\n    at completionsForNode (c:\\Users\\Lucas\\.vscode\\extensions\\uqbar.wollok-lsp-ide-0.3.3\\server\\out\\functionalities\\autocomplete\\node-completion.js:10:44)\n    at completeForParent (c:\\Users\\Lucas\\.vscode\\extensions\\uqbar.wollok-lsp-ide-0.3.3\\server\\out\\functionalities\\autocomplete\\node-completion.js:56:43)\n    at completionsForNode (c:\\Users\\Lucas\\.vscode\\extensions\\uqbar.wollok-lsp-ide-0.3.3\\server\\out\\functionalities\\autocomplete\\node-completion.js:14:46)\n    at completeForParent (c:\\Users\\Lucas\\.vscode\\extensions\\uqbar.wollok-lsp-ide-0.3.3\\server\\out\\functionalities\\autocomplete\\node-completion.js:56:43)\n    at completeReference (c:\\Users\\Lucas\\.vscode\\extensions\\uqbar.wollok-lsp-ide-0.3.3\\server\\out\\functionalities\\autocomplete\\node-completion.js:64:135)\n    at c:\\Users\\Lucas\\.vscode\\extensions\\uqbar.wollok-lsp-ide-0.3.3\\node_modules\\wollok-ts\\dist\\extensions.js:84:20\n    at completionsForNode (c:\\Users\\Lucas\\.vscode\\extensions\\uqbar.wollok-lsp-ide-0.3.3\\server\\out\\functionalities\\autocomplete\\node-completion.js:10:44)\n    at c:\\Users\\Lucas\\.vscode\\extensions\\uqbar.wollok-lsp-ide-0.3.3\\server\\out\\functionalities\\autocomplete\\autocomplete.js:26:154\n    at c:\\Users\\Lucas\\.vscode\\extensions\\uqbar.wollok-lsp-ide-0.3.3\\server\\out\\server.js:198:20","timestamp":"2024-08-25T03:00:31.248Z"}
{"level":"info","message":"⌛ Validating clase1.wlk","timeElapsed":190,"timestamp":"2024-08-25T03:00:31.441Z"}
{"level":"info","message":"⌛ Building environment","timeElapsed":125,"timestamp":"2024-08-25T03:00:31.568Z"}
{"level":"info","message":"onRequest - completionItem/resolve","timestamp":"2024-08-25T03:00:31.576Z"}
{"level":"info","message":"⌛ Building environment","timeElapsed":142,"timestamp":"2024-08-25T03:00:31.719Z"}
{"level":"info","message":"onRequest - completionItem/resolve","timestamp":"2024-08-25T03:00:31.720Z"}
{"level":"info","message":"⌛ Building environment","timeElapsed":118,"timestamp":"2024-08-25T03:00:31.838Z"}
{"level":"info","message":"onRequest - completionItem/resolve","timestamp":"2024-08-25T03:00:31.839Z"}
{"level":"info","message":"onRequest - completionItem/resolve","timestamp":"2024-08-25T03:00:31.937Z"}
{"level":"info","message":"⌛ Validating clase1.wlk","timeElapsed":174,"timestamp":"2024-08-25T03:00:32.112Z"}
{"level":"info","message":"⌛ Validating clase1.wlk","timeElapsed":165,"timestamp":"2024-08-25T03:00:32.278Z"}
{"level":"info","message":"⌛ Building environment","timeElapsed":109,"timestamp":"2024-08-25T03:00:32.388Z"}
{"level":"info","message":"onRequest - completionItem/resolve","timestamp":"2024-08-25T03:00:32.389Z"}
{"level":"info","message":"⌛ Validating clase1.wlk","timeElapsed":183,"timestamp":"2024-08-25T03:00:32.572Z"}
{"level":"info","message":"⌛ Validating clase1.wlk","timeElapsed":171,"timestamp":"2024-08-25T03:00:32.743Z"}
{"level":"info","message":"⌛ Validating clase1.wlk","timeElapsed":183,"timestamp":"2024-08-25T03:00:32.935Z"}
{"level":"info","message":"onRequest - completionItem/resolve","timestamp":"2024-08-25T03:00:32.935Z"}
{"level":"info","message":"⌛ Building environment","timeElapsed":154,"timestamp":"2024-08-25T03:00:33.090Z"}
{"level":"info","message":"⌛ Validating clase1.wlk","timeElapsed":206,"timestamp":"2024-08-25T03:00:33.313Z"}
{"level":"info","message":"⌛ Building environment","timeElapsed":214,"timestamp":"2024-08-25T03:00:34.192Z"}
{"level":"info","message":"⌛ Validating clase1.wlk","timeElapsed":239,"timestamp":"2024-08-25T03:00:34.436Z"}
{"level":"info","message":"⌛ Building environment","timeElapsed":236,"timestamp":"2024-08-25T03:00:36.927Z"}
{"level":"info","message":"⌛ Validating clase1.wlk","timeElapsed":211,"timestamp":"2024-08-25T03:00:37.141Z"}
{"level":"info","message":"⌛ Building environment","timeElapsed":183,"timestamp":"2024-08-25T03:00:39.882Z"}
{"level":"info","message":"⌛ Validating clase1.wlk","timeElapsed":289,"timestamp":"2024-08-25T03:00:40.174Z"}
{"level":"info","message":"⌛ Validating clase1.wlk","timeElapsed":183,"timestamp":"2024-08-25T03:00:40.446Z"}
{"level":"info","message":"⌛ Building environment","timeElapsed":332,"timestamp":"2024-08-25T03:00:41.306Z"}
{"level":"info","message":"⌛ Building environment","timeElapsed":128,"timestamp":"2024-08-25T03:00:41.459Z"}
{"level":"info","message":"⌛ Validating clase1.wlk","timeElapsed":223,"timestamp":"2024-08-25T03:00:41.685Z"}
{"level":"info","message":"onRequest - completionItem/resolve","timestamp":"2024-08-25T03:00:41.685Z"}
{"level":"info","message":"onRequest - completionItem/resolve","timestamp":"2024-08-25T03:00:41.766Z"}
{"level":"info","message":"⌛ Validating clase1.wlk","timeElapsed":149,"timestamp":"2024-08-25T03:00:41.915Z"}
{"level":"info","message":"⌛ Building environment","timeElapsed":116,"timestamp":"2024-08-25T03:00:42.031Z"}
{"level":"info","message":"onRequest - completionItem/resolve","timestamp":"2024-08-25T03:00:42.031Z"}
{"level":"info","message":"⌛ Validating clase1.wlk","timeElapsed":181,"timestamp":"2024-08-25T03:00:42.213Z"}
{"level":"info","message":"⌛ Validating clase1.wlk","timeElapsed":144,"timestamp":"2024-08-25T03:00:42.361Z"}
{"level":"info","message":"onRequest - completionItem/resolve","timestamp":"2024-08-25T03:00:44.155Z"}
{"level":"info","message":"⌛ Building environment","timeElapsed":114,"timestamp":"2024-08-25T03:00:44.271Z"}
{"level":"info","message":"⌛ Validating clase1.wlk","timeElapsed":153,"timestamp":"2024-08-25T03:00:44.425Z"}
{"level":"info","message":"⌛ Building environment","timeElapsed":391,"timestamp":"2024-08-25T03:00:45.923Z"}
{"level":"info","message":"⌛ Building environment","timeElapsed":290,"timestamp":"2024-08-25T03:00:46.282Z"}
{"level":"info","message":"⌛ Building environment","timeElapsed":208,"timestamp":"2024-08-25T03:00:46.491Z"}
{"level":"info","message":"⌛ Building environment","timeElapsed":139,"timestamp":"2024-08-25T03:00:46.632Z"}
{"level":"info","message":"⌛ Validating clase1.wlk","timeElapsed":170,"timestamp":"2024-08-25T03:00:46.803Z"}
{"level":"info","message":"⌛ Building environment","timeElapsed":115,"timestamp":"2024-08-25T03:00:46.919Z"}
{"level":"info","message":"⌛ Building environment","timeElapsed":119,"timestamp":"2024-08-25T03:00:47.068Z"}
{"level":"info","message":"⌛ Validating clase1.wlk","timeElapsed":159,"timestamp":"2024-08-25T03:00:47.237Z"}
{"level":"info","message":"⌛ Building environment","timeElapsed":147,"timestamp":"2024-08-25T03:00:47.384Z"}
{"level":"info","message":"⌛ Validating clase1.wlk","timeElapsed":187,"timestamp":"2024-08-25T03:00:47.571Z"}
{"level":"info","message":"⌛ Validating clase1.wlk","timeElapsed":164,"timestamp":"2024-08-25T03:00:47.742Z"}
{"level":"info","message":"⌛ Validating clase1.wlk","timeElapsed":178,"timestamp":"2024-08-25T03:00:47.921Z"}
{"level":"info","message":"⌛ Validating clase1.wlk","timeElapsed":149,"timestamp":"2024-08-25T03:00:48.071Z"}
{"level":"info","message":"⌛ Validating clase1.wlk","timeElapsed":192,"timestamp":"2024-08-25T03:00:48.263Z"}
{"level":"info","message":"⌛ Building environment","timeElapsed":244,"timestamp":"2024-08-25T03:00:48.841Z"}
{"level":"info","message":"⌛ Validating clase1.wlk","timeElapsed":166,"timestamp":"2024-08-25T03:00:49.009Z"}
{"level":"info","message":"⌛ Validating clase1.wlk","timeElapsed":181,"timestamp":"2024-08-25T03:00:49.304Z"}
{"level":"info","message":"⌛ Building environment","timeElapsed":197,"timestamp":"2024-08-25T03:00:50.081Z"}
{"level":"info","message":"⌛ Validating clase1.wlk","timeElapsed":209,"timestamp":"2024-08-25T03:00:50.297Z"}
{"level":"info","message":"⌛ Building environment","timeElapsed":187,"timestamp":"2024-08-25T03:00:51.550Z"}
{"level":"info","message":"⌛ Validating clase1.wlk","timeElapsed":174,"timestamp":"2024-08-25T03:00:51.735Z"}
{"level":"info","message":"⌛ Building environment","timeElapsed":171,"timestamp":"2024-08-25T03:00:52.068Z"}
{"level":"info","message":"⌛ Building environment","timeElapsed":119,"timestamp":"2024-08-25T03:00:52.195Z"}
{"level":"info","message":"⌛ Validating clase1.wlk","timeElapsed":158,"timestamp":"2024-08-25T03:00:52.354Z"}
{"level":"info","message":"⌛ Validating clase1.wlk","timeElapsed":147,"timestamp":"2024-08-25T03:00:52.502Z"}
{"level":"info","message":"⌛ Building environment","timeElapsed":105,"timestamp":"2024-08-25T03:00:52.615Z"}
{"level":"info","message":"⌛ Validating clase1.wlk","timeElapsed":171,"timestamp":"2024-08-25T03:00:52.788Z"}
{"level":"info","message":"⌛ Building environment","timeElapsed":348,"timestamp":"2024-08-25T03:00:53.903Z"}
{"level":"info","message":"⌛ Building environment","timeElapsed":221,"timestamp":"2024-08-25T03:00:54.150Z"}
{"level":"info","message":"⌛ Validating clase1.wlk","timeElapsed":343,"timestamp":"2024-08-25T03:00:54.494Z"}
{"level":"info","message":"⌛ Validating clase1.wlk","timeElapsed":333,"timestamp":"2024-08-25T03:00:54.841Z"}
{"level":"info","message":"⌛ Building environment","timeElapsed":221,"timestamp":"2024-08-25T03:00:58.088Z"}
{"level":"info","message":"⌛ Validating clase1.wlk","timeElapsed":130,"timestamp":"2024-08-25T03:00:58.254Z"}
{"level":"info","message":"onRequest - completionItem/resolve","timestamp":"2024-08-25T03:00:58.254Z"}
{"level":"info","message":"onRequest - completionItem/resolve","timestamp":"2024-08-25T03:00:58.344Z"}
{"level":"info","message":"⌛ Validating clase1.wlk","timeElapsed":137,"timestamp":"2024-08-25T03:00:58.486Z"}
{"level":"info","message":"⌛ Validating clase1.wlk","timeElapsed":140,"timestamp":"2024-08-25T03:00:58.732Z"}
{"level":"info","message":"⌛ Building environment","timeElapsed":105,"timestamp":"2024-08-25T03:00:58.837Z"}
{"level":"info","message":"⌛ Validating clase1.wlk","timeElapsed":147,"timestamp":"2024-08-25T03:00:59.002Z"}
{"level":"info","message":"⌛ Building environment","timeElapsed":138,"timestamp":"2024-08-25T03:00:59.140Z"}
{"level":"info","message":"⌛ Building environment","timeElapsed":104,"timestamp":"2024-08-25T03:00:59.265Z"}
{"level":"info","message":"⌛ Validating clase1.wlk","timeElapsed":175,"timestamp":"2024-08-25T03:00:59.441Z"}
{"level":"info","message":"⌛ Validating clase1.wlk","timeElapsed":111,"timestamp":"2024-08-25T03:00:59.553Z"}
{"level":"info","message":"⌛ Building environment","timeElapsed":213,"timestamp":"2024-08-25T03:01:00.018Z"}
{"level":"info","message":"⌛ Validating clase1.wlk","timeElapsed":192,"timestamp":"2024-08-25T03:01:00.212Z"}
{"level":"info","message":"⌛ Building environment","timeElapsed":216,"timestamp":"2024-08-25T03:01:00.922Z"}
{"level":"info","message":"⌛ Validating clase1.wlk","timeElapsed":288,"timestamp":"2024-08-25T03:01:01.211Z"}
{"level":"info","message":"⌛ Validating clase1.wlk","timeElapsed":161,"timestamp":"2024-08-25T03:01:01.524Z"}
{"level":"info","message":"⌛ Validating clase1.wlk","timeElapsed":184,"timestamp":"2024-08-25T03:01:01.708Z"}
{"level":"info","message":"⌛ Building environment","timeElapsed":272,"timestamp":"2024-08-25T03:01:02.353Z"}
{"level":"info","message":"⌛ Building environment","timeElapsed":209,"timestamp":"2024-08-25T03:01:02.563Z"}
{"level":"info","message":"⌛ Validating clase1.wlk","timeElapsed":179,"timestamp":"2024-08-25T03:01:02.744Z"}
{"level":"info","message":"⌛ Validating clase1.wlk","timeElapsed":126,"timestamp":"2024-08-25T03:01:02.877Z"}
{"level":"info","message":"⌛ Building environment","timeElapsed":186,"timestamp":"2024-08-25T03:01:03.064Z"}
{"level":"info","message":"⌛ Validating clase1.wlk","timeElapsed":145,"timestamp":"2024-08-25T03:01:03.211Z"}
{"level":"info","message":"⌛ Building environment","timeElapsed":251,"timestamp":"2024-08-25T03:01:03.691Z"}
{"level":"info","message":"⌛ Building environment","timeElapsed":238,"timestamp":"2024-08-25T03:01:03.930Z"}
{"level":"info","message":"⌛ Validating clase1.wlk","timeElapsed":220,"timestamp":"2024-08-25T03:01:04.159Z"}
{"level":"info","message":"⌛ Building environment","timeElapsed":105,"timestamp":"2024-08-25T03:01:04.264Z"}
{"level":"info","message":"⌛ Validating clase1.wlk","timeElapsed":171,"timestamp":"2024-08-25T03:01:04.524Z"}
{"level":"info","message":"⌛ Validating clase1.wlk","timeElapsed":156,"timestamp":"2024-08-25T03:01:04.684Z"}
{"level":"info","message":"⌛ Validating clase1.wlk","timeElapsed":217,"timestamp":"2024-08-25T03:01:04.901Z"}
{"level":"info","message":"⌛ Building environment","timeElapsed":228,"timestamp":"2024-08-25T03:01:05.134Z"}
{"level":"error","message":"✘ Failed to rebuild document Failed to parse clase1.wlk: \n-- PARSING FAILED --------------------------------------------------\n\n  64 |     \n  65 |   }\n> 66 | }\n     | ^\n\nExpected one of the following: \n\n'@', 'class', 'const', 'describe', 'mixin', 'object', 'only', 'package', 'program', 'test', 'var', '{', EOF, comment, not \"}\", whitespace\n","stack":"Error: Failed to parse clase1.wlk: \n-- PARSING FAILED --------------------------------------------------\n\n  64 |     \n  65 |   }\n> 66 | }\n     | ^\n\nExpected one of the following: \n\n'@', 'class', 'const', 'describe', 'mixin', 'object', 'only', 'package', 'program', 'test', 'var', '{', EOF, comment, not \"}\", whitespace\n\n    at c:\\Users\\Lucas\\.vscode\\extensions\\uqbar.wollok-lsp-ide-0.3.3\\node_modules\\wollok-ts\\dist\\index.js:54:19\n    at Array.map (<anonymous>)\n    at buildEnvironment (c:\\Users\\Lucas\\.vscode\\extensions\\uqbar.wollok-lsp-ide-0.3.3\\node_modules\\wollok-ts\\dist\\index.js:49:40)\n    at EnvironmentProvider.buildEnvironmentFrom (c:\\Users\\Lucas\\.vscode\\extensions\\uqbar.wollok-lsp-ide-0.3.3\\server\\out\\utils\\vm\\environment.js:29:66)\n    at EnvironmentProvider.updateEnvironmentWith (c:\\Users\\Lucas\\.vscode\\extensions\\uqbar.wollok-lsp-ide-0.3.3\\server\\out\\utils\\vm\\environment.js:19:37)\n    at rebuildTextDocument (c:\\Users\\Lucas\\.vscode\\extensions\\uqbar.wollok-lsp-ide-0.3.3\\server\\out\\server.js:102:29)\n    at CallbackList.invoke (c:\\Users\\Lucas\\.vscode\\extensions\\uqbar.wollok-lsp-ide-0.3.3\\server\\node_modules\\vscode-jsonrpc\\lib\\common\\events.js:55:39)\n    at Emitter.fire (c:\\Users\\Lucas\\.vscode\\extensions\\uqbar.wollok-lsp-ide-0.3.3\\server\\node_modules\\vscode-jsonrpc\\lib\\common\\events.js:117:36)\n    at c:\\Users\\Lucas\\.vscode\\extensions\\uqbar.wollok-lsp-ide-0.3.3\\server\\node_modules\\vscode-languageserver\\lib\\common\\textDocuments.js:138:42\n    at handleNotification (c:\\Users\\Lucas\\.vscode\\extensions\\uqbar.wollok-lsp-ide-0.3.3\\server\\node_modules\\vscode-jsonrpc\\lib\\common\\connection.js:640:25)","timestamp":"2024-08-25T03:01:05.165Z"}
{"level":"info","message":"⌛ Validating clase1.wlk","timeElapsed":206,"timestamp":"2024-08-25T03:01:05.371Z"}
{"level":"error","message":"✘ Failed to rebuild document Failed to parse clase1.wlk: \n-- PARSING FAILED --------------------------------------------------\n\n  64 |     \n  65 |   }\n> 66 | }\n     | ^\n\nExpected one of the following: \n\n'@', 'class', 'const', 'describe', 'mixin', 'object', 'only', 'package', 'program', 'test', 'var', '{', EOF, comment, not \"}\", whitespace\n","stack":"Error: Failed to parse clase1.wlk: \n-- PARSING FAILED --------------------------------------------------\n\n  64 |     \n  65 |   }\n> 66 | }\n     | ^\n\nExpected one of the following: \n\n'@', 'class', 'const', 'describe', 'mixin', 'object', 'only', 'package', 'program', 'test', 'var', '{', EOF, comment, not \"}\", whitespace\n\n    at c:\\Users\\Lucas\\.vscode\\extensions\\uqbar.wollok-lsp-ide-0.3.3\\node_modules\\wollok-ts\\dist\\index.js:54:19\n    at Array.map (<anonymous>)\n    at buildEnvironment (c:\\Users\\Lucas\\.vscode\\extensions\\uqbar.wollok-lsp-ide-0.3.3\\node_modules\\wollok-ts\\dist\\index.js:49:40)\n    at EnvironmentProvider.buildEnvironmentFrom (c:\\Users\\Lucas\\.vscode\\extensions\\uqbar.wollok-lsp-ide-0.3.3\\server\\out\\utils\\vm\\environment.js:29:66)\n    at EnvironmentProvider.updateEnvironmentWith (c:\\Users\\Lucas\\.vscode\\extensions\\uqbar.wollok-lsp-ide-0.3.3\\server\\out\\utils\\vm\\environment.js:19:37)\n    at rebuildTextDocument (c:\\Users\\Lucas\\.vscode\\extensions\\uqbar.wollok-lsp-ide-0.3.3\\server\\out\\server.js:102:29)\n    at CallbackList.invoke (c:\\Users\\Lucas\\.vscode\\extensions\\uqbar.wollok-lsp-ide-0.3.3\\server\\node_modules\\vscode-jsonrpc\\lib\\common\\events.js:55:39)\n    at Emitter.fire (c:\\Users\\Lucas\\.vscode\\extensions\\uqbar.wollok-lsp-ide-0.3.3\\server\\node_modules\\vscode-jsonrpc\\lib\\common\\events.js:117:36)\n    at c:\\Users\\Lucas\\.vscode\\extensions\\uqbar.wollok-lsp-ide-0.3.3\\server\\node_modules\\vscode-languageserver\\lib\\common\\textDocuments.js:138:42\n    at handleNotification (c:\\Users\\Lucas\\.vscode\\extensions\\uqbar.wollok-lsp-ide-0.3.3\\server\\node_modules\\vscode-jsonrpc\\lib\\common\\connection.js:640:25)","timestamp":"2024-08-25T03:01:09.761Z"}
{"level":"error","message":"✘ Failed to rebuild document Failed to parse clase1.wlk: \n-- PARSING FAILED --------------------------------------------------\n\n  64 |     \n  65 |   }\n> 66 | }\n     | ^\n\nExpected one of the following: \n\n'@', 'class', 'const', 'describe', 'mixin', 'object', 'only', 'package', 'program', 'test', 'var', '{', EOF, comment, not \"}\", whitespace\n","stack":"Error: Failed to parse clase1.wlk: \n-- PARSING FAILED --------------------------------------------------\n\n  64 |     \n  65 |   }\n> 66 | }\n     | ^\n\nExpected one of the following: \n\n'@', 'class', 'const', 'describe', 'mixin', 'object', 'only', 'package', 'program', 'test', 'var', '{', EOF, comment, not \"}\", whitespace\n\n    at c:\\Users\\Lucas\\.vscode\\extensions\\uqbar.wollok-lsp-ide-0.3.3\\node_modules\\wollok-ts\\dist\\index.js:54:19\n    at Array.map (<anonymous>)\n    at buildEnvironment (c:\\Users\\Lucas\\.vscode\\extensions\\uqbar.wollok-lsp-ide-0.3.3\\node_modules\\wollok-ts\\dist\\index.js:49:40)\n    at EnvironmentProvider.buildEnvironmentFrom (c:\\Users\\Lucas\\.vscode\\extensions\\uqbar.wollok-lsp-ide-0.3.3\\server\\out\\utils\\vm\\environment.js:29:66)\n    at EnvironmentProvider.updateEnvironmentWith (c:\\Users\\Lucas\\.vscode\\extensions\\uqbar.wollok-lsp-ide-0.3.3\\server\\out\\utils\\vm\\environment.js:19:37)\n    at rebuildTextDocument (c:\\Users\\Lucas\\.vscode\\extensions\\uqbar.wollok-lsp-ide-0.3.3\\server\\out\\server.js:102:29)\n    at CallbackList.invoke (c:\\Users\\Lucas\\.vscode\\extensions\\uqbar.wollok-lsp-ide-0.3.3\\server\\node_modules\\vscode-jsonrpc\\lib\\common\\events.js:55:39)\n    at Emitter.fire (c:\\Users\\Lucas\\.vscode\\extensions\\uqbar.wollok-lsp-ide-0.3.3\\server\\node_modules\\vscode-jsonrpc\\lib\\common\\events.js:117:36)\n    at c:\\Users\\Lucas\\.vscode\\extensions\\uqbar.wollok-lsp-ide-0.3.3\\server\\node_modules\\vscode-languageserver\\lib\\common\\textDocuments.js:138:42\n    at handleNotification (c:\\Users\\Lucas\\.vscode\\extensions\\uqbar.wollok-lsp-ide-0.3.3\\server\\node_modules\\vscode-jsonrpc\\lib\\common\\connection.js:640:25)","timestamp":"2024-08-25T03:01:10.418Z"}
{"level":"error","message":"✘ Failed to rebuild document Failed to parse clase1.wlk: \n-- PARSING FAILED --------------------------------------------------\n\n  64 |     \n  65 |   }\n> 66 | }\n     | ^\n\nExpected one of the following: \n\n'@', 'class', 'const', 'describe', 'mixin', 'object', 'only', 'package', 'program', 'test', 'var', '{', EOF, comment, not \"}\", whitespace\n","stack":"Error: Failed to parse clase1.wlk: \n-- PARSING FAILED --------------------------------------------------\n\n  64 |     \n  65 |   }\n> 66 | }\n     | ^\n\nExpected one of the following: \n\n'@', 'class', 'const', 'describe', 'mixin', 'object', 'only', 'package', 'program', 'test', 'var', '{', EOF, comment, not \"}\", whitespace\n\n    at c:\\Users\\Lucas\\.vscode\\extensions\\uqbar.wollok-lsp-ide-0.3.3\\node_modules\\wollok-ts\\dist\\index.js:54:19\n    at Array.map (<anonymous>)\n    at buildEnvironment (c:\\Users\\Lucas\\.vscode\\extensions\\uqbar.wollok-lsp-ide-0.3.3\\node_modules\\wollok-ts\\dist\\index.js:49:40)\n    at EnvironmentProvider.buildEnvironmentFrom (c:\\Users\\Lucas\\.vscode\\extensions\\uqbar.wollok-lsp-ide-0.3.3\\server\\out\\utils\\vm\\environment.js:29:66)\n    at EnvironmentProvider.updateEnvironmentWith (c:\\Users\\Lucas\\.vscode\\extensions\\uqbar.wollok-lsp-ide-0.3.3\\server\\out\\utils\\vm\\environment.js:19:37)\n    at rebuildTextDocument (c:\\Users\\Lucas\\.vscode\\extensions\\uqbar.wollok-lsp-ide-0.3.3\\server\\out\\server.js:102:29)\n    at CallbackList.invoke (c:\\Users\\Lucas\\.vscode\\extensions\\uqbar.wollok-lsp-ide-0.3.3\\server\\node_modules\\vscode-jsonrpc\\lib\\common\\events.js:55:39)\n    at Emitter.fire (c:\\Users\\Lucas\\.vscode\\extensions\\uqbar.wollok-lsp-ide-0.3.3\\server\\node_modules\\vscode-jsonrpc\\lib\\common\\events.js:117:36)\n    at c:\\Users\\Lucas\\.vscode\\extensions\\uqbar.wollok-lsp-ide-0.3.3\\server\\node_modules\\vscode-languageserver\\lib\\common\\textDocuments.js:138:42\n    at handleNotification (c:\\Users\\Lucas\\.vscode\\extensions\\uqbar.wollok-lsp-ide-0.3.3\\server\\node_modules\\vscode-jsonrpc\\lib\\common\\connection.js:640:25)","timestamp":"2024-08-25T03:01:10.584Z"}
{"level":"error","message":"✘ Failed to rebuild document Failed to parse clase1.wlk: \n-- PARSING FAILED --------------------------------------------------\n\n  64 |     \n  65 |   }\n> 66 | }\n     | ^\n\nExpected one of the following: \n\n'@', 'class', 'const', 'describe', 'mixin', 'object', 'only', 'package', 'program', 'test', 'var', '{', EOF, comment, not \"}\", whitespace\n","stack":"Error: Failed to parse clase1.wlk: \n-- PARSING FAILED --------------------------------------------------\n\n  64 |     \n  65 |   }\n> 66 | }\n     | ^\n\nExpected one of the following: \n\n'@', 'class', 'const', 'describe', 'mixin', 'object', 'only', 'package', 'program', 'test', 'var', '{', EOF, comment, not \"}\", whitespace\n\n    at c:\\Users\\Lucas\\.vscode\\extensions\\uqbar.wollok-lsp-ide-0.3.3\\node_modules\\wollok-ts\\dist\\index.js:54:19\n    at Array.map (<anonymous>)\n    at buildEnvironment (c:\\Users\\Lucas\\.vscode\\extensions\\uqbar.wollok-lsp-ide-0.3.3\\node_modules\\wollok-ts\\dist\\index.js:49:40)\n    at EnvironmentProvider.buildEnvironmentFrom (c:\\Users\\Lucas\\.vscode\\extensions\\uqbar.wollok-lsp-ide-0.3.3\\server\\out\\utils\\vm\\environment.js:29:66)\n    at EnvironmentProvider.updateEnvironmentWith (c:\\Users\\Lucas\\.vscode\\extensions\\uqbar.wollok-lsp-ide-0.3.3\\server\\out\\utils\\vm\\environment.js:19:37)\n    at rebuildTextDocument (c:\\Users\\Lucas\\.vscode\\extensions\\uqbar.wollok-lsp-ide-0.3.3\\server\\out\\server.js:102:29)\n    at CallbackList.invoke (c:\\Users\\Lucas\\.vscode\\extensions\\uqbar.wollok-lsp-ide-0.3.3\\server\\node_modules\\vscode-jsonrpc\\lib\\common\\events.js:55:39)\n    at Emitter.fire (c:\\Users\\Lucas\\.vscode\\extensions\\uqbar.wollok-lsp-ide-0.3.3\\server\\node_modules\\vscode-jsonrpc\\lib\\common\\events.js:117:36)\n    at c:\\Users\\Lucas\\.vscode\\extensions\\uqbar.wollok-lsp-ide-0.3.3\\server\\node_modules\\vscode-languageserver\\lib\\common\\textDocuments.js:138:42\n    at handleNotification (c:\\Users\\Lucas\\.vscode\\extensions\\uqbar.wollok-lsp-ide-0.3.3\\server\\node_modules\\vscode-jsonrpc\\lib\\common\\connection.js:640:25)","timestamp":"2024-08-25T03:01:11.298Z"}
{"level":"info","message":"onRequest - completionItem/resolve","timestamp":"2024-08-25T03:01:11.378Z"}
{"level":"error","message":"✘ Failed to rebuild document Failed to parse clase1.wlk: \n-- PARSING FAILED --------------------------------------------------\n\n  64 |     \n  65 |   }\n> 66 | }\n     | ^\n\nExpected one of the following: \n\n'@', 'class', 'const', 'describe', 'mixin', 'object', 'only', 'package', 'program', 'test', 'var', '{', EOF, comment, not \"}\", whitespace\n","stack":"Error: Failed to parse clase1.wlk: \n-- PARSING FAILED --------------------------------------------------\n\n  64 |     \n  65 |   }\n> 66 | }\n     | ^\n\nExpected one of the following: \n\n'@', 'class', 'const', 'describe', 'mixin', 'object', 'only', 'package', 'program', 'test', 'var', '{', EOF, comment, not \"}\", whitespace\n\n    at c:\\Users\\Lucas\\.vscode\\extensions\\uqbar.wollok-lsp-ide-0.3.3\\node_modules\\wollok-ts\\dist\\index.js:54:19\n    at Array.map (<anonymous>)\n    at buildEnvironment (c:\\Users\\Lucas\\.vscode\\extensions\\uqbar.wollok-lsp-ide-0.3.3\\node_modules\\wollok-ts\\dist\\index.js:49:40)\n    at EnvironmentProvider.buildEnvironmentFrom (c:\\Users\\Lucas\\.vscode\\extensions\\uqbar.wollok-lsp-ide-0.3.3\\server\\out\\utils\\vm\\environment.js:29:66)\n    at EnvironmentProvider.updateEnvironmentWith (c:\\Users\\Lucas\\.vscode\\extensions\\uqbar.wollok-lsp-ide-0.3.3\\server\\out\\utils\\vm\\environment.js:19:37)\n    at rebuildTextDocument (c:\\Users\\Lucas\\.vscode\\extensions\\uqbar.wollok-lsp-ide-0.3.3\\server\\out\\server.js:102:29)\n    at CallbackList.invoke (c:\\Users\\Lucas\\.vscode\\extensions\\uqbar.wollok-lsp-ide-0.3.3\\server\\node_modules\\vscode-jsonrpc\\lib\\common\\events.js:55:39)\n    at Emitter.fire (c:\\Users\\Lucas\\.vscode\\extensions\\uqbar.wollok-lsp-ide-0.3.3\\server\\node_modules\\vscode-jsonrpc\\lib\\common\\events.js:117:36)\n    at c:\\Users\\Lucas\\.vscode\\extensions\\uqbar.wollok-lsp-ide-0.3.3\\server\\node_modules\\vscode-languageserver\\lib\\common\\textDocuments.js:138:42\n    at handleNotification (c:\\Users\\Lucas\\.vscode\\extensions\\uqbar.wollok-lsp-ide-0.3.3\\server\\node_modules\\vscode-jsonrpc\\lib\\common\\connection.js:640:25)","timestamp":"2024-08-25T03:01:11.566Z"}
{"level":"info","message":"onRequest - completionItem/resolve","timestamp":"2024-08-25T03:01:11.567Z"}
{"level":"error","message":"✘ Failed to rebuild document Failed to parse clase1.wlk: \n-- PARSING FAILED --------------------------------------------------\n\n  64 |     \n  65 |   }\n> 66 | }\n     | ^\n\nExpected one of the following: \n\n'@', 'class', 'const', 'describe', 'mixin', 'object', 'only', 'package', 'program', 'test', 'var', '{', EOF, comment, not \"}\", whitespace\n","stack":"Error: Failed to parse clase1.wlk: \n-- PARSING FAILED --------------------------------------------------\n\n  64 |     \n  65 |   }\n> 66 | }\n     | ^\n\nExpected one of the following: \n\n'@', 'class', 'const', 'describe', 'mixin', 'object', 'only', 'package', 'program', 'test', 'var', '{', EOF, comment, not \"}\", whitespace\n\n    at c:\\Users\\Lucas\\.vscode\\extensions\\uqbar.wollok-lsp-ide-0.3.3\\node_modules\\wollok-ts\\dist\\index.js:54:19\n    at Array.map (<anonymous>)\n    at buildEnvironment (c:\\Users\\Lucas\\.vscode\\extensions\\uqbar.wollok-lsp-ide-0.3.3\\node_modules\\wollok-ts\\dist\\index.js:49:40)\n    at EnvironmentProvider.buildEnvironmentFrom (c:\\Users\\Lucas\\.vscode\\extensions\\uqbar.wollok-lsp-ide-0.3.3\\server\\out\\utils\\vm\\environment.js:29:66)\n    at EnvironmentProvider.updateEnvironmentWith (c:\\Users\\Lucas\\.vscode\\extensions\\uqbar.wollok-lsp-ide-0.3.3\\server\\out\\utils\\vm\\environment.js:19:37)\n    at rebuildTextDocument (c:\\Users\\Lucas\\.vscode\\extensions\\uqbar.wollok-lsp-ide-0.3.3\\server\\out\\server.js:102:29)\n    at CallbackList.invoke (c:\\Users\\Lucas\\.vscode\\extensions\\uqbar.wollok-lsp-ide-0.3.3\\server\\node_modules\\vscode-jsonrpc\\lib\\common\\events.js:55:39)\n    at Emitter.fire (c:\\Users\\Lucas\\.vscode\\extensions\\uqbar.wollok-lsp-ide-0.3.3\\server\\node_modules\\vscode-jsonrpc\\lib\\common\\events.js:117:36)\n    at c:\\Users\\Lucas\\.vscode\\extensions\\uqbar.wollok-lsp-ide-0.3.3\\server\\node_modules\\vscode-languageserver\\lib\\common\\textDocuments.js:138:42\n    at handleNotification (c:\\Users\\Lucas\\.vscode\\extensions\\uqbar.wollok-lsp-ide-0.3.3\\server\\node_modules\\vscode-jsonrpc\\lib\\common\\connection.js:640:25)","timestamp":"2024-08-25T03:01:11.783Z"}
{"level":"error","message":"✘ Failed to rebuild document Failed to parse clase1.wlk: \n-- PARSING FAILED --------------------------------------------------\n\n  64 |     \n  65 |   }\n> 66 | }\n     | ^\n\nExpected one of the following: \n\n'@', 'class', 'const', 'describe', 'mixin', 'object', 'only', 'package', 'program', 'test', 'var', '{', EOF, comment, not \"}\", whitespace\n","stack":"Error: Failed to parse clase1.wlk: \n-- PARSING FAILED --------------------------------------------------\n\n  64 |     \n  65 |   }\n> 66 | }\n     | ^\n\nExpected one of the following: \n\n'@', 'class', 'const', 'describe', 'mixin', 'object', 'only', 'package', 'program', 'test', 'var', '{', EOF, comment, not \"}\", whitespace\n\n    at c:\\Users\\Lucas\\.vscode\\extensions\\uqbar.wollok-lsp-ide-0.3.3\\node_modules\\wollok-ts\\dist\\index.js:54:19\n    at Array.map (<anonymous>)\n    at buildEnvironment (c:\\Users\\Lucas\\.vscode\\extensions\\uqbar.wollok-lsp-ide-0.3.3\\node_modules\\wollok-ts\\dist\\index.js:49:40)\n    at EnvironmentProvider.buildEnvironmentFrom (c:\\Users\\Lucas\\.vscode\\extensions\\uqbar.wollok-lsp-ide-0.3.3\\server\\out\\utils\\vm\\environment.js:29:66)\n    at EnvironmentProvider.updateEnvironmentWith (c:\\Users\\Lucas\\.vscode\\extensions\\uqbar.wollok-lsp-ide-0.3.3\\server\\out\\utils\\vm\\environment.js:19:37)\n    at rebuildTextDocument (c:\\Users\\Lucas\\.vscode\\extensions\\uqbar.wollok-lsp-ide-0.3.3\\server\\out\\server.js:102:29)\n    at CallbackList.invoke (c:\\Users\\Lucas\\.vscode\\extensions\\uqbar.wollok-lsp-ide-0.3.3\\server\\node_modules\\vscode-jsonrpc\\lib\\common\\events.js:55:39)\n    at Emitter.fire (c:\\Users\\Lucas\\.vscode\\extensions\\uqbar.wollok-lsp-ide-0.3.3\\server\\node_modules\\vscode-jsonrpc\\lib\\common\\events.js:117:36)\n    at c:\\Users\\Lucas\\.vscode\\extensions\\uqbar.wollok-lsp-ide-0.3.3\\server\\node_modules\\vscode-languageserver\\lib\\common\\textDocuments.js:138:42\n    at handleNotification (c:\\Users\\Lucas\\.vscode\\extensions\\uqbar.wollok-lsp-ide-0.3.3\\server\\node_modules\\vscode-jsonrpc\\lib\\common\\connection.js:640:25)","timestamp":"2024-08-25T03:01:11.896Z"}
{"level":"error","message":"✘ Failed to rebuild document Failed to parse clase1.wlk: \n-- PARSING FAILED --------------------------------------------------\n\n  64 |     \n  65 |   }\n> 66 | }\n     | ^\n\nExpected one of the following: \n\n'@', 'class', 'const', 'describe', 'mixin', 'object', 'only', 'package', 'program', 'test', 'var', '{', EOF, comment, not \"}\", whitespace\n","stack":"Error: Failed to parse clase1.wlk: \n-- PARSING FAILED --------------------------------------------------\n\n  64 |     \n  65 |   }\n> 66 | }\n     | ^\n\nExpected one of the following: \n\n'@', 'class', 'const', 'describe', 'mixin', 'object', 'only', 'package', 'program', 'test', 'var', '{', EOF, comment, not \"}\", whitespace\n\n    at c:\\Users\\Lucas\\.vscode\\extensions\\uqbar.wollok-lsp-ide-0.3.3\\node_modules\\wollok-ts\\dist\\index.js:54:19\n    at Array.map (<anonymous>)\n    at buildEnvironment (c:\\Users\\Lucas\\.vscode\\extensions\\uqbar.wollok-lsp-ide-0.3.3\\node_modules\\wollok-ts\\dist\\index.js:49:40)\n    at EnvironmentProvider.buildEnvironmentFrom (c:\\Users\\Lucas\\.vscode\\extensions\\uqbar.wollok-lsp-ide-0.3.3\\server\\out\\utils\\vm\\environment.js:29:66)\n    at EnvironmentProvider.updateEnvironmentWith (c:\\Users\\Lucas\\.vscode\\extensions\\uqbar.wollok-lsp-ide-0.3.3\\server\\out\\utils\\vm\\environment.js:19:37)\n    at rebuildTextDocument (c:\\Users\\Lucas\\.vscode\\extensions\\uqbar.wollok-lsp-ide-0.3.3\\server\\out\\server.js:102:29)\n    at CallbackList.invoke (c:\\Users\\Lucas\\.vscode\\extensions\\uqbar.wollok-lsp-ide-0.3.3\\server\\node_modules\\vscode-jsonrpc\\lib\\common\\events.js:55:39)\n    at Emitter.fire (c:\\Users\\Lucas\\.vscode\\extensions\\uqbar.wollok-lsp-ide-0.3.3\\server\\node_modules\\vscode-jsonrpc\\lib\\common\\events.js:117:36)\n    at c:\\Users\\Lucas\\.vscode\\extensions\\uqbar.wollok-lsp-ide-0.3.3\\server\\node_modules\\vscode-languageserver\\lib\\common\\textDocuments.js:138:42\n    at handleNotification (c:\\Users\\Lucas\\.vscode\\extensions\\uqbar.wollok-lsp-ide-0.3.3\\server\\node_modules\\vscode-jsonrpc\\lib\\common\\connection.js:640:25)","timestamp":"2024-08-25T03:01:12.024Z"}
{"level":"error","message":"✘ Failed to rebuild document Failed to parse clase1.wlk: \n-- PARSING FAILED --------------------------------------------------\n\n  64 |     \n  65 |   }\n> 66 | }\n     | ^\n\nExpected one of the following: \n\n'@', 'class', 'const', 'describe', 'mixin', 'object', 'only', 'package', 'program', 'test', 'var', '{', EOF, comment, not \"}\", whitespace\n","stack":"Error: Failed to parse clase1.wlk: \n-- PARSING FAILED --------------------------------------------------\n\n  64 |     \n  65 |   }\n> 66 | }\n     | ^\n\nExpected one of the following: \n\n'@', 'class', 'const', 'describe', 'mixin', 'object', 'only', 'package', 'program', 'test', 'var', '{', EOF, comment, not \"}\", whitespace\n\n    at c:\\Users\\Lucas\\.vscode\\extensions\\uqbar.wollok-lsp-ide-0.3.3\\node_modules\\wollok-ts\\dist\\index.js:54:19\n    at Array.map (<anonymous>)\n    at buildEnvironment (c:\\Users\\Lucas\\.vscode\\extensions\\uqbar.wollok-lsp-ide-0.3.3\\node_modules\\wollok-ts\\dist\\index.js:49:40)\n    at EnvironmentProvider.buildEnvironmentFrom (c:\\Users\\Lucas\\.vscode\\extensions\\uqbar.wollok-lsp-ide-0.3.3\\server\\out\\utils\\vm\\environment.js:29:66)\n    at EnvironmentProvider.updateEnvironmentWith (c:\\Users\\Lucas\\.vscode\\extensions\\uqbar.wollok-lsp-ide-0.3.3\\server\\out\\utils\\vm\\environment.js:19:37)\n    at rebuildTextDocument (c:\\Users\\Lucas\\.vscode\\extensions\\uqbar.wollok-lsp-ide-0.3.3\\server\\out\\server.js:102:29)\n    at CallbackList.invoke (c:\\Users\\Lucas\\.vscode\\extensions\\uqbar.wollok-lsp-ide-0.3.3\\server\\node_modules\\vscode-jsonrpc\\lib\\common\\events.js:55:39)\n    at Emitter.fire (c:\\Users\\Lucas\\.vscode\\extensions\\uqbar.wollok-lsp-ide-0.3.3\\server\\node_modules\\vscode-jsonrpc\\lib\\common\\events.js:117:36)\n    at c:\\Users\\Lucas\\.vscode\\extensions\\uqbar.wollok-lsp-ide-0.3.3\\server\\node_modules\\vscode-languageserver\\lib\\common\\textDocuments.js:138:42\n    at handleNotification (c:\\Users\\Lucas\\.vscode\\extensions\\uqbar.wollok-lsp-ide-0.3.3\\server\\node_modules\\vscode-jsonrpc\\lib\\common\\connection.js:640:25)","timestamp":"2024-08-25T03:01:12.214Z"}
{"level":"error","message":"✘ Failed to rebuild document Failed to parse clase1.wlk: \n-- PARSING FAILED --------------------------------------------------\n\n  64 |     \n  65 |   }\n> 66 | }\n     | ^\n\nExpected one of the following: \n\n'@', 'class', 'const', 'describe', 'mixin', 'object', 'only', 'package', 'program', 'test', 'var', '{', EOF, comment, not \"}\", whitespace\n","stack":"Error: Failed to parse clase1.wlk: \n-- PARSING FAILED --------------------------------------------------\n\n  64 |     \n  65 |   }\n> 66 | }\n     | ^\n\nExpected one of the following: \n\n'@', 'class', 'const', 'describe', 'mixin', 'object', 'only', 'package', 'program', 'test', 'var', '{', EOF, comment, not \"}\", whitespace\n\n    at c:\\Users\\Lucas\\.vscode\\extensions\\uqbar.wollok-lsp-ide-0.3.3\\node_modules\\wollok-ts\\dist\\index.js:54:19\n    at Array.map (<anonymous>)\n    at buildEnvironment (c:\\Users\\Lucas\\.vscode\\extensions\\uqbar.wollok-lsp-ide-0.3.3\\node_modules\\wollok-ts\\dist\\index.js:49:40)\n    at EnvironmentProvider.buildEnvironmentFrom (c:\\Users\\Lucas\\.vscode\\extensions\\uqbar.wollok-lsp-ide-0.3.3\\server\\out\\utils\\vm\\environment.js:29:66)\n    at EnvironmentProvider.updateEnvironmentWith (c:\\Users\\Lucas\\.vscode\\extensions\\uqbar.wollok-lsp-ide-0.3.3\\server\\out\\utils\\vm\\environment.js:19:37)\n    at rebuildTextDocument (c:\\Users\\Lucas\\.vscode\\extensions\\uqbar.wollok-lsp-ide-0.3.3\\server\\out\\server.js:102:29)\n    at CallbackList.invoke (c:\\Users\\Lucas\\.vscode\\extensions\\uqbar.wollok-lsp-ide-0.3.3\\server\\node_modules\\vscode-jsonrpc\\lib\\common\\events.js:55:39)\n    at Emitter.fire (c:\\Users\\Lucas\\.vscode\\extensions\\uqbar.wollok-lsp-ide-0.3.3\\server\\node_modules\\vscode-jsonrpc\\lib\\common\\events.js:117:36)\n    at c:\\Users\\Lucas\\.vscode\\extensions\\uqbar.wollok-lsp-ide-0.3.3\\server\\node_modules\\vscode-languageserver\\lib\\common\\textDocuments.js:138:42\n    at handleNotification (c:\\Users\\Lucas\\.vscode\\extensions\\uqbar.wollok-lsp-ide-0.3.3\\server\\node_modules\\vscode-jsonrpc\\lib\\common\\connection.js:640:25)","timestamp":"2024-08-25T03:01:12.603Z"}
{"level":"error","message":"✘ Failed to rebuild document Failed to parse clase1.wlk: \n-- PARSING FAILED --------------------------------------------------\n\n  64 |     \n  65 |   }\n> 66 | }\n     | ^\n\nExpected one of the following: \n\n'@', 'class', 'const', 'describe', 'mixin', 'object', 'only', 'package', 'program', 'test', 'var', '{', EOF, comment, not \"}\", whitespace\n","stack":"Error: Failed to parse clase1.wlk: \n-- PARSING FAILED --------------------------------------------------\n\n  64 |     \n  65 |   }\n> 66 | }\n     | ^\n\nExpected one of the following: \n\n'@', 'class', 'const', 'describe', 'mixin', 'object', 'only', 'package', 'program', 'test', 'var', '{', EOF, comment, not \"}\", whitespace\n\n    at c:\\Users\\Lucas\\.vscode\\extensions\\uqbar.wollok-lsp-ide-0.3.3\\node_modules\\wollok-ts\\dist\\index.js:54:19\n    at Array.map (<anonymous>)\n    at buildEnvironment (c:\\Users\\Lucas\\.vscode\\extensions\\uqbar.wollok-lsp-ide-0.3.3\\node_modules\\wollok-ts\\dist\\index.js:49:40)\n    at EnvironmentProvider.buildEnvironmentFrom (c:\\Users\\Lucas\\.vscode\\extensions\\uqbar.wollok-lsp-ide-0.3.3\\server\\out\\utils\\vm\\environment.js:29:66)\n    at EnvironmentProvider.updateEnvironmentWith (c:\\Users\\Lucas\\.vscode\\extensions\\uqbar.wollok-lsp-ide-0.3.3\\server\\out\\utils\\vm\\environment.js:19:37)\n    at rebuildTextDocument (c:\\Users\\Lucas\\.vscode\\extensions\\uqbar.wollok-lsp-ide-0.3.3\\server\\out\\server.js:102:29)\n    at CallbackList.invoke (c:\\Users\\Lucas\\.vscode\\extensions\\uqbar.wollok-lsp-ide-0.3.3\\server\\node_modules\\vscode-jsonrpc\\lib\\common\\events.js:55:39)\n    at Emitter.fire (c:\\Users\\Lucas\\.vscode\\extensions\\uqbar.wollok-lsp-ide-0.3.3\\server\\node_modules\\vscode-jsonrpc\\lib\\common\\events.js:117:36)\n    at c:\\Users\\Lucas\\.vscode\\extensions\\uqbar.wollok-lsp-ide-0.3.3\\server\\node_modules\\vscode-languageserver\\lib\\common\\textDocuments.js:138:42\n    at handleNotification (c:\\Users\\Lucas\\.vscode\\extensions\\uqbar.wollok-lsp-ide-0.3.3\\server\\node_modules\\vscode-jsonrpc\\lib\\common\\connection.js:640:25)","timestamp":"2024-08-25T03:01:16.346Z"}
{"level":"error","message":"✘ Failed to rebuild document Failed to parse clase1.wlk: \n-- PARSING FAILED --------------------------------------------------\n\n  64 |     \n  65 |   }\n> 66 | }\n     | ^\n\nExpected one of the following: \n\n'@', 'class', 'const', 'describe', 'mixin', 'object', 'only', 'package', 'program', 'test', 'var', '{', EOF, comment, not \"}\", whitespace\n","stack":"Error: Failed to parse clase1.wlk: \n-- PARSING FAILED --------------------------------------------------\n\n  64 |     \n  65 |   }\n> 66 | }\n     | ^\n\nExpected one of the following: \n\n'@', 'class', 'const', 'describe', 'mixin', 'object', 'only', 'package', 'program', 'test', 'var', '{', EOF, comment, not \"}\", whitespace\n\n    at c:\\Users\\Lucas\\.vscode\\extensions\\uqbar.wollok-lsp-ide-0.3.3\\node_modules\\wollok-ts\\dist\\index.js:54:19\n    at Array.map (<anonymous>)\n    at buildEnvironment (c:\\Users\\Lucas\\.vscode\\extensions\\uqbar.wollok-lsp-ide-0.3.3\\node_modules\\wollok-ts\\dist\\index.js:49:40)\n    at EnvironmentProvider.buildEnvironmentFrom (c:\\Users\\Lucas\\.vscode\\extensions\\uqbar.wollok-lsp-ide-0.3.3\\server\\out\\utils\\vm\\environment.js:29:66)\n    at EnvironmentProvider.updateEnvironmentWith (c:\\Users\\Lucas\\.vscode\\extensions\\uqbar.wollok-lsp-ide-0.3.3\\server\\out\\utils\\vm\\environment.js:19:37)\n    at rebuildTextDocument (c:\\Users\\Lucas\\.vscode\\extensions\\uqbar.wollok-lsp-ide-0.3.3\\server\\out\\server.js:102:29)\n    at CallbackList.invoke (c:\\Users\\Lucas\\.vscode\\extensions\\uqbar.wollok-lsp-ide-0.3.3\\server\\node_modules\\vscode-jsonrpc\\lib\\common\\events.js:55:39)\n    at Emitter.fire (c:\\Users\\Lucas\\.vscode\\extensions\\uqbar.wollok-lsp-ide-0.3.3\\server\\node_modules\\vscode-jsonrpc\\lib\\common\\events.js:117:36)\n    at c:\\Users\\Lucas\\.vscode\\extensions\\uqbar.wollok-lsp-ide-0.3.3\\server\\node_modules\\vscode-languageserver\\lib\\common\\textDocuments.js:138:42\n    at handleNotification (c:\\Users\\Lucas\\.vscode\\extensions\\uqbar.wollok-lsp-ide-0.3.3\\server\\node_modules\\vscode-jsonrpc\\lib\\common\\connection.js:640:25)","timestamp":"2024-08-25T03:01:17.090Z"}
{"level":"error","message":"✘ Failed to rebuild document Failed to parse clase1.wlk: \n-- PARSING FAILED --------------------------------------------------\n\n  64 |     \n  65 |   }\n> 66 | }\n     | ^\n\nExpected one of the following: \n\n'@', 'class', 'const', 'describe', 'mixin', 'object', 'only', 'package', 'program', 'test', 'var', '{', EOF, comment, not \"}\", whitespace\n","stack":"Error: Failed to parse clase1.wlk: \n-- PARSING FAILED --------------------------------------------------\n\n  64 |     \n  65 |   }\n> 66 | }\n     | ^\n\nExpected one of the following: \n\n'@', 'class', 'const', 'describe', 'mixin', 'object', 'only', 'package', 'program', 'test', 'var', '{', EOF, comment, not \"}\", whitespace\n\n    at c:\\Users\\Lucas\\.vscode\\extensions\\uqbar.wollok-lsp-ide-0.3.3\\node_modules\\wollok-ts\\dist\\index.js:54:19\n    at Array.map (<anonymous>)\n    at buildEnvironment (c:\\Users\\Lucas\\.vscode\\extensions\\uqbar.wollok-lsp-ide-0.3.3\\node_modules\\wollok-ts\\dist\\index.js:49:40)\n    at EnvironmentProvider.buildEnvironmentFrom (c:\\Users\\Lucas\\.vscode\\extensions\\uqbar.wollok-lsp-ide-0.3.3\\server\\out\\utils\\vm\\environment.js:29:66)\n    at EnvironmentProvider.updateEnvironmentWith (c:\\Users\\Lucas\\.vscode\\extensions\\uqbar.wollok-lsp-ide-0.3.3\\server\\out\\utils\\vm\\environment.js:19:37)\n    at rebuildTextDocument (c:\\Users\\Lucas\\.vscode\\extensions\\uqbar.wollok-lsp-ide-0.3.3\\server\\out\\server.js:102:29)\n    at CallbackList.invoke (c:\\Users\\Lucas\\.vscode\\extensions\\uqbar.wollok-lsp-ide-0.3.3\\server\\node_modules\\vscode-jsonrpc\\lib\\common\\events.js:55:39)\n    at Emitter.fire (c:\\Users\\Lucas\\.vscode\\extensions\\uqbar.wollok-lsp-ide-0.3.3\\server\\node_modules\\vscode-jsonrpc\\lib\\common\\events.js:117:36)\n    at c:\\Users\\Lucas\\.vscode\\extensions\\uqbar.wollok-lsp-ide-0.3.3\\server\\node_modules\\vscode-languageserver\\lib\\common\\textDocuments.js:138:42\n    at handleNotification (c:\\Users\\Lucas\\.vscode\\extensions\\uqbar.wollok-lsp-ide-0.3.3\\server\\node_modules\\vscode-jsonrpc\\lib\\common\\connection.js:640:25)","timestamp":"2024-08-25T03:01:17.500Z"}
{"level":"error","message":"✘ Failed to rebuild document Failed to parse clase1.wlk: \n-- PARSING FAILED --------------------------------------------------\n\n  63 |   method energia() = 255 + comido ** 2 - volado / 5\n  64 |       }\n> 65 | }\n     | ^\n\nExpected one of the following: \n\n'@', 'class', 'const', 'describe', 'mixin', 'object', 'only', 'package', 'program', 'test', 'var', '{', EOF, comment, not \"}\", whitespace\n","stack":"Error: Failed to parse clase1.wlk: \n-- PARSING FAILED --------------------------------------------------\n\n  63 |   method energia() = 255 + comido ** 2 - volado / 5\n  64 |       }\n> 65 | }\n     | ^\n\nExpected one of the following: \n\n'@', 'class', 'const', 'describe', 'mixin', 'object', 'only', 'package', 'program', 'test', 'var', '{', EOF, comment, not \"}\", whitespace\n\n    at c:\\Users\\Lucas\\.vscode\\extensions\\uqbar.wollok-lsp-ide-0.3.3\\node_modules\\wollok-ts\\dist\\index.js:54:19\n    at Array.map (<anonymous>)\n    at buildEnvironment (c:\\Users\\Lucas\\.vscode\\extensions\\uqbar.wollok-lsp-ide-0.3.3\\node_modules\\wollok-ts\\dist\\index.js:49:40)\n    at EnvironmentProvider.buildEnvironmentFrom (c:\\Users\\Lucas\\.vscode\\extensions\\uqbar.wollok-lsp-ide-0.3.3\\server\\out\\utils\\vm\\environment.js:29:66)\n    at EnvironmentProvider.updateEnvironmentWith (c:\\Users\\Lucas\\.vscode\\extensions\\uqbar.wollok-lsp-ide-0.3.3\\server\\out\\utils\\vm\\environment.js:19:37)\n    at rebuildTextDocument (c:\\Users\\Lucas\\.vscode\\extensions\\uqbar.wollok-lsp-ide-0.3.3\\server\\out\\server.js:102:29)\n    at CallbackList.invoke (c:\\Users\\Lucas\\.vscode\\extensions\\uqbar.wollok-lsp-ide-0.3.3\\server\\node_modules\\vscode-jsonrpc\\lib\\common\\events.js:55:39)\n    at Emitter.fire (c:\\Users\\Lucas\\.vscode\\extensions\\uqbar.wollok-lsp-ide-0.3.3\\server\\node_modules\\vscode-jsonrpc\\lib\\common\\events.js:117:36)\n    at c:\\Users\\Lucas\\.vscode\\extensions\\uqbar.wollok-lsp-ide-0.3.3\\server\\node_modules\\vscode-languageserver\\lib\\common\\textDocuments.js:138:42\n    at handleNotification (c:\\Users\\Lucas\\.vscode\\extensions\\uqbar.wollok-lsp-ide-0.3.3\\server\\node_modules\\vscode-jsonrpc\\lib\\common\\connection.js:640:25)","timestamp":"2024-08-25T03:01:22.192Z"}
{"level":"error","message":"✘ Failed to rebuild document Failed to parse clase1.wlk: \n-- PARSING FAILED --------------------------------------------------\n\n  63 |   method energia() = 255 + comido ** 2 - volado / 5\n  64 |      }\n> 65 | }\n     | ^\n\nExpected one of the following: \n\n'@', 'class', 'const', 'describe', 'mixin', 'object', 'only', 'package', 'program', 'test', 'var', '{', EOF, comment, not \"}\", whitespace\n","stack":"Error: Failed to parse clase1.wlk: \n-- PARSING FAILED --------------------------------------------------\n\n  63 |   method energia() = 255 + comido ** 2 - volado / 5\n  64 |      }\n> 65 | }\n     | ^\n\nExpected one of the following: \n\n'@', 'class', 'const', 'describe', 'mixin', 'object', 'only', 'package', 'program', 'test', 'var', '{', EOF, comment, not \"}\", whitespace\n\n    at c:\\Users\\Lucas\\.vscode\\extensions\\uqbar.wollok-lsp-ide-0.3.3\\node_modules\\wollok-ts\\dist\\index.js:54:19\n    at Array.map (<anonymous>)\n    at buildEnvironment (c:\\Users\\Lucas\\.vscode\\extensions\\uqbar.wollok-lsp-ide-0.3.3\\node_modules\\wollok-ts\\dist\\index.js:49:40)\n    at EnvironmentProvider.buildEnvironmentFrom (c:\\Users\\Lucas\\.vscode\\extensions\\uqbar.wollok-lsp-ide-0.3.3\\server\\out\\utils\\vm\\environment.js:29:66)\n    at EnvironmentProvider.updateEnvironmentWith (c:\\Users\\Lucas\\.vscode\\extensions\\uqbar.wollok-lsp-ide-0.3.3\\server\\out\\utils\\vm\\environment.js:19:37)\n    at rebuildTextDocument (c:\\Users\\Lucas\\.vscode\\extensions\\uqbar.wollok-lsp-ide-0.3.3\\server\\out\\server.js:102:29)\n    at CallbackList.invoke (c:\\Users\\Lucas\\.vscode\\extensions\\uqbar.wollok-lsp-ide-0.3.3\\server\\node_modules\\vscode-jsonrpc\\lib\\common\\events.js:55:39)\n    at Emitter.fire (c:\\Users\\Lucas\\.vscode\\extensions\\uqbar.wollok-lsp-ide-0.3.3\\server\\node_modules\\vscode-jsonrpc\\lib\\common\\events.js:117:36)\n    at c:\\Users\\Lucas\\.vscode\\extensions\\uqbar.wollok-lsp-ide-0.3.3\\server\\node_modules\\vscode-languageserver\\lib\\common\\textDocuments.js:138:42\n    at handleNotification (c:\\Users\\Lucas\\.vscode\\extensions\\uqbar.wollok-lsp-ide-0.3.3\\server\\node_modules\\vscode-jsonrpc\\lib\\common\\connection.js:640:25)","timestamp":"2024-08-25T03:01:22.403Z"}
{"level":"error","message":"✘ Failed to rebuild document Failed to parse clase1.wlk: \n-- PARSING FAILED --------------------------------------------------\n\n  63 |   method energia() = 255 + comido ** 2 - volado / 5\n  64 |     }\n> 65 | }\n     | ^\n\nExpected one of the following: \n\n'@', 'class', 'const', 'describe', 'mixin', 'object', 'only', 'package', 'program', 'test', 'var', '{', EOF, comment, not \"}\", whitespace\n","stack":"Error: Failed to parse clase1.wlk: \n-- PARSING FAILED --------------------------------------------------\n\n  63 |   method energia() = 255 + comido ** 2 - volado / 5\n  64 |     }\n> 65 | }\n     | ^\n\nExpected one of the following: \n\n'@', 'class', 'const', 'describe', 'mixin', 'object', 'only', 'package', 'program', 'test', 'var', '{', EOF, comment, not \"}\", whitespace\n\n    at c:\\Users\\Lucas\\.vscode\\extensions\\uqbar.wollok-lsp-ide-0.3.3\\node_modules\\wollok-ts\\dist\\index.js:54:19\n    at Array.map (<anonymous>)\n    at buildEnvironment (c:\\Users\\Lucas\\.vscode\\extensions\\uqbar.wollok-lsp-ide-0.3.3\\node_modules\\wollok-ts\\dist\\index.js:49:40)\n    at EnvironmentProvider.buildEnvironmentFrom (c:\\Users\\Lucas\\.vscode\\extensions\\uqbar.wollok-lsp-ide-0.3.3\\server\\out\\utils\\vm\\environment.js:29:66)\n    at EnvironmentProvider.updateEnvironmentWith (c:\\Users\\Lucas\\.vscode\\extensions\\uqbar.wollok-lsp-ide-0.3.3\\server\\out\\utils\\vm\\environment.js:19:37)\n    at rebuildTextDocument (c:\\Users\\Lucas\\.vscode\\extensions\\uqbar.wollok-lsp-ide-0.3.3\\server\\out\\server.js:102:29)\n    at CallbackList.invoke (c:\\Users\\Lucas\\.vscode\\extensions\\uqbar.wollok-lsp-ide-0.3.3\\server\\node_modules\\vscode-jsonrpc\\lib\\common\\events.js:55:39)\n    at Emitter.fire (c:\\Users\\Lucas\\.vscode\\extensions\\uqbar.wollok-lsp-ide-0.3.3\\server\\node_modules\\vscode-jsonrpc\\lib\\common\\events.js:117:36)\n    at c:\\Users\\Lucas\\.vscode\\extensions\\uqbar.wollok-lsp-ide-0.3.3\\server\\node_modules\\vscode-languageserver\\lib\\common\\textDocuments.js:138:42\n    at handleNotification (c:\\Users\\Lucas\\.vscode\\extensions\\uqbar.wollok-lsp-ide-0.3.3\\server\\node_modules\\vscode-jsonrpc\\lib\\common\\connection.js:640:25)","timestamp":"2024-08-25T03:01:22.633Z"}
{"level":"info","message":"⌛ Building environment","timeElapsed":258,"timestamp":"2024-08-25T03:01:23.318Z"}
{"level":"info","message":"⌛ Validating clase1.wlk","timeElapsed":329,"timestamp":"2024-08-25T03:01:23.666Z"}
{"level":"info","message":"⌛ Building environment","timeElapsed":186,"timestamp":"2024-08-25T03:01:43.319Z"}
{"level":"info","message":"⌛ Validating clase1.wlk","timeElapsed":218,"timestamp":"2024-08-25T03:01:43.539Z"}
{"level":"info","message":"⌛ Building environment","timeElapsed":180,"timestamp":"2024-08-25T03:01:43.721Z"}
{"level":"info","message":"⌛ Validating clase1.wlk","timeElapsed":213,"timestamp":"2024-08-25T03:01:43.943Z"}
{"level":"info","message":"⌛ Building environment","timeElapsed":206,"timestamp":"2024-08-25T03:01:45.629Z"}
{"level":"info","message":"⌛ Building environment","timeElapsed":115,"timestamp":"2024-08-25T03:01:45.746Z"}
{"level":"info","message":"⌛ Validating clase1.wlk","timeElapsed":188,"timestamp":"2024-08-25T03:01:45.935Z"}
{"level":"info","message":"⌛ Validating clase1.wlk","timeElapsed":157,"timestamp":"2024-08-25T03:01:46.093Z"}
{"level":"info","message":"⌛ Building environment","timeElapsed":140,"timestamp":"2024-08-25T03:01:46.239Z"}
{"level":"info","message":"⌛ Validating clase1.wlk","timeElapsed":168,"timestamp":"2024-08-25T03:01:46.408Z"}
{"level":"info","message":"⌛ Building environment","timeElapsed":178,"timestamp":"2024-08-25T03:01:46.873Z"}
{"level":"info","message":"⌛ Validating clase1.wlk","timeElapsed":160,"timestamp":"2024-08-25T03:01:47.033Z"}
{"level":"info","message":"⌛ Building environment","timeElapsed":124,"timestamp":"2024-08-25T03:01:47.163Z"}
{"level":"info","message":"⌛ Validating clase1.wlk","timeElapsed":181,"timestamp":"2024-08-25T03:01:47.346Z"}
{"level":"info","message":"⌛ Validating clase1.wlk","timeElapsed":199,"timestamp":"2024-08-25T03:01:47.625Z"}
{"level":"info","message":"⌛ Building environment","timeElapsed":118,"timestamp":"2024-08-25T03:01:47.750Z"}
{"level":"info","message":"⌛ Validating clase1.wlk","timeElapsed":159,"timestamp":"2024-08-25T03:01:47.916Z"}
{"level":"info","message":"⌛ Building environment","timeElapsed":129,"timestamp":"2024-08-25T03:01:48.045Z"}
{"level":"info","message":"⌛ Building environment","timeElapsed":128,"timestamp":"2024-08-25T03:01:48.175Z"}
{"level":"info","message":"⌛ Validating clase1.wlk","timeElapsed":186,"timestamp":"2024-08-25T03:01:48.362Z"}
{"level":"info","message":"⌛ Building environment","timeElapsed":126,"timestamp":"2024-08-25T03:01:48.489Z"}
{"level":"info","message":"⌛ Validating clase1.wlk","timeElapsed":136,"timestamp":"2024-08-25T03:01:48.626Z"}
{"level":"info","message":"⌛ Building environment","timeElapsed":155,"timestamp":"2024-08-25T03:01:48.782Z"}
{"level":"info","message":"⌛ Validating clase1.wlk","timeElapsed":184,"timestamp":"2024-08-25T03:01:48.975Z"}
{"level":"info","message":"⌛ Validating clase1.wlk","timeElapsed":184,"timestamp":"2024-08-25T03:01:49.264Z"}
{"level":"info","message":"⌛ Building environment","timeElapsed":135,"timestamp":"2024-08-25T03:01:49.400Z"}
{"level":"info","message":"⌛ Building environment","timeElapsed":139,"timestamp":"2024-08-25T03:01:49.552Z"}
{"level":"info","message":"⌛ Building environment","timeElapsed":130,"timestamp":"2024-08-25T03:01:49.683Z"}
{"level":"info","message":"⌛ Validating clase1.wlk","timeElapsed":196,"timestamp":"2024-08-25T03:01:49.879Z"}
{"level":"info","message":"⌛ Building environment","timeElapsed":120,"timestamp":"2024-08-25T03:01:50.006Z"}
{"level":"info","message":"⌛ Building environment","timeElapsed":121,"timestamp":"2024-08-25T03:01:50.128Z"}
{"level":"info","message":"⌛ Validating clase1.wlk","timeElapsed":115,"timestamp":"2024-08-25T03:01:50.250Z"}
{"level":"info","message":"⌛ Validating clase1.wlk","timeElapsed":189,"timestamp":"2024-08-25T03:01:50.540Z"}
{"level":"info","message":"⌛ Building environment","timeElapsed":125,"timestamp":"2024-08-25T03:01:50.669Z"}
{"level":"info","message":"⌛ Building environment","timeElapsed":141,"timestamp":"2024-08-25T03:01:50.814Z"}
{"level":"info","message":"⌛ Validating clase1.wlk","timeElapsed":177,"timestamp":"2024-08-25T03:01:50.992Z"}
{"level":"info","message":"⌛ Building environment","timeElapsed":120,"timestamp":"2024-08-25T03:01:51.112Z"}
{"level":"info","message":"⌛ Validating clase1.wlk","timeElapsed":161,"timestamp":"2024-08-25T03:01:51.283Z"}
{"level":"info","message":"⌛ Building environment","timeElapsed":170,"timestamp":"2024-08-25T03:01:51.453Z"}
{"level":"info","message":"⌛ Validating clase1.wlk","timeElapsed":203,"timestamp":"2024-08-25T03:01:51.656Z"}
{"level":"info","message":"⌛ Validating clase1.wlk","timeElapsed":182,"timestamp":"2024-08-25T03:01:51.848Z"}
{"level":"info","message":"⌛ Building environment","timeElapsed":118,"timestamp":"2024-08-25T03:01:51.967Z"}
{"level":"info","message":"⌛ Validating clase1.wlk","timeElapsed":147,"timestamp":"2024-08-25T03:01:52.126Z"}
{"level":"info","message":"⌛ Validating clase1.wlk","timeElapsed":140,"timestamp":"2024-08-25T03:01:52.266Z"}
{"level":"info","message":"⌛ Building environment","timeElapsed":114,"timestamp":"2024-08-25T03:01:52.381Z"}
{"level":"info","message":"⌛ Building environment","timeElapsed":122,"timestamp":"2024-08-25T03:01:52.513Z"}
{"level":"info","message":"⌛ Validating clase1.wlk","timeElapsed":163,"timestamp":"2024-08-25T03:01:52.677Z"}
{"level":"info","message":"⌛ Building environment","timeElapsed":111,"timestamp":"2024-08-25T03:01:52.789Z"}
{"level":"info","message":"⌛ Building environment","timeElapsed":120,"timestamp":"2024-08-25T03:01:52.910Z"}
{"level":"info","message":"⌛ Validating clase1.wlk","timeElapsed":173,"timestamp":"2024-08-25T03:01:53.084Z"}
{"level":"info","message":"⌛ Building environment","timeElapsed":119,"timestamp":"2024-08-25T03:01:53.203Z"}
{"level":"info","message":"⌛ Building environment","timeElapsed":114,"timestamp":"2024-08-25T03:01:53.329Z"}
{"level":"info","message":"⌛ Validating clase1.wlk","timeElapsed":181,"timestamp":"2024-08-25T03:01:53.524Z"}
{"level":"info","message":"⌛ Building environment","timeElapsed":114,"timestamp":"2024-08-25T03:01:53.727Z"}
{"level":"info","message":"⌛ Validating clase1.wlk","timeElapsed":154,"timestamp":"2024-08-25T03:01:53.881Z"}
{"level":"info","message":"⌛ Validating clase1.wlk","timeElapsed":128,"timestamp":"2024-08-25T03:01:54.088Z"}
{"level":"info","message":"⌛ Validating clase1.wlk","timeElapsed":140,"timestamp":"2024-08-25T03:01:54.232Z"}
{"level":"info","message":"⌛ Validating clase1.wlk","timeElapsed":177,"timestamp":"2024-08-25T03:01:54.410Z"}
{"level":"info","message":"⌛ Validating clase1.wlk","timeElapsed":142,"timestamp":"2024-08-25T03:01:54.639Z"}
{"level":"info","message":"⌛ Validating clase1.wlk","timeElapsed":178,"timestamp":"2024-08-25T03:01:54.817Z"}
{"level":"info","message":"⌛ Validating clase1.wlk","timeElapsed":130,"timestamp":"2024-08-25T03:01:55.131Z"}
{"level":"info","message":"⌛ Validating clase1.wlk","timeElapsed":185,"timestamp":"2024-08-25T03:01:55.407Z"}
{"level":"info","message":"⌛ Building environment","timeElapsed":222,"timestamp":"2024-08-25T03:01:55.633Z"}
{"level":"info","message":"⌛ Validating clase1.wlk","timeElapsed":178,"timestamp":"2024-08-25T03:01:55.811Z"}
{"level":"info","message":"⌛ Building environment","timeElapsed":117,"timestamp":"2024-08-25T03:01:55.929Z"}
{"level":"info","message":"⌛ Validating clase1.wlk","timeElapsed":178,"timestamp":"2024-08-25T03:01:56.289Z"}
{"level":"info","message":"⌛ Building environment","timeElapsed":114,"timestamp":"2024-08-25T03:01:56.405Z"}
{"level":"info","message":"⌛ Building environment","timeElapsed":122,"timestamp":"2024-08-25T03:01:56.528Z"}
{"level":"info","message":"⌛ Validating clase1.wlk","timeElapsed":146,"timestamp":"2024-08-25T03:01:56.675Z"}
{"level":"info","message":"⌛ Building environment","timeElapsed":111,"timestamp":"2024-08-25T03:01:56.787Z"}
{"level":"info","message":"⌛ Validating clase1.wlk","timeElapsed":145,"timestamp":"2024-08-25T03:01:56.932Z"}
{"level":"info","message":"⌛ Validating clase1.wlk","timeElapsed":113,"timestamp":"2024-08-25T03:01:57.126Z"}
{"level":"info","message":"⌛ Building environment","timeElapsed":120,"timestamp":"2024-08-25T03:01:57.265Z"}
{"level":"info","message":"⌛ Validating clase1.wlk","timeElapsed":149,"timestamp":"2024-08-25T03:01:57.415Z"}
{"level":"info","message":"⌛ Building environment","timeElapsed":132,"timestamp":"2024-08-25T03:01:57.547Z"}
{"level":"info","message":"⌛ Validating clase1.wlk","timeElapsed":184,"timestamp":"2024-08-25T03:01:57.740Z"}
{"level":"info","message":"⌛ Validating clase1.wlk","timeElapsed":182,"timestamp":"2024-08-25T03:01:58.022Z"}
{"level":"info","message":"⌛ Validating clase1.wlk","timeElapsed":179,"timestamp":"2024-08-25T03:01:58.208Z"}
{"level":"info","message":"⌛ Building environment","timeElapsed":123,"timestamp":"2024-08-25T03:01:58.332Z"}
{"level":"info","message":"⌛ Validating clase1.wlk","timeElapsed":202,"timestamp":"2024-08-25T03:01:58.540Z"}
{"level":"info","message":"⌛ Validating clase1.wlk","timeElapsed":211,"timestamp":"2024-08-25T03:01:58.752Z"}
{"level":"info","message":"⌛ Building environment","timeElapsed":115,"timestamp":"2024-08-25T03:01:58.868Z"}
{"level":"info","message":"⌛ Building environment","timeElapsed":113,"timestamp":"2024-08-25T03:01:58.995Z"}
{"level":"info","message":"⌛ Validating clase1.wlk","timeElapsed":188,"timestamp":"2024-08-25T03:01:59.183Z"}
{"level":"info","message":"⌛ Validating clase1.wlk","timeElapsed":142,"timestamp":"2024-08-25T03:01:59.415Z"}
{"level":"info","message":"⌛ Validating clase1.wlk","timeElapsed":140,"timestamp":"2024-08-25T03:01:59.559Z"}
{"level":"info","message":"⌛ Validating clase1.wlk","timeElapsed":186,"timestamp":"2024-08-25T03:01:59.746Z"}
{"level":"info","message":"⌛ Validating clase1.wlk","timeElapsed":163,"timestamp":"2024-08-25T03:01:59.911Z"}
{"level":"info","message":"⌛ Validating clase1.wlk","timeElapsed":187,"timestamp":"2024-08-25T03:02:00.099Z"}
{"level":"info","message":"⌛ Building environment","timeElapsed":109,"timestamp":"2024-08-25T03:02:00.209Z"}
{"level":"info","message":"⌛ Building environment","timeElapsed":190,"timestamp":"2024-08-25T03:02:00.407Z"}
{"level":"info","message":"⌛ Building environment","timeElapsed":108,"timestamp":"2024-08-25T03:02:00.515Z"}
{"level":"info","message":"⌛ Building environment","timeElapsed":161,"timestamp":"2024-08-25T03:02:00.756Z"}
{"level":"info","message":"⌛ Validating clase1.wlk","timeElapsed":140,"timestamp":"2024-08-25T03:02:00.896Z"}
{"level":"info","message":"⌛ Validating clase1.wlk","timeElapsed":154,"timestamp":"2024-08-25T03:02:01.051Z"}
{"level":"info","message":"⌛ Building environment","timeElapsed":149,"timestamp":"2024-08-25T03:02:01.277Z"}
{"level":"info","message":"⌛ Building environment","timeElapsed":182,"timestamp":"2024-08-25T03:02:01.461Z"}
{"level":"info","message":"⌛ Validating clase1.wlk","timeElapsed":336,"timestamp":"2024-08-25T03:02:01.847Z"}
{"level":"info","message":"⌛ Building environment","timeElapsed":133,"timestamp":"2024-08-25T03:02:02.065Z"}
{"level":"info","message":"⌛ Building environment","timeElapsed":137,"timestamp":"2024-08-25T03:02:02.204Z"}
{"level":"info","message":"⌛ Building environment","timeElapsed":230,"timestamp":"2024-08-25T03:02:02.532Z"}
{"level":"info","message":"⌛ Validating clase1.wlk","timeElapsed":316,"timestamp":"2024-08-25T03:02:02.849Z"}
{"level":"info","message":"⌛ Building environment","timeElapsed":108,"timestamp":"2024-08-25T03:02:02.957Z"}
{"level":"info","message":"⌛ Validating clase1.wlk","timeElapsed":161,"timestamp":"2024-08-25T03:02:03.119Z"}
{"level":"info","message":"⌛ Validating clase1.wlk","timeElapsed":119,"timestamp":"2024-08-25T03:02:03.238Z"}
{"level":"info","message":"⌛ Validating clase1.wlk","timeElapsed":186,"timestamp":"2024-08-25T03:02:03.425Z"}
{"level":"info","message":"⌛ Validating clase1.wlk","timeElapsed":122,"timestamp":"2024-08-25T03:02:03.554Z"}
{"level":"info","message":"⌛ Validating clase1.wlk","timeElapsed":161,"timestamp":"2024-08-25T03:02:03.716Z"}
{"level":"info","message":"⌛ Validating clase1.wlk","timeElapsed":138,"timestamp":"2024-08-25T03:02:03.856Z"}
{"level":"info","message":"⌛ Validating clase1.wlk","timeElapsed":201,"timestamp":"2024-08-25T03:02:04.058Z"}
{"level":"info","message":"⌛ Building environment","timeElapsed":117,"timestamp":"2024-08-25T03:02:04.176Z"}
{"level":"info","message":"⌛ Validating clase1.wlk","timeElapsed":154,"timestamp":"2024-08-25T03:02:04.340Z"}
{"level":"info","message":"⌛ Validating clase1.wlk","timeElapsed":139,"timestamp":"2024-08-25T03:02:04.480Z"}
{"level":"info","message":"⌛ Building environment","timeElapsed":110,"timestamp":"2024-08-25T03:02:04.590Z"}
{"level":"info","message":"⌛ Validating clase1.wlk","timeElapsed":179,"timestamp":"2024-08-25T03:02:04.779Z"}
{"level":"info","message":"⌛ Validating clase1.wlk","timeElapsed":155,"timestamp":"2024-08-25T03:02:04.935Z"}
{"level":"info","message":"⌛ Building environment","timeElapsed":106,"timestamp":"2024-08-25T03:02:05.042Z"}
{"level":"info","message":"⌛ Validating clase1.wlk","timeElapsed":177,"timestamp":"2024-08-25T03:02:05.228Z"}
{"level":"info","message":"⌛ Validating clase1.wlk","timeElapsed":148,"timestamp":"2024-08-25T03:02:05.382Z"}
{"level":"info","message":"⌛ Building environment","timeElapsed":129,"timestamp":"2024-08-25T03:02:05.703Z"}
{"level":"info","message":"⌛ Building environment","timeElapsed":101,"timestamp":"2024-08-25T03:02:05.805Z"}
{"level":"info","message":"⌛ Validating clase1.wlk","timeElapsed":191,"timestamp":"2024-08-25T03:02:06.188Z"}
{"level":"info","message":"⌛ Validating clase1.wlk","timeElapsed":124,"timestamp":"2024-08-25T03:02:06.316Z"}
{"level":"info","message":"⌛ Validating clase1.wlk","timeElapsed":115,"timestamp":"2024-08-25T03:02:06.431Z"}
{"level":"info","message":"⌛ Validating clase1.wlk","timeElapsed":165,"timestamp":"2024-08-25T03:02:06.678Z"}
{"level":"info","message":"⌛ Validating clase1.wlk","timeElapsed":198,"timestamp":"2024-08-25T03:02:06.908Z"}
{"level":"info","message":"⌛ Validating clase1.wlk","timeElapsed":139,"timestamp":"2024-08-25T03:02:07.048Z"}
{"level":"info","message":"⌛ Validating clase1.wlk","timeElapsed":106,"timestamp":"2024-08-25T03:02:07.155Z"}
{"level":"info","message":"⌛ Validating clase1.wlk","timeElapsed":154,"timestamp":"2024-08-25T03:02:07.311Z"}
{"level":"info","message":"⌛ Validating clase1.wlk","timeElapsed":135,"timestamp":"2024-08-25T03:02:07.447Z"}
{"level":"info","message":"⌛ Building environment","timeElapsed":156,"timestamp":"2024-08-25T03:02:07.603Z"}
{"level":"info","message":"⌛ Building environment","timeElapsed":119,"timestamp":"2024-08-25T03:02:07.732Z"}
{"level":"info","message":"⌛ Validating clase1.wlk","timeElapsed":178,"timestamp":"2024-08-25T03:02:07.911Z"}
{"level":"info","message":"⌛ Building environment","timeElapsed":135,"timestamp":"2024-08-25T03:02:08.154Z"}
{"level":"info","message":"⌛ Validating clase1.wlk","timeElapsed":127,"timestamp":"2024-08-25T03:02:08.282Z"}
{"level":"info","message":"⌛ Validating clase1.wlk","timeElapsed":155,"timestamp":"2024-08-25T03:02:08.528Z"}
{"level":"info","message":"⌛ Building environment","timeElapsed":133,"timestamp":"2024-08-25T03:02:08.672Z"}
{"level":"info","message":"⌛ Validating clase1.wlk","timeElapsed":179,"timestamp":"2024-08-25T03:02:08.851Z"}
{"level":"info","message":"⌛ Building environment","timeElapsed":163,"timestamp":"2024-08-25T03:02:09.015Z"}
{"level":"info","message":"⌛ Validating clase1.wlk","timeElapsed":170,"timestamp":"2024-08-25T03:02:09.194Z"}
{"level":"info","message":"⌛ Building environment","timeElapsed":112,"timestamp":"2024-08-25T03:02:09.306Z"}
{"level":"info","message":"⌛ Building environment","timeElapsed":127,"timestamp":"2024-08-25T03:02:09.434Z"}
{"level":"info","message":"⌛ Validating clase1.wlk","timeElapsed":173,"timestamp":"2024-08-25T03:02:09.608Z"}
{"level":"info","message":"⌛ Validating clase1.wlk","timeElapsed":155,"timestamp":"2024-08-25T03:02:09.852Z"}
{"level":"info","message":"⌛ Building environment","timeElapsed":121,"timestamp":"2024-08-25T03:02:09.973Z"}
{"level":"info","message":"⌛ Validating clase1.wlk","timeElapsed":134,"timestamp":"2024-08-25T03:02:10.186Z"}
{"level":"info","message":"⌛ Validating clase1.wlk","timeElapsed":186,"timestamp":"2024-08-25T03:02:10.454Z"}
{"level":"info","message":"⌛ Validating clase1.wlk","timeElapsed":131,"timestamp":"2024-08-25T03:02:10.675Z"}
{"level":"info","message":"⌛ Building environment","timeElapsed":117,"timestamp":"2024-08-25T03:02:10.793Z"}
{"level":"info","message":"⌛ Validating clase1.wlk","timeElapsed":168,"timestamp":"2024-08-25T03:02:10.961Z"}
{"level":"info","message":"⌛ Building environment","timeElapsed":121,"timestamp":"2024-08-25T03:02:11.082Z"}
{"level":"info","message":"⌛ Validating clase1.wlk","timeElapsed":123,"timestamp":"2024-08-25T03:02:11.213Z"}
{"level":"info","message":"⌛ Validating clase1.wlk","timeElapsed":194,"timestamp":"2024-08-25T03:02:11.500Z"}
{"level":"info","message":"⌛ Building environment","timeElapsed":123,"timestamp":"2024-08-25T03:02:11.624Z"}
{"level":"info","message":"⌛ Validating clase1.wlk","timeElapsed":189,"timestamp":"2024-08-25T03:02:11.813Z"}
{"level":"info","message":"⌛ Building environment","timeElapsed":103,"timestamp":"2024-08-25T03:02:11.916Z"}
{"level":"info","message":"⌛ Building environment","timeElapsed":107,"timestamp":"2024-08-25T03:02:12.023Z"}
{"level":"info","message":"⌛ Validating clase1.wlk","timeElapsed":140,"timestamp":"2024-08-25T03:02:12.164Z"}
{"level":"info","message":"⌛ Validating clase1.wlk","timeElapsed":167,"timestamp":"2024-08-25T03:02:12.332Z"}
{"level":"info","message":"⌛ Building environment","timeElapsed":223,"timestamp":"2024-08-25T03:02:12.555Z"}
{"level":"info","message":"⌛ Building environment","timeElapsed":105,"timestamp":"2024-08-25T03:02:12.669Z"}
{"level":"info","message":"⌛ Building environment","timeElapsed":118,"timestamp":"2024-08-25T03:02:12.788Z"}
{"level":"info","message":"⌛ Validating clase1.wlk","timeElapsed":113,"timestamp":"2024-08-25T03:02:12.901Z"}
{"level":"info","message":"⌛ Validating clase1.wlk","timeElapsed":119,"timestamp":"2024-08-25T03:02:13.113Z"}
{"level":"info","message":"⌛ Building environment","timeElapsed":109,"timestamp":"2024-08-25T03:02:13.322Z"}
{"level":"info","message":"⌛ Validating clase1.wlk","timeElapsed":119,"timestamp":"2024-08-25T03:02:13.441Z"}
{"level":"info","message":"⌛ Building environment","timeElapsed":118,"timestamp":"2024-08-25T03:02:13.661Z"}
{"level":"info","message":"⌛ Validating clase1.wlk","timeElapsed":172,"timestamp":"2024-08-25T03:02:13.833Z"}
{"level":"info","message":"⌛ Validating clase1.wlk","timeElapsed":233,"timestamp":"2024-08-25T03:02:14.066Z"}
{"level":"info","message":"⌛ Building environment","timeElapsed":229,"timestamp":"2024-08-25T03:02:14.335Z"}
{"level":"info","message":"⌛ Validating clase1.wlk","timeElapsed":174,"timestamp":"2024-08-25T03:02:14.509Z"}
{"level":"info","message":"⌛ Validating clase1.wlk","timeElapsed":179,"timestamp":"2024-08-25T03:02:14.689Z"}
{"level":"info","message":"⌛ Validating clase1.wlk","timeElapsed":158,"timestamp":"2024-08-25T03:02:14.941Z"}
{"level":"info","message":"⌛ Validating clase1.wlk","timeElapsed":174,"timestamp":"2024-08-25T03:02:15.118Z"}
{"level":"info","message":"⌛ Validating clase1.wlk","timeElapsed":162,"timestamp":"2024-08-25T03:02:15.362Z"}
{"level":"info","message":"⌛ Building environment","timeElapsed":109,"timestamp":"2024-08-25T03:02:15.472Z"}
{"level":"info","message":"⌛ Validating clase1.wlk","timeElapsed":176,"timestamp":"2024-08-25T03:02:15.648Z"}
{"level":"info","message":"⌛ Validating clase1.wlk","timeElapsed":167,"timestamp":"2024-08-25T03:02:15.817Z"}
{"level":"info","message":"⌛ Validating clase1.wlk","timeElapsed":117,"timestamp":"2024-08-25T03:02:15.938Z"}
{"level":"info","message":"⌛ Validating clase1.wlk","timeElapsed":128,"timestamp":"2024-08-25T03:02:16.176Z"}
{"level":"info","message":"⌛ Validating clase1.wlk","timeElapsed":119,"timestamp":"2024-08-25T03:02:16.295Z"}
{"level":"info","message":"⌛ Validating clase1.wlk","timeElapsed":136,"timestamp":"2024-08-25T03:02:16.432Z"}
{"level":"info","message":"⌛ Validating clase1.wlk","timeElapsed":109,"timestamp":"2024-08-25T03:02:16.542Z"}
{"level":"info","message":"⌛ Validating clase1.wlk","timeElapsed":114,"timestamp":"2024-08-25T03:02:16.656Z"}
{"level":"info","message":"⌛ Building environment","timeElapsed":240,"timestamp":"2024-08-25T03:02:18.882Z"}
{"level":"info","message":"⌛ Building environment","timeElapsed":119,"timestamp":"2024-08-25T03:02:19.002Z"}
{"level":"info","message":"⌛ Validating clase1.wlk","timeElapsed":159,"timestamp":"2024-08-25T03:02:19.161Z"}
{"level":"info","message":"⌛ Validating clase1.wlk","timeElapsed":195,"timestamp":"2024-08-25T03:02:19.357Z"}
{"level":"info","message":"⌛ Building environment","timeElapsed":116,"timestamp":"2024-08-25T03:02:19.480Z"}
{"level":"info","message":"⌛ Building environment","timeElapsed":116,"timestamp":"2024-08-25T03:02:19.692Z"}
{"level":"info","message":"⌛ Validating clase1.wlk","timeElapsed":180,"timestamp":"2024-08-25T03:02:19.873Z"}
{"level":"info","message":"⌛ Validating clase1.wlk","timeElapsed":185,"timestamp":"2024-08-25T03:02:20.059Z"}
{"level":"info","message":"⌛ Validating clase1.wlk","timeElapsed":241,"timestamp":"2024-08-25T03:02:20.301Z"}
{"level":"info","message":"⌛ Building environment","timeElapsed":115,"timestamp":"2024-08-25T03:02:20.417Z"}
{"level":"info","message":"⌛ Building environment","timeElapsed":189,"timestamp":"2024-08-25T03:02:20.613Z"}
{"level":"info","message":"⌛ Validating clase1.wlk","timeElapsed":162,"timestamp":"2024-08-25T03:02:20.854Z"}
{"level":"info","message":"⌛ Validating clase1.wlk","timeElapsed":144,"timestamp":"2024-08-25T03:02:21.096Z"}
{"level":"info","message":"⌛ Validating clase1.wlk","timeElapsed":159,"timestamp":"2024-08-25T03:02:21.256Z"}
{"level":"info","message":"⌛ Building environment","timeElapsed":116,"timestamp":"2024-08-25T03:02:21.373Z"}
{"level":"info","message":"⌛ Building environment","timeElapsed":115,"timestamp":"2024-08-25T03:02:21.489Z"}
{"level":"info","message":"⌛ Validating clase1.wlk","timeElapsed":183,"timestamp":"2024-08-25T03:02:21.673Z"}
{"level":"info","message":"⌛ Validating clase1.wlk","timeElapsed":149,"timestamp":"2024-08-25T03:02:22.015Z"}
{"level":"info","message":"⌛ Validating clase1.wlk","timeElapsed":135,"timestamp":"2024-08-25T03:02:22.151Z"}
{"level":"info","message":"⌛ Building environment","timeElapsed":102,"timestamp":"2024-08-25T03:02:22.258Z"}
{"level":"info","message":"⌛ Validating clase1.wlk","timeElapsed":183,"timestamp":"2024-08-25T03:02:22.450Z"}
{"level":"info","message":"⌛ Validating clase1.wlk","timeElapsed":162,"timestamp":"2024-08-25T03:02:22.613Z"}
{"level":"info","message":"⌛ Validating clase1.wlk","timeElapsed":168,"timestamp":"2024-08-25T03:02:22.786Z"}
{"level":"info","message":"⌛ Building environment","timeElapsed":122,"timestamp":"2024-08-25T03:02:22.908Z"}
{"level":"info","message":"⌛ Building environment","timeElapsed":109,"timestamp":"2024-08-25T03:02:23.018Z"}
{"level":"info","message":"⌛ Validating clase1.wlk","timeElapsed":143,"timestamp":"2024-08-25T03:02:23.170Z"}
{"level":"info","message":"⌛ Validating clase1.wlk","timeElapsed":224,"timestamp":"2024-08-25T03:02:23.395Z"}
{"level":"info","message":"⌛ Building environment","timeElapsed":169,"timestamp":"2024-08-25T03:02:23.565Z"}
{"level":"info","message":"⌛ Building environment","timeElapsed":126,"timestamp":"2024-08-25T03:02:23.702Z"}
{"level":"info","message":"⌛ Validating clase1.wlk","timeElapsed":177,"timestamp":"2024-08-25T03:02:23.880Z"}
{"level":"info","message":"⌛ Validating clase1.wlk","timeElapsed":189,"timestamp":"2024-08-25T03:02:24.069Z"}
{"level":"info","message":"⌛ Building environment","timeElapsed":160,"timestamp":"2024-08-25T03:02:24.796Z"}
{"level":"info","message":"⌛ Validating clase1.wlk","timeElapsed":134,"timestamp":"2024-08-25T03:02:24.931Z"}
{"level":"info","message":"⌛ Building environment","timeElapsed":187,"timestamp":"2024-08-25T03:02:25.362Z"}
{"level":"info","message":"⌛ Validating clase1.wlk","timeElapsed":182,"timestamp":"2024-08-25T03:02:25.545Z"}
{"level":"info","message":"⌛ Building environment","timeElapsed":105,"timestamp":"2024-08-25T03:02:25.653Z"}
{"level":"info","message":"⌛ Validating clase1.wlk","timeElapsed":189,"timestamp":"2024-08-25T03:02:25.844Z"}
{"level":"info","message":"⌛ Building environment","timeElapsed":106,"timestamp":"2024-08-25T03:02:25.950Z"}
{"level":"info","message":"⌛ Validating clase1.wlk","timeElapsed":180,"timestamp":"2024-08-25T03:02:26.132Z"}
{"level":"info","message":"⌛ Building environment","timeElapsed":226,"timestamp":"2024-08-25T03:02:27.703Z"}
{"level":"info","message":"⌛ Validating clase1.wlk","timeElapsed":234,"timestamp":"2024-08-25T03:02:27.939Z"}
{"level":"info","message":"⌛ Building environment","timeElapsed":141,"timestamp":"2024-08-25T03:02:28.086Z"}
{"level":"info","message":"⌛ Building environment","timeElapsed":109,"timestamp":"2024-08-25T03:02:28.196Z"}
{"level":"info","message":"⌛ Validating clase1.wlk","timeElapsed":135,"timestamp":"2024-08-25T03:02:28.331Z"}
{"level":"info","message":"⌛ Validating clase1.wlk","timeElapsed":141,"timestamp":"2024-08-25T03:02:28.473Z"}
{"level":"info","message":"⌛ Building environment","timeElapsed":231,"timestamp":"2024-08-25T03:02:29.117Z"}
{"level":"info","message":"⌛ Validating clase1.wlk","timeElapsed":273,"timestamp":"2024-08-25T03:02:29.391Z"}
{"level":"info","message":"⌛ Building environment","timeElapsed":108,"timestamp":"2024-08-25T03:02:29.579Z"}
{"level":"info","message":"⌛ Validating clase1.wlk","timeElapsed":190,"timestamp":"2024-08-25T03:02:29.770Z"}
{"level":"info","message":"⌛ Validating clase1.wlk","timeElapsed":267,"timestamp":"2024-08-25T03:02:30.038Z"}
{"level":"info","message":"⌛ Building environment","timeElapsed":157,"timestamp":"2024-08-25T03:02:30.196Z"}
{"level":"info","message":"⌛ Validating clase1.wlk","timeElapsed":130,"timestamp":"2024-08-25T03:02:30.422Z"}
{"level":"info","message":"⌛ Validating clase1.wlk","timeElapsed":162,"timestamp":"2024-08-25T03:02:30.589Z"}
{"level":"info","message":"⌛ Building environment","timeElapsed":107,"timestamp":"2024-08-25T03:02:30.697Z"}
{"level":"info","message":"⌛ Validating clase1.wlk","timeElapsed":174,"timestamp":"2024-08-25T03:02:30.879Z"}
{"level":"info","message":"⌛ Building environment","timeElapsed":120,"timestamp":"2024-08-25T03:02:30.999Z"}
{"level":"info","message":"⌛ Validating clase1.wlk","timeElapsed":144,"timestamp":"2024-08-25T03:02:31.240Z"}
{"level":"info","message":"⌛ Building environment","timeElapsed":115,"timestamp":"2024-08-25T03:02:31.358Z"}
{"level":"info","message":"⌛ Validating clase1.wlk","timeElapsed":127,"timestamp":"2024-08-25T03:02:31.486Z"}
{"level":"info","message":"⌛ Building environment","timeElapsed":145,"timestamp":"2024-08-25T03:02:31.716Z"}
{"level":"info","message":"⌛ Validating clase1.wlk","timeElapsed":162,"timestamp":"2024-08-25T03:02:31.878Z"}
{"level":"info","message":"⌛ Building environment","timeElapsed":117,"timestamp":"2024-08-25T03:02:31.997Z"}
{"level":"info","message":"⌛ Validating clase1.wlk","timeElapsed":161,"timestamp":"2024-08-25T03:02:32.159Z"}
{"level":"info","message":"⌛ Validating clase1.wlk","timeElapsed":135,"timestamp":"2024-08-25T03:02:32.295Z"}
{"level":"info","message":"⌛ Building environment","timeElapsed":118,"timestamp":"2024-08-25T03:02:32.511Z"}
{"level":"info","message":"⌛ Validating clase1.wlk","timeElapsed":172,"timestamp":"2024-08-25T03:02:32.684Z"}
{"level":"info","message":"⌛ Validating clase1.wlk","timeElapsed":178,"timestamp":"2024-08-25T03:02:32.937Z"}
{"level":"info","message":"⌛ Validating clase1.wlk","timeElapsed":162,"timestamp":"2024-08-25T03:02:33.106Z"}
{"level":"info","message":"⌛ Validating clase1.wlk","timeElapsed":159,"timestamp":"2024-08-25T03:02:33.266Z"}
{"level":"info","message":"⌛ Validating clase1.wlk","timeElapsed":136,"timestamp":"2024-08-25T03:02:33.562Z"}
{"level":"info","message":"⌛ Validating clase1.wlk","timeElapsed":199,"timestamp":"2024-08-25T03:02:33.805Z"}
{"level":"info","message":"⌛ Building environment","timeElapsed":174,"timestamp":"2024-08-25T03:02:34.249Z"}
{"level":"info","message":"⌛ Validating clase1.wlk","timeElapsed":188,"timestamp":"2024-08-25T03:02:34.439Z"}
{"level":"info","message":"⌛ Building environment","timeElapsed":195,"timestamp":"2024-08-25T03:02:36.258Z"}
{"level":"info","message":"⌛ Validating clase1.wlk","timeElapsed":182,"timestamp":"2024-08-25T03:02:36.441Z"}
{"level":"info","message":"⌛ Building environment","timeElapsed":230,"timestamp":"2024-08-25T03:02:37.511Z"}
{"level":"info","message":"⌛ Validating clase1.wlk","timeElapsed":196,"timestamp":"2024-08-25T03:02:37.710Z"}
{"level":"info","message":"⌛ Building environment","timeElapsed":163,"timestamp":"2024-08-25T03:02:38.015Z"}
{"level":"info","message":"⌛ Validating clase1.wlk","timeElapsed":130,"timestamp":"2024-08-25T03:02:38.150Z"}
{"level":"info","message":"⌛ Validating clase1.wlk","timeElapsed":135,"timestamp":"2024-08-25T03:02:38.381Z"}
{"level":"info","message":"⌛ Building environment","timeElapsed":145,"timestamp":"2024-08-25T03:02:38.527Z"}
{"level":"info","message":"⌛ Validating clase1.wlk","timeElapsed":177,"timestamp":"2024-08-25T03:02:38.706Z"}
{"level":"info","message":"⌛ Building environment","timeElapsed":116,"timestamp":"2024-08-25T03:02:38.857Z"}
{"level":"info","message":"⌛ Validating clase1.wlk","timeElapsed":183,"timestamp":"2024-08-25T03:02:39.040Z"}
{"level":"info","message":"⌛ Building environment","timeElapsed":189,"timestamp":"2024-08-25T03:02:39.301Z"}
{"level":"info","message":"⌛ Validating clase1.wlk","timeElapsed":267,"timestamp":"2024-08-25T03:02:39.570Z"}
{"level":"info","message":"⌛ Building environment","timeElapsed":124,"timestamp":"2024-08-25T03:02:39.696Z"}
{"level":"info","message":"⌛ Building environment","timeElapsed":122,"timestamp":"2024-08-25T03:02:39.818Z"}
{"level":"info","message":"⌛ Validating clase1.wlk","timeElapsed":181,"timestamp":"2024-08-25T03:02:40.000Z"}
{"level":"info","message":"⌛ Building environment","timeElapsed":113,"timestamp":"2024-08-25T03:02:40.114Z"}
{"level":"info","message":"⌛ Validating clase1.wlk","timeElapsed":189,"timestamp":"2024-08-25T03:02:40.304Z"}
{"level":"info","message":"⌛ Validating clase1.wlk","timeElapsed":177,"timestamp":"2024-08-25T03:02:40.482Z"}
{"level":"info","message":"⌛ Building environment","timeElapsed":172,"timestamp":"2024-08-25T03:02:40.757Z"}
{"level":"info","message":"⌛ Building environment","timeElapsed":138,"timestamp":"2024-08-25T03:02:40.896Z"}
{"level":"info","message":"⌛ Validating clase1.wlk","timeElapsed":163,"timestamp":"2024-08-25T03:02:41.060Z"}
{"level":"info","message":"⌛ Building environment","timeElapsed":109,"timestamp":"2024-08-25T03:02:41.169Z"}
{"level":"info","message":"⌛ Validating clase1.wlk","timeElapsed":185,"timestamp":"2024-08-25T03:02:41.355Z"}
{"level":"info","message":"⌛ Building environment","timeElapsed":114,"timestamp":"2024-08-25T03:02:41.470Z"}
{"level":"info","message":"⌛ Validating clase1.wlk","timeElapsed":150,"timestamp":"2024-08-25T03:02:41.621Z"}
{"level":"info","message":"⌛ Validating clase1.wlk","timeElapsed":180,"timestamp":"2024-08-25T03:02:41.879Z"}
{"level":"info","message":"⌛ Building environment","timeElapsed":105,"timestamp":"2024-08-25T03:02:41.985Z"}
{"level":"info","message":"⌛ Validating clase1.wlk","timeElapsed":157,"timestamp":"2024-08-25T03:02:42.142Z"}
{"level":"info","message":"⌛ Validating clase1.wlk","timeElapsed":132,"timestamp":"2024-08-25T03:02:42.280Z"}
{"level":"info","message":"⌛ Building environment","timeElapsed":174,"timestamp":"2024-08-25T03:02:42.456Z"}
{"level":"info","message":"⌛ Validating clase1.wlk","timeElapsed":150,"timestamp":"2024-08-25T03:02:42.619Z"}
{"level":"info","message":"⌛ Validating clase1.wlk","timeElapsed":192,"timestamp":"2024-08-25T03:02:42.823Z"}
{"level":"info","message":"⌛ Building environment","timeElapsed":105,"timestamp":"2024-08-25T03:02:42.929Z"}
{"level":"info","message":"⌛ Building environment","timeElapsed":167,"timestamp":"2024-08-25T03:02:43.097Z"}
{"level":"info","message":"⌛ Building environment","timeElapsed":101,"timestamp":"2024-08-25T03:02:43.199Z"}
{"level":"info","message":"⌛ Validating clase1.wlk","timeElapsed":116,"timestamp":"2024-08-25T03:02:43.316Z"}
{"level":"info","message":"⌛ Validating clase1.wlk","timeElapsed":179,"timestamp":"2024-08-25T03:02:43.498Z"}
{"level":"info","message":"⌛ Validating clase1.wlk","timeElapsed":171,"timestamp":"2024-08-25T03:02:43.679Z"}
{"level":"info","message":"⌛ Validating clase1.wlk","timeElapsed":141,"timestamp":"2024-08-25T03:02:43.914Z"}
{"level":"info","message":"⌛ Validating clase1.wlk","timeElapsed":174,"timestamp":"2024-08-25T03:02:44.184Z"}
{"level":"info","message":"⌛ Building environment","timeElapsed":138,"timestamp":"2024-08-25T03:02:44.321Z"}
{"level":"info","message":"⌛ Building environment","timeElapsed":105,"timestamp":"2024-08-25T03:02:44.427Z"}
{"level":"info","message":"⌛ Validating clase1.wlk","timeElapsed":181,"timestamp":"2024-08-25T03:02:44.608Z"}
{"level":"info","message":"⌛ Validating clase1.wlk","timeElapsed":149,"timestamp":"2024-08-25T03:02:44.758Z"}
{"level":"info","message":"⌛ Building environment","timeElapsed":117,"timestamp":"2024-08-25T03:02:44.876Z"}
{"level":"info","message":"⌛ Validating clase1.wlk","timeElapsed":150,"timestamp":"2024-08-25T03:02:45.026Z"}
{"level":"info","message":"⌛ Building environment","timeElapsed":134,"timestamp":"2024-08-25T03:02:45.184Z"}
{"level":"info","message":"⌛ Validating clase1.wlk","timeElapsed":188,"timestamp":"2024-08-25T03:02:45.374Z"}
{"level":"info","message":"⌛ Building environment","timeElapsed":129,"timestamp":"2024-08-25T03:02:45.503Z"}
{"level":"info","message":"⌛ Building environment","timeElapsed":102,"timestamp":"2024-08-25T03:02:45.606Z"}
{"level":"info","message":"⌛ Building environment","timeElapsed":101,"timestamp":"2024-08-25T03:02:45.707Z"}
{"level":"info","message":"⌛ Validating clase1.wlk","timeElapsed":163,"timestamp":"2024-08-25T03:02:45.871Z"}
{"level":"info","message":"⌛ Validating clase1.wlk","timeElapsed":171,"timestamp":"2024-08-25T03:02:46.042Z"}
{"level":"info","message":"⌛ Validating clase1.wlk","timeElapsed":170,"timestamp":"2024-08-25T03:02:46.213Z"}
{"level":"info","message":"⌛ Building environment","timeElapsed":152,"timestamp":"2024-08-25T03:02:46.367Z"}
{"level":"info","message":"⌛ Building environment","timeElapsed":116,"timestamp":"2024-08-25T03:02:46.484Z"}
{"level":"info","message":"⌛ Building environment","timeElapsed":111,"timestamp":"2024-08-25T03:02:46.596Z"}
{"level":"info","message":"⌛ Validating clase1.wlk","timeElapsed":135,"timestamp":"2024-08-25T03:02:46.835Z"}
{"level":"info","message":"⌛ Validating clase1.wlk","timeElapsed":125,"timestamp":"2024-08-25T03:02:46.961Z"}
{"level":"info","message":"⌛ Validating clase1.wlk","timeElapsed":178,"timestamp":"2024-08-25T03:02:47.214Z"}
{"level":"info","message":"⌛ Building environment","timeElapsed":110,"timestamp":"2024-08-25T03:02:47.326Z"}
{"level":"info","message":"⌛ Validating clase1.wlk","timeElapsed":210,"timestamp":"2024-08-25T03:02:47.537Z"}
{"level":"info","message":"⌛ Building environment","timeElapsed":205,"timestamp":"2024-08-25T03:02:47.743Z"}
{"level":"info","message":"⌛ Building environment","timeElapsed":105,"timestamp":"2024-08-25T03:02:47.849Z"}
{"level":"info","message":"⌛ Validating clase1.wlk","timeElapsed":187,"timestamp":"2024-08-25T03:02:48.036Z"}
{"level":"info","message":"⌛ Validating clase1.wlk","timeElapsed":172,"timestamp":"2024-08-25T03:02:48.360Z"}
{"level":"info","message":"⌛ Building environment","timeElapsed":149,"timestamp":"2024-08-25T03:02:48.510Z"}
{"level":"info","message":"⌛ Building environment","timeElapsed":108,"timestamp":"2024-08-25T03:02:48.619Z"}
{"level":"info","message":"⌛ Building environment","timeElapsed":126,"timestamp":"2024-08-25T03:02:48.745Z"}
{"level":"info","message":"⌛ Validating clase1.wlk","timeElapsed":154,"timestamp":"2024-08-25T03:02:48.901Z"}
{"level":"info","message":"⌛ Validating clase1.wlk","timeElapsed":192,"timestamp":"2024-08-25T03:02:49.093Z"}
{"level":"info","message":"⌛ Validating clase1.wlk","timeElapsed":145,"timestamp":"2024-08-25T03:02:49.246Z"}
{"level":"info","message":"⌛ Validating clase1.wlk","timeElapsed":163,"timestamp":"2024-08-25T03:02:49.410Z"}
{"level":"info","message":"⌛ Validating clase1.wlk","timeElapsed":134,"timestamp":"2024-08-25T03:02:49.543Z"}
{"level":"info","message":"⌛ Validating clase1.wlk","timeElapsed":195,"timestamp":"2024-08-25T03:02:49.739Z"}
{"level":"info","message":"⌛ Building environment","timeElapsed":115,"timestamp":"2024-08-25T03:02:49.855Z"}
{"level":"info","message":"⌛ Validating clase1.wlk","timeElapsed":170,"timestamp":"2024-08-25T03:02:50.025Z"}
{"level":"info","message":"⌛ Building environment","timeElapsed":124,"timestamp":"2024-08-25T03:02:50.325Z"}
{"level":"info","message":"⌛ Building environment","timeElapsed":174,"timestamp":"2024-08-25T03:02:50.500Z"}
{"level":"info","message":"⌛ Validating clase1.wlk","timeElapsed":161,"timestamp":"2024-08-25T03:02:50.760Z"}
{"level":"info","message":"⌛ Validating clase1.wlk","timeElapsed":199,"timestamp":"2024-08-25T03:02:50.966Z"}
{"level":"info","message":"⌛ Validating clase1.wlk","timeElapsed":240,"timestamp":"2024-08-25T03:02:51.207Z"}
{"level":"info","message":"⌛ Validating clase1.wlk","timeElapsed":155,"timestamp":"2024-08-25T03:02:51.363Z"}
{"level":"info","message":"⌛ Validating clase1.wlk","timeElapsed":159,"timestamp":"2024-08-25T03:02:51.524Z"}
{"level":"info","message":"⌛ Validating clase1.wlk","timeElapsed":220,"timestamp":"2024-08-25T03:02:51.745Z"}
{"level":"info","message":"⌛ Building environment","timeElapsed":121,"timestamp":"2024-08-25T03:02:51.867Z"}
{"level":"info","message":"⌛ Building environment","timeElapsed":110,"timestamp":"2024-08-25T03:02:51.978Z"}
{"level":"info","message":"⌛ Building environment","timeElapsed":104,"timestamp":"2024-08-25T03:02:52.094Z"}
{"level":"info","message":"⌛ Building environment","timeElapsed":127,"timestamp":"2024-08-25T03:02:52.220Z"}
{"level":"info","message":"⌛ Validating clase1.wlk","timeElapsed":132,"timestamp":"2024-08-25T03:02:52.353Z"}
{"level":"info","message":"⌛ Validating clase1.wlk","timeElapsed":128,"timestamp":"2024-08-25T03:02:52.482Z"}
{"level":"info","message":"⌛ Validating clase1.wlk","timeElapsed":129,"timestamp":"2024-08-25T03:02:52.610Z"}
{"level":"info","message":"⌛ Building environment","timeElapsed":113,"timestamp":"2024-08-25T03:02:52.728Z"}
{"level":"info","message":"⌛ Validating clase1.wlk","timeElapsed":194,"timestamp":"2024-08-25T03:02:52.923Z"}
{"level":"info","message":"⌛ Building environment","timeElapsed":123,"timestamp":"2024-08-25T03:02:53.047Z"}
{"level":"info","message":"⌛ Validating clase1.wlk","timeElapsed":134,"timestamp":"2024-08-25T03:02:53.363Z"}
{"level":"info","message":"⌛ Building environment","timeElapsed":143,"timestamp":"2024-08-25T03:02:53.509Z"}
{"level":"info","message":"⌛ Validating clase1.wlk","timeElapsed":142,"timestamp":"2024-08-25T03:02:53.741Z"}
{"level":"info","message":"⌛ Validating clase1.wlk","timeElapsed":182,"timestamp":"2024-08-25T03:02:53.923Z"}
{"level":"info","message":"⌛ Validating clase1.wlk","timeElapsed":117,"timestamp":"2024-08-25T03:02:54.040Z"}
{"level":"info","message":"⌛ Building environment","timeElapsed":111,"timestamp":"2024-08-25T03:02:54.153Z"}
{"level":"info","message":"⌛ Building environment","timeElapsed":133,"timestamp":"2024-08-25T03:02:54.287Z"}
{"level":"info","message":"⌛ Validating clase1.wlk","timeElapsed":179,"timestamp":"2024-08-25T03:02:54.467Z"}
{"level":"info","message":"⌛ Validating clase1.wlk","timeElapsed":182,"timestamp":"2024-08-25T03:02:54.650Z"}
{"level":"info","message":"⌛ Building environment","timeElapsed":143,"timestamp":"2024-08-25T03:02:54.890Z"}
{"level":"info","message":"⌛ Validating clase1.wlk","timeElapsed":185,"timestamp":"2024-08-25T03:02:55.084Z"}
{"level":"info","message":"⌛ Validating clase1.wlk","timeElapsed":115,"timestamp":"2024-08-25T03:02:55.290Z"}
{"level":"info","message":"⌛ Validating clase1.wlk","timeElapsed":183,"timestamp":"2024-08-25T03:02:55.570Z"}
{"level":"info","message":"⌛ Validating clase1.wlk","timeElapsed":134,"timestamp":"2024-08-25T03:02:55.800Z"}
{"level":"info","message":"⌛ Validating clase1.wlk","timeElapsed":122,"timestamp":"2024-08-25T03:02:56.011Z"}
{"level":"info","message":"⌛ Validating clase1.wlk","timeElapsed":118,"timestamp":"2024-08-25T03:02:56.208Z"}
{"level":"info","message":"⌛ Validating clase1.wlk","timeElapsed":164,"timestamp":"2024-08-25T03:02:56.465Z"}
{"level":"info","message":"⌛ Building environment","timeElapsed":104,"timestamp":"2024-08-25T03:02:56.569Z"}
{"level":"info","message":"⌛ Building environment","timeElapsed":113,"timestamp":"2024-08-25T03:02:56.682Z"}
{"level":"info","message":"⌛ Validating clase1.wlk","timeElapsed":199,"timestamp":"2024-08-25T03:02:56.889Z"}
{"level":"info","message":"⌛ Building environment","timeElapsed":164,"timestamp":"2024-08-25T03:02:57.053Z"}
{"level":"info","message":"⌛ Validating clase1.wlk","timeElapsed":170,"timestamp":"2024-08-25T03:02:57.320Z"}
{"level":"info","message":"⌛ Validating clase1.wlk","timeElapsed":140,"timestamp":"2024-08-25T03:02:57.460Z"}
{"level":"info","message":"⌛ Validating clase1.wlk","timeElapsed":175,"timestamp":"2024-08-25T03:02:57.640Z"}
{"level":"info","message":"⌛ Validating clase1.wlk","timeElapsed":160,"timestamp":"2024-08-25T03:02:57.800Z"}
{"level":"info","message":"⌛ Validating clase1.wlk","timeElapsed":186,"timestamp":"2024-08-25T03:02:57.986Z"}
{"level":"info","message":"⌛ Validating clase1.wlk","timeElapsed":178,"timestamp":"2024-08-25T03:02:58.165Z"}
{"level":"info","message":"⌛ Building environment","timeElapsed":115,"timestamp":"2024-08-25T03:02:58.281Z"}
{"level":"info","message":"⌛ Validating clase1.wlk","timeElapsed":171,"timestamp":"2024-08-25T03:02:58.460Z"}
{"level":"info","message":"⌛ Building environment","timeElapsed":218,"timestamp":"2024-08-25T03:03:00.131Z"}
{"level":"info","message":"⌛ Validating clase1.wlk","timeElapsed":253,"timestamp":"2024-08-25T03:03:00.395Z"}
{"level":"info","message":"⌛ Building environment","timeElapsed":107,"timestamp":"2024-08-25T03:03:00.502Z"}
{"level":"info","message":"⌛ Building environment","timeElapsed":123,"timestamp":"2024-08-25T03:03:00.631Z"}
{"level":"info","message":"⌛ Validating clase1.wlk","timeElapsed":238,"timestamp":"2024-08-25T03:03:00.870Z"}
{"level":"info","message":"⌛ Validating clase1.wlk","timeElapsed":197,"timestamp":"2024-08-25T03:03:01.069Z"}
{"level":"info","message":"⌛ Building environment","timeElapsed":281,"timestamp":"2024-08-25T03:03:11.823Z"}
{"level":"info","message":"⌛ Validating clase1.wlk","timeElapsed":195,"timestamp":"2024-08-25T03:03:12.026Z"}
{"level":"info","message":"⌛ Building environment","timeElapsed":323,"timestamp":"2024-08-25T03:03:13.357Z"}
{"level":"info","message":"⌛ Validating clase1.wlk","timeElapsed":251,"timestamp":"2024-08-25T03:03:13.610Z"}
{"level":"info","message":"⌛ Building environment","timeElapsed":274,"timestamp":"2024-08-25T03:03:14.086Z"}
{"level":"info","message":"⌛ Validating clase1.wlk","timeElapsed":229,"timestamp":"2024-08-25T03:03:14.339Z"}
{"level":"info","message":"⌛ Building environment","timeElapsed":224,"timestamp":"2024-08-25T03:03:14.565Z"}
{"level":"info","message":"⌛ Validating clase1.wlk","timeElapsed":249,"timestamp":"2024-08-25T03:03:14.825Z"}
{"level":"info","message":"⌛ Building environment","timeElapsed":240,"timestamp":"2024-08-25T03:03:16.028Z"}
{"level":"info","message":"⌛ Validating clase1.wlk","timeElapsed":242,"timestamp":"2024-08-25T03:03:16.298Z"}
{"level":"info","message":"⌛ Building environment","timeElapsed":111,"timestamp":"2024-08-25T03:03:16.415Z"}
{"level":"info","message":"⌛ Validating clase1.wlk","timeElapsed":186,"timestamp":"2024-08-25T03:03:16.611Z"}
{"level":"info","message":"⌛ Building environment","timeElapsed":255,"timestamp":"2024-08-25T03:03:18.244Z"}
{"level":"info","message":"⌛ Validating clase1.wlk","timeElapsed":323,"timestamp":"2024-08-25T03:03:18.586Z"}
{"level":"info","message":"⌛ Building environment","timeElapsed":262,"timestamp":"2024-08-25T03:03:22.375Z"}
{"level":"info","message":"⌛ Building environment","timeElapsed":219,"timestamp":"2024-08-25T03:03:22.615Z"}
{"level":"info","message":"⌛ Validating clase1.wlk","timeElapsed":252,"timestamp":"2024-08-25T03:03:22.868Z"}
{"level":"info","message":"⌛ Building environment","timeElapsed":141,"timestamp":"2024-08-25T03:03:23.011Z"}
{"level":"info","message":"⌛ Validating clase1.wlk","timeElapsed":158,"timestamp":"2024-08-25T03:03:23.170Z"}
{"level":"info","message":"⌛ Validating clase1.wlk","timeElapsed":171,"timestamp":"2024-08-25T03:03:23.348Z"}
{"level":"info","message":"⌛ Building environment","timeElapsed":221,"timestamp":"2024-08-25T03:03:23.651Z"}
{"level":"info","message":"⌛ Validating clase1.wlk","timeElapsed":195,"timestamp":"2024-08-25T03:03:23.848Z"}
{"level":"info","message":"⌛ Building environment","timeElapsed":120,"timestamp":"2024-08-25T03:03:23.977Z"}
{"level":"info","message":"⌛ Validating clase1.wlk","timeElapsed":199,"timestamp":"2024-08-25T03:03:24.186Z"}
{"level":"info","message":"⌛ Validating clase1.wlk","timeElapsed":195,"timestamp":"2024-08-25T03:03:24.591Z"}
{"level":"info","message":"⌛ Validating clase1.wlk","timeElapsed":214,"timestamp":"2024-08-25T03:03:24.807Z"}
{"level":"info","message":"⌛ Building environment","timeElapsed":112,"timestamp":"2024-08-25T03:03:24.919Z"}
{"level":"info","message":"⌛ Building environment","timeElapsed":145,"timestamp":"2024-08-25T03:03:25.065Z"}
{"level":"info","message":"⌛ Building environment","timeElapsed":109,"timestamp":"2024-08-25T03:03:25.176Z"}
{"level":"info","message":"⌛ Validating clase1.wlk","timeElapsed":176,"timestamp":"2024-08-25T03:03:25.352Z"}
{"level":"info","message":"⌛ Building environment","timeElapsed":154,"timestamp":"2024-08-25T03:03:25.507Z"}
{"level":"info","message":"⌛ Building environment","timeElapsed":123,"timestamp":"2024-08-25T03:03:25.640Z"}
{"level":"info","message":"⌛ Validating clase1.wlk","timeElapsed":165,"timestamp":"2024-08-25T03:03:25.806Z"}
{"level":"info","message":"⌛ Validating clase1.wlk","timeElapsed":185,"timestamp":"2024-08-25T03:03:25.995Z"}
{"level":"info","message":"⌛ Building environment","timeElapsed":118,"timestamp":"2024-08-25T03:03:26.113Z"}
{"level":"info","message":"⌛ Building environment","timeElapsed":197,"timestamp":"2024-08-25T03:03:26.311Z"}
{"level":"info","message":"⌛ Building environment","timeElapsed":174,"timestamp":"2024-08-25T03:03:26.486Z"}
{"level":"info","message":"⌛ Validating clase1.wlk","timeElapsed":234,"timestamp":"2024-08-25T03:03:26.721Z"}
{"level":"info","message":"⌛ Building environment","timeElapsed":150,"timestamp":"2024-08-25T03:03:26.873Z"}
{"level":"info","message":"⌛ Validating clase1.wlk","timeElapsed":177,"timestamp":"2024-08-25T03:03:27.061Z"}
{"level":"info","message":"⌛ Building environment","timeElapsed":119,"timestamp":"2024-08-25T03:03:27.182Z"}
{"level":"info","message":"⌛ Building environment","timeElapsed":121,"timestamp":"2024-08-25T03:03:27.303Z"}
{"level":"info","message":"⌛ Building environment","timeElapsed":125,"timestamp":"2024-08-25T03:03:27.429Z"}
{"level":"info","message":"⌛ Validating clase1.wlk","timeElapsed":294,"timestamp":"2024-08-25T03:03:27.724Z"}
{"level":"info","message":"⌛ Validating clase1.wlk","timeElapsed":419,"timestamp":"2024-08-25T03:03:28.149Z"}
{"level":"info","message":"⌛ Validating clase1.wlk","timeElapsed":383,"timestamp":"2024-08-25T03:03:28.562Z"}
{"level":"info","message":"⌛ Building environment","timeElapsed":207,"timestamp":"2024-08-25T03:03:28.770Z"}
{"level":"info","message":"⌛ Building environment","timeElapsed":131,"timestamp":"2024-08-25T03:03:28.903Z"}
{"level":"info","message":"⌛ Validating clase1.wlk","timeElapsed":195,"timestamp":"2024-08-25T03:03:29.099Z"}
{"level":"info","message":"⌛ Building environment","timeElapsed":102,"timestamp":"2024-08-25T03:03:29.202Z"}
{"level":"info","message":"⌛ Validating clase1.wlk","timeElapsed":183,"timestamp":"2024-08-25T03:03:29.482Z"}
{"level":"info","message":"⌛ Building environment","timeElapsed":113,"timestamp":"2024-08-25T03:03:29.595Z"}
{"level":"info","message":"⌛ Validating clase1.wlk","timeElapsed":197,"timestamp":"2024-08-25T03:03:29.799Z"}
{"level":"info","message":"⌛ Validating clase1.wlk","timeElapsed":131,"timestamp":"2024-08-25T03:03:29.930Z"}
{"level":"info","message":"⌛ Building environment","timeElapsed":105,"timestamp":"2024-08-25T03:03:30.040Z"}
{"level":"info","message":"⌛ Building environment","timeElapsed":117,"timestamp":"2024-08-25T03:03:30.172Z"}
{"level":"info","message":"⌛ Building environment","timeElapsed":169,"timestamp":"2024-08-25T03:03:30.341Z"}
{"level":"info","message":"⌛ Validating clase1.wlk","timeElapsed":185,"timestamp":"2024-08-25T03:03:30.621Z"}
{"level":"info","message":"⌛ Building environment","timeElapsed":147,"timestamp":"2024-08-25T03:03:30.770Z"}
{"level":"info","message":"⌛ Validating clase1.wlk","timeElapsed":190,"timestamp":"2024-08-25T03:03:30.960Z"}
{"level":"info","message":"⌛ Building environment","timeElapsed":119,"timestamp":"2024-08-25T03:03:31.085Z"}
{"level":"info","message":"⌛ Validating clase1.wlk","timeElapsed":166,"timestamp":"2024-08-25T03:03:31.264Z"}
{"level":"info","message":"⌛ Validating clase1.wlk","timeElapsed":195,"timestamp":"2024-08-25T03:03:31.532Z"}
{"level":"info","message":"⌛ Building environment","timeElapsed":119,"timestamp":"2024-08-25T03:03:31.654Z"}
{"level":"info","message":"⌛ Validating clase1.wlk","timeElapsed":165,"timestamp":"2024-08-25T03:03:31.819Z"}
{"level":"info","message":"⌛ Validating clase1.wlk","timeElapsed":155,"timestamp":"2024-08-25T03:03:32.077Z"}
{"level":"info","message":"⌛ Building environment","timeElapsed":115,"timestamp":"2024-08-25T03:03:32.195Z"}
{"level":"info","message":"⌛ Validating clase1.wlk","timeElapsed":203,"timestamp":"2024-08-25T03:03:32.398Z"}
{"level":"info","message":"⌛ Building environment","timeElapsed":101,"timestamp":"2024-08-25T03:03:32.499Z"}
{"level":"info","message":"⌛ Validating clase1.wlk","timeElapsed":262,"timestamp":"2024-08-25T03:03:32.761Z"}
{"level":"info","message":"⌛ Validating clase1.wlk","timeElapsed":152,"timestamp":"2024-08-25T03:03:32.914Z"}
{"level":"info","message":"⌛ Validating clase1.wlk","timeElapsed":192,"timestamp":"2024-08-25T03:03:33.196Z"}
{"level":"info","message":"⌛ Building environment","timeElapsed":129,"timestamp":"2024-08-25T03:03:33.326Z"}
{"level":"info","message":"⌛ Building environment","timeElapsed":112,"timestamp":"2024-08-25T03:03:33.439Z"}
{"level":"info","message":"⌛ Validating clase1.wlk","timeElapsed":184,"timestamp":"2024-08-25T03:03:33.630Z"}
{"level":"info","message":"⌛ Validating clase1.wlk","timeElapsed":130,"timestamp":"2024-08-25T03:03:33.935Z"}
{"level":"info","message":"⌛ Building environment","timeElapsed":113,"timestamp":"2024-08-25T03:03:34.049Z"}
{"level":"info","message":"⌛ Building environment","timeElapsed":120,"timestamp":"2024-08-25T03:03:34.170Z"}
{"level":"info","message":"⌛ Validating clase1.wlk","timeElapsed":198,"timestamp":"2024-08-25T03:03:34.379Z"}
{"level":"info","message":"⌛ Building environment","timeElapsed":294,"timestamp":"2024-08-25T03:03:34.674Z"}
{"level":"info","message":"⌛ Building environment","timeElapsed":109,"timestamp":"2024-08-25T03:03:34.783Z"}
{"level":"info","message":"⌛ Validating clase1.wlk","timeElapsed":133,"timestamp":"2024-08-25T03:03:34.917Z"}
{"level":"info","message":"⌛ Building environment","timeElapsed":125,"timestamp":"2024-08-25T03:03:35.042Z"}
{"level":"info","message":"⌛ Validating clase1.wlk","timeElapsed":172,"timestamp":"2024-08-25T03:03:35.214Z"}
{"level":"info","message":"⌛ Validating clase1.wlk","timeElapsed":165,"timestamp":"2024-08-25T03:03:35.570Z"}
{"level":"info","message":"⌛ Building environment","timeElapsed":112,"timestamp":"2024-08-25T03:03:35.841Z"}
{"level":"info","message":"⌛ Validating clase1.wlk","timeElapsed":173,"timestamp":"2024-08-25T03:03:36.016Z"}
{"level":"info","message":"⌛ Building environment","timeElapsed":107,"timestamp":"2024-08-25T03:03:36.208Z"}
{"level":"info","message":"⌛ Validating clase1.wlk","timeElapsed":180,"timestamp":"2024-08-25T03:03:36.389Z"}
{"level":"info","message":"⌛ Validating clase1.wlk","timeElapsed":230,"timestamp":"2024-08-25T03:03:36.623Z"}
{"level":"info","message":"⌛ Building environment","timeElapsed":167,"timestamp":"2024-08-25T03:03:36.790Z"}
{"level":"info","message":"⌛ Validating clase1.wlk","timeElapsed":175,"timestamp":"2024-08-25T03:03:36.976Z"}
{"level":"info","message":"⌛ Validating clase1.wlk","timeElapsed":175,"timestamp":"2024-08-25T03:03:37.158Z"}
{"level":"info","message":"⌛ Validating clase1.wlk","timeElapsed":168,"timestamp":"2024-08-25T03:03:37.327Z"}
{"level":"info","message":"⌛ Building environment","timeElapsed":111,"timestamp":"2024-08-25T03:03:37.439Z"}
{"level":"info","message":"⌛ Validating clase1.wlk","timeElapsed":181,"timestamp":"2024-08-25T03:03:37.621Z"}
{"level":"info","message":"⌛ Validating clase1.wlk","timeElapsed":137,"timestamp":"2024-08-25T03:03:37.934Z"}
{"level":"info","message":"⌛ Validating clase1.wlk","timeElapsed":147,"timestamp":"2024-08-25T03:03:38.086Z"}
{"level":"info","message":"⌛ Building environment","timeElapsed":124,"timestamp":"2024-08-25T03:03:38.320Z"}
{"level":"info","message":"⌛ Validating clase1.wlk","timeElapsed":175,"timestamp":"2024-08-25T03:03:38.496Z"}
{"level":"info","message":"⌛ Validating clase1.wlk","timeElapsed":180,"timestamp":"2024-08-25T03:03:38.874Z"}
{"level":"info","message":"⌛ Validating clase1.wlk","timeElapsed":182,"timestamp":"2024-08-25T03:03:39.056Z"}
{"level":"info","message":"⌛ Validating clase1.wlk","timeElapsed":180,"timestamp":"2024-08-25T03:03:39.244Z"}
{"level":"info","message":"⌛ Validating clase1.wlk","timeElapsed":188,"timestamp":"2024-08-25T03:03:39.433Z"}
{"level":"info","message":"⌛ Building environment","timeElapsed":141,"timestamp":"2024-08-25T03:03:39.577Z"}
{"level":"info","message":"⌛ Validating clase1.wlk","timeElapsed":183,"timestamp":"2024-08-25T03:03:39.760Z"}
{"level":"info","message":"⌛ Building environment","timeElapsed":119,"timestamp":"2024-08-25T03:03:39.881Z"}
{"level":"info","message":"⌛ Validating clase1.wlk","timeElapsed":155,"timestamp":"2024-08-25T03:03:40.039Z"}
{"level":"info","message":"⌛ Validating clase1.wlk","timeElapsed":176,"timestamp":"2024-08-25T03:03:40.215Z"}
{"level":"info","message":"⌛ Validating clase1.wlk","timeElapsed":235,"timestamp":"2024-08-25T03:03:40.459Z"}
{"level":"info","message":"⌛ Building environment","timeElapsed":144,"timestamp":"2024-08-25T03:03:40.607Z"}
{"level":"info","message":"⌛ Building environment","timeElapsed":122,"timestamp":"2024-08-25T03:03:40.730Z"}
{"level":"info","message":"⌛ Validating clase1.wlk","timeElapsed":144,"timestamp":"2024-08-25T03:03:40.975Z"}
{"level":"info","message":"⌛ Validating clase1.wlk","timeElapsed":160,"timestamp":"2024-08-25T03:03:41.234Z"}
{"level":"info","message":"⌛ Building environment","timeElapsed":110,"timestamp":"2024-08-25T03:03:41.351Z"}
{"level":"info","message":"⌛ Validating clase1.wlk","timeElapsed":188,"timestamp":"2024-08-25T03:03:41.546Z"}
{"level":"info","message":"⌛ Building environment","timeElapsed":249,"timestamp":"2024-08-25T03:03:41.796Z"}
{"level":"info","message":"⌛ Building environment","timeElapsed":117,"timestamp":"2024-08-25T03:03:41.913Z"}
{"level":"info","message":"⌛ Validating clase1.wlk","timeElapsed":182,"timestamp":"2024-08-25T03:03:42.096Z"}
{"level":"info","message":"⌛ Building environment","timeElapsed":118,"timestamp":"2024-08-25T03:03:42.214Z"}
{"level":"info","message":"⌛ Validating clase1.wlk","timeElapsed":187,"timestamp":"2024-08-25T03:03:42.402Z"}
{"level":"info","message":"⌛ Validating clase1.wlk","timeElapsed":181,"timestamp":"2024-08-25T03:03:42.590Z"}
{"level":"info","message":"⌛ Building environment","timeElapsed":117,"timestamp":"2024-08-25T03:03:42.707Z"}
{"level":"info","message":"⌛ Validating clase1.wlk","timeElapsed":206,"timestamp":"2024-08-25T03:03:42.913Z"}
{"level":"info","message":"⌛ Validating clase1.wlk","timeElapsed":220,"timestamp":"2024-08-25T03:03:43.141Z"}
{"level":"info","message":"⌛ Validating clase1.wlk","timeElapsed":210,"timestamp":"2024-08-25T03:03:43.351Z"}
{"level":"info","message":"⌛ Building environment","timeElapsed":117,"timestamp":"2024-08-25T03:03:43.468Z"}
{"level":"info","message":"⌛ Validating clase1.wlk","timeElapsed":240,"timestamp":"2024-08-25T03:03:43.709Z"}
{"level":"info","message":"⌛ Validating clase1.wlk","timeElapsed":284,"timestamp":"2024-08-25T03:03:44.005Z"}
{"level":"info","message":"⌛ Validating clase1.wlk","timeElapsed":158,"timestamp":"2024-08-25T03:03:44.164Z"}
{"level":"info","message":"⌛ Validating clase1.wlk","timeElapsed":217,"timestamp":"2024-08-25T03:03:44.384Z"}
{"level":"info","message":"⌛ Validating clase1.wlk","timeElapsed":187,"timestamp":"2024-08-25T03:03:44.571Z"}
{"level":"info","message":"⌛ Validating clase1.wlk","timeElapsed":196,"timestamp":"2024-08-25T03:03:44.767Z"}
{"level":"info","message":"⌛ Validating clase1.wlk","timeElapsed":271,"timestamp":"2024-08-25T03:03:45.038Z"}
{"level":"info","message":"⌛ Validating clase1.wlk","timeElapsed":153,"timestamp":"2024-08-25T03:03:45.192Z"}
{"level":"info","message":"⌛ Validating clase1.wlk","timeElapsed":150,"timestamp":"2024-08-25T03:03:45.342Z"}
{"level":"info","message":"⌛ Validating clase1.wlk","timeElapsed":203,"timestamp":"2024-08-25T03:03:45.546Z"}
{"level":"info","message":"⌛ Building environment","timeElapsed":218,"timestamp":"2024-08-25T03:05:04.539Z"}
{"level":"info","message":"⌛ Validating clase1.wlk","timeElapsed":238,"timestamp":"2024-08-25T03:05:04.781Z"}
{"level":"info","message":"⌛ Building environment","timeElapsed":194,"timestamp":"2024-08-25T03:05:07.267Z"}
{"level":"info","message":"⌛ Building environment","timeElapsed":110,"timestamp":"2024-08-25T03:05:07.378Z"}
{"level":"info","message":"⌛ Validating clase1.wlk","timeElapsed":194,"timestamp":"2024-08-25T03:05:07.573Z"}
{"level":"info","message":"⌛ Validating clase1.wlk","timeElapsed":179,"timestamp":"2024-08-25T03:05:07.754Z"}
{"level":"info","message":"⌛ Building environment","timeElapsed":175,"timestamp":"2024-08-25T03:05:07.930Z"}
{"level":"info","message":"⌛ Building environment","timeElapsed":102,"timestamp":"2024-08-25T03:05:08.048Z"}
{"level":"info","message":"⌛ Validating clase1.wlk","timeElapsed":139,"timestamp":"2024-08-25T03:05:08.188Z"}
{"level":"info","message":"⌛ Validating clase1.wlk","timeElapsed":146,"timestamp":"2024-08-25T03:05:08.339Z"}
{"level":"info","message":"⌛ Building environment","timeElapsed":157,"timestamp":"2024-08-25T03:05:08.565Z"}
{"level":"info","message":"⌛ Validating clase1.wlk","timeElapsed":163,"timestamp":"2024-08-25T03:05:08.729Z"}
{"level":"info","message":"⌛ Building environment","timeElapsed":112,"timestamp":"2024-08-25T03:05:08.841Z"}
{"level":"info","message":"⌛ Validating clase1.wlk","timeElapsed":131,"timestamp":"2024-08-25T03:05:08.981Z"}
{"level":"info","message":"⌛ Building environment","timeElapsed":187,"timestamp":"2024-08-25T03:05:09.516Z"}
{"level":"info","message":"⌛ Building environment","timeElapsed":101,"timestamp":"2024-08-25T03:05:09.625Z"}
{"level":"info","message":"⌛ Validating clase1.wlk","timeElapsed":158,"timestamp":"2024-08-25T03:05:09.784Z"}
{"level":"info","message":"⌛ Validating clase1.wlk","timeElapsed":166,"timestamp":"2024-08-25T03:05:09.951Z"}
{"level":"info","message":"⌛ Building environment","timeElapsed":128,"timestamp":"2024-08-25T03:05:10.080Z"}
{"level":"info","message":"⌛ Building environment","timeElapsed":146,"timestamp":"2024-08-25T03:05:10.227Z"}
{"level":"info","message":"⌛ Building environment","timeElapsed":109,"timestamp":"2024-08-25T03:05:10.336Z"}
{"level":"info","message":"⌛ Validating clase1.wlk","timeElapsed":121,"timestamp":"2024-08-25T03:05:10.458Z"}
{"level":"info","message":"⌛ Building environment","timeElapsed":123,"timestamp":"2024-08-25T03:05:10.582Z"}
{"level":"info","message":"⌛ Validating clase1.wlk","timeElapsed":164,"timestamp":"2024-08-25T03:05:10.747Z"}
{"level":"info","message":"⌛ Building environment","timeElapsed":114,"timestamp":"2024-08-25T03:05:10.863Z"}
{"level":"info","message":"⌛ Validating clase1.wlk","timeElapsed":184,"timestamp":"2024-08-25T03:05:11.055Z"}
{"level":"info","message":"⌛ Building environment","timeElapsed":125,"timestamp":"2024-08-25T03:05:11.180Z"}
{"level":"info","message":"⌛ Validating clase1.wlk","timeElapsed":152,"timestamp":"2024-08-25T03:05:11.435Z"}
{"level":"info","message":"⌛ Building environment","timeElapsed":114,"timestamp":"2024-08-25T03:05:11.551Z"}
{"level":"info","message":"⌛ Validating clase1.wlk","timeElapsed":141,"timestamp":"2024-08-25T03:05:11.789Z"}
{"level":"info","message":"⌛ Validating clase1.wlk","timeElapsed":154,"timestamp":"2024-08-25T03:05:12.123Z"}
{"level":"info","message":"⌛ Building environment","timeElapsed":120,"timestamp":"2024-08-25T03:05:12.244Z"}
{"level":"info","message":"⌛ Validating clase1.wlk","timeElapsed":128,"timestamp":"2024-08-25T03:05:12.381Z"}
{"level":"info","message":"⌛ Validating clase1.wlk","timeElapsed":119,"timestamp":"2024-08-25T03:05:12.635Z"}
{"level":"info","message":"⌛ Building environment","timeElapsed":119,"timestamp":"2024-08-25T03:05:12.755Z"}
{"level":"info","message":"⌛ Validating clase1.wlk","timeElapsed":194,"timestamp":"2024-08-25T03:05:12.949Z"}
{"level":"info","message":"⌛ Building environment","timeElapsed":157,"timestamp":"2024-08-25T03:05:13.106Z"}
{"level":"info","message":"⌛ Validating clase1.wlk","timeElapsed":108,"timestamp":"2024-08-25T03:05:13.302Z"}
{"level":"info","message":"⌛ Validating clase1.wlk","timeElapsed":105,"timestamp":"2024-08-25T03:05:13.407Z"}
{"level":"info","message":"⌛ Building environment","timeElapsed":126,"timestamp":"2024-08-25T03:05:13.539Z"}
{"level":"info","message":"⌛ Validating clase1.wlk","timeElapsed":165,"timestamp":"2024-08-25T03:05:13.704Z"}
{"level":"info","message":"⌛ Validating clase1.wlk","timeElapsed":119,"timestamp":"2024-08-25T03:05:13.827Z"}
{"level":"info","message":"⌛ Validating clase1.wlk","timeElapsed":164,"timestamp":"2024-08-25T03:05:13.992Z"}
{"level":"info","message":"⌛ Validating clase1.wlk","timeElapsed":111,"timestamp":"2024-08-25T03:05:14.104Z"}
{"level":"info","message":"⌛ Building environment","timeElapsed":139,"timestamp":"2024-08-25T03:05:14.244Z"}
{"level":"info","message":"⌛ Validating clase1.wlk","timeElapsed":164,"timestamp":"2024-08-25T03:05:14.409Z"}
{"level":"info","message":"⌛ Validating clase1.wlk","timeElapsed":133,"timestamp":"2024-08-25T03:05:14.620Z"}
{"level":"info","message":"⌛ Validating clase1.wlk","timeElapsed":158,"timestamp":"2024-08-25T03:05:14.864Z"}
{"level":"info","message":"⌛ Building environment","timeElapsed":101,"timestamp":"2024-08-25T03:05:14.966Z"}
{"level":"info","message":"⌛ Building environment","timeElapsed":110,"timestamp":"2024-08-25T03:05:15.076Z"}
{"level":"info","message":"⌛ Building environment","timeElapsed":126,"timestamp":"2024-08-25T03:05:15.203Z"}
{"level":"info","message":"⌛ Building environment","timeElapsed":118,"timestamp":"2024-08-25T03:05:15.323Z"}
{"level":"info","message":"⌛ Validating clase1.wlk","timeElapsed":204,"timestamp":"2024-08-25T03:05:15.528Z"}
{"level":"info","message":"⌛ Building environment","timeElapsed":168,"timestamp":"2024-08-25T03:05:15.700Z"}
{"level":"info","message":"⌛ Validating clase1.wlk","timeElapsed":152,"timestamp":"2024-08-25T03:05:15.852Z"}
{"level":"info","message":"⌛ Building environment","timeElapsed":112,"timestamp":"2024-08-25T03:05:15.964Z"}
{"level":"info","message":"⌛ Building environment","timeElapsed":116,"timestamp":"2024-08-25T03:05:16.081Z"}
{"level":"info","message":"⌛ Validating clase1.wlk","timeElapsed":194,"timestamp":"2024-08-25T03:05:16.275Z"}
{"level":"info","message":"⌛ Validating clase1.wlk","timeElapsed":186,"timestamp":"2024-08-25T03:05:16.469Z"}
{"level":"info","message":"⌛ Validating clase1.wlk","timeElapsed":197,"timestamp":"2024-08-25T03:05:16.667Z"}
{"level":"info","message":"⌛ Building environment","timeElapsed":111,"timestamp":"2024-08-25T03:05:16.779Z"}
{"level":"info","message":"⌛ Validating clase1.wlk","timeElapsed":153,"timestamp":"2024-08-25T03:05:16.933Z"}
{"level":"info","message":"⌛ Validating clase1.wlk","timeElapsed":160,"timestamp":"2024-08-25T03:05:17.173Z"}
{"level":"info","message":"⌛ Building environment","timeElapsed":154,"timestamp":"2024-08-25T03:05:17.337Z"}
{"level":"info","message":"⌛ Validating clase1.wlk","timeElapsed":246,"timestamp":"2024-08-25T03:05:17.583Z"}
{"level":"info","message":"⌛ Building environment","timeElapsed":124,"timestamp":"2024-08-25T03:05:17.708Z"}
{"level":"info","message":"⌛ Validating clase1.wlk","timeElapsed":181,"timestamp":"2024-08-25T03:05:17.896Z"}
{"level":"info","message":"⌛ Validating clase1.wlk","timeElapsed":203,"timestamp":"2024-08-25T03:05:18.099Z"}
{"level":"info","message":"⌛ Building environment","timeElapsed":101,"timestamp":"2024-08-25T03:05:18.202Z"}
{"level":"info","message":"⌛ Validating clase1.wlk","timeElapsed":180,"timestamp":"2024-08-25T03:05:18.702Z"}
{"level":"info","message":"⌛ Building environment","timeElapsed":116,"timestamp":"2024-08-25T03:05:18.821Z"}
{"level":"info","message":"⌛ Building environment","timeElapsed":107,"timestamp":"2024-08-25T03:05:18.929Z"}
{"level":"info","message":"⌛ Validating clase1.wlk","timeElapsed":142,"timestamp":"2024-08-25T03:05:19.072Z"}
{"level":"info","message":"⌛ Building environment","timeElapsed":129,"timestamp":"2024-08-25T03:05:19.208Z"}
{"level":"info","message":"⌛ Validating clase1.wlk","timeElapsed":152,"timestamp":"2024-08-25T03:05:19.366Z"}
{"level":"info","message":"⌛ Building environment","timeElapsed":109,"timestamp":"2024-08-25T03:05:19.477Z"}
{"level":"info","message":"⌛ Building environment","timeElapsed":260,"timestamp":"2024-08-25T03:05:19.738Z"}
{"level":"info","message":"⌛ Building environment","timeElapsed":116,"timestamp":"2024-08-25T03:05:19.865Z"}
{"level":"info","message":"⌛ Validating clase1.wlk","timeElapsed":233,"timestamp":"2024-08-25T03:05:20.100Z"}
{"level":"info","message":"⌛ Building environment","timeElapsed":106,"timestamp":"2024-08-25T03:05:20.401Z"}
{"level":"info","message":"⌛ Validating clase1.wlk","timeElapsed":164,"timestamp":"2024-08-25T03:05:20.566Z"}
{"level":"info","message":"⌛ Validating clase1.wlk","timeElapsed":161,"timestamp":"2024-08-25T03:05:20.728Z"}
{"level":"info","message":"⌛ Validating clase1.wlk","timeElapsed":119,"timestamp":"2024-08-25T03:05:20.948Z"}
{"level":"info","message":"⌛ Validating clase1.wlk","timeElapsed":107,"timestamp":"2024-08-25T03:05:21.055Z"}
{"level":"info","message":"⌛ Building environment","timeElapsed":115,"timestamp":"2024-08-25T03:05:21.171Z"}
{"level":"info","message":"⌛ Validating clase1.wlk","timeElapsed":191,"timestamp":"2024-08-25T03:05:21.372Z"}
{"level":"info","message":"⌛ Validating clase1.wlk","timeElapsed":182,"timestamp":"2024-08-25T03:05:21.717Z"}
{"level":"info","message":"⌛ Validating clase1.wlk","timeElapsed":120,"timestamp":"2024-08-25T03:05:21.837Z"}
{"level":"info","message":"⌛ Building environment","timeElapsed":199,"timestamp":"2024-08-25T03:05:22.036Z"}
{"level":"info","message":"⌛ Building environment","timeElapsed":110,"timestamp":"2024-08-25T03:05:22.147Z"}
{"level":"info","message":"⌛ Validating clase1.wlk","timeElapsed":201,"timestamp":"2024-08-25T03:05:22.349Z"}
{"level":"info","message":"⌛ Building environment","timeElapsed":107,"timestamp":"2024-08-25T03:05:22.459Z"}
{"level":"info","message":"⌛ Validating clase1.wlk","timeElapsed":184,"timestamp":"2024-08-25T03:05:22.643Z"}
{"level":"info","message":"⌛ Validating clase1.wlk","timeElapsed":147,"timestamp":"2024-08-25T03:05:22.881Z"}
{"level":"info","message":"⌛ Validating clase1.wlk","timeElapsed":162,"timestamp":"2024-08-25T03:05:23.044Z"}
{"level":"info","message":"⌛ Validating clase1.wlk","timeElapsed":114,"timestamp":"2024-08-25T03:05:23.163Z"}
{"level":"info","message":"⌛ Validating clase1.wlk","timeElapsed":111,"timestamp":"2024-08-25T03:05:23.274Z"}
{"level":"info","message":"⌛ Building environment","timeElapsed":151,"timestamp":"2024-08-25T03:05:23.425Z"}
{"level":"info","message":"⌛ Validating clase1.wlk","timeElapsed":130,"timestamp":"2024-08-25T03:05:23.565Z"}
{"level":"info","message":"⌛ Building environment","timeElapsed":104,"timestamp":"2024-08-25T03:05:23.775Z"}
{"level":"info","message":"⌛ Validating clase1.wlk","timeElapsed":228,"timestamp":"2024-08-25T03:05:24.003Z"}
{"level":"info","message":"⌛ Building environment","timeElapsed":177,"timestamp":"2024-08-25T03:05:24.184Z"}
{"level":"info","message":"⌛ Validating clase1.wlk","timeElapsed":187,"timestamp":"2024-08-25T03:05:24.371Z"}
{"level":"info","message":"⌛ Validating clase1.wlk","timeElapsed":115,"timestamp":"2024-08-25T03:05:24.567Z"}
{"level":"info","message":"⌛ Building environment","timeElapsed":112,"timestamp":"2024-08-25T03:05:24.679Z"}
{"level":"info","message":"⌛ Validating clase1.wlk","timeElapsed":150,"timestamp":"2024-08-25T03:05:24.830Z"}
{"level":"info","message":"⌛ Building environment","timeElapsed":110,"timestamp":"2024-08-25T03:05:25.101Z"}
{"level":"info","message":"⌛ Validating clase1.wlk","timeElapsed":169,"timestamp":"2024-08-25T03:05:25.270Z"}
{"level":"info","message":"⌛ Validating clase1.wlk","timeElapsed":116,"timestamp":"2024-08-25T03:05:25.387Z"}
{"level":"info","message":"⌛ Building environment","timeElapsed":241,"timestamp":"2024-08-25T03:05:25.728Z"}
{"level":"info","message":"⌛ Validating clase1.wlk","timeElapsed":130,"timestamp":"2024-08-25T03:05:25.858Z"}
{"level":"info","message":"⌛ Validating clase1.wlk","timeElapsed":129,"timestamp":"2024-08-25T03:05:26.094Z"}
{"level":"info","message":"⌛ Building environment","timeElapsed":105,"timestamp":"2024-08-25T03:05:26.200Z"}
{"level":"info","message":"⌛ Building environment","timeElapsed":122,"timestamp":"2024-08-25T03:05:26.330Z"}
{"level":"info","message":"⌛ Validating clase1.wlk","timeElapsed":159,"timestamp":"2024-08-25T03:05:26.490Z"}
{"level":"info","message":"⌛ Validating clase1.wlk","timeElapsed":172,"timestamp":"2024-08-25T03:05:26.670Z"}
{"level":"info","message":"⌛ Validating clase1.wlk","timeElapsed":144,"timestamp":"2024-08-25T03:05:26.814Z"}
{"level":"info","message":"⌛ Validating clase1.wlk","timeElapsed":143,"timestamp":"2024-08-25T03:05:27.040Z"}
{"level":"info","message":"⌛ Validating clase1.wlk","timeElapsed":147,"timestamp":"2024-08-25T03:05:27.279Z"}
{"level":"info","message":"⌛ Validating clase1.wlk","timeElapsed":160,"timestamp":"2024-08-25T03:05:27.441Z"}
{"level":"info","message":"⌛ Validating clase1.wlk","timeElapsed":116,"timestamp":"2024-08-25T03:05:27.560Z"}
{"level":"info","message":"⌛ Validating clase1.wlk","timeElapsed":127,"timestamp":"2024-08-25T03:05:27.687Z"}
{"level":"info","message":"⌛ Validating clase1.wlk","timeElapsed":142,"timestamp":"2024-08-25T03:05:27.829Z"}
{"level":"info","message":"⌛ Validating clase1.wlk","timeElapsed":166,"timestamp":"2024-08-25T03:05:28.227Z"}
{"level":"info","message":"⌛ Validating clase1.wlk","timeElapsed":202,"timestamp":"2024-08-25T03:05:28.431Z"}
{"level":"info","message":"⌛ Validating clase1.wlk","timeElapsed":190,"timestamp":"2024-08-25T03:05:28.724Z"}
{"level":"info","message":"⌛ Validating clase1.wlk","timeElapsed":333,"timestamp":"2024-08-25T03:05:29.057Z"}
{"level":"info","message":"⌛ Building environment","timeElapsed":123,"timestamp":"2024-08-25T03:05:29.181Z"}
{"level":"info","message":"⌛ Validating clase1.wlk","timeElapsed":169,"timestamp":"2024-08-25T03:05:29.369Z"}
{"level":"info","message":"⌛ Building environment","timeElapsed":135,"timestamp":"2024-08-25T03:05:29.504Z"}
{"level":"info","message":"⌛ Validating clase1.wlk","timeElapsed":144,"timestamp":"2024-08-25T03:05:29.751Z"}
{"level":"info","message":"⌛ Validating clase1.wlk","timeElapsed":143,"timestamp":"2024-08-25T03:05:29.901Z"}
{"level":"info","message":"⌛ Building environment","timeElapsed":102,"timestamp":"2024-08-25T03:05:30.079Z"}
{"level":"info","message":"⌛ Building environment","timeElapsed":112,"timestamp":"2024-08-25T03:05:30.192Z"}
{"level":"info","message":"⌛ Validating clase1.wlk","timeElapsed":151,"timestamp":"2024-08-25T03:05:30.343Z"}
{"level":"info","message":"⌛ Validating clase1.wlk","timeElapsed":143,"timestamp":"2024-08-25T03:05:30.562Z"}
{"level":"info","message":"⌛ Validating clase1.wlk","timeElapsed":101,"timestamp":"2024-08-25T03:05:30.767Z"}
{"level":"info","message":"⌛ Validating clase1.wlk","timeElapsed":161,"timestamp":"2024-08-25T03:05:31.030Z"}
{"level":"info","message":"⌛ Validating clase1.wlk","timeElapsed":106,"timestamp":"2024-08-25T03:05:31.136Z"}
{"level":"info","message":"⌛ Validating clase1.wlk","timeElapsed":108,"timestamp":"2024-08-25T03:05:31.244Z"}
{"level":"info","message":"⌛ Validating clase1.wlk","timeElapsed":131,"timestamp":"2024-08-25T03:05:31.375Z"}
{"level":"info","message":"⌛ Validating clase1.wlk","timeElapsed":119,"timestamp":"2024-08-25T03:05:31.494Z"}
{"level":"info","message":"⌛ Validating clase1.wlk","timeElapsed":150,"timestamp":"2024-08-25T03:05:31.645Z"}
{"level":"info","message":"⌛ Building environment","timeElapsed":314,"timestamp":"2024-08-25T13:25:13.337Z"}
{"level":"info","message":"onRequest - WORKSPACE_URI:file:///c%3A/Users/Lucas/Desktop/PdP/Objetos.Wollok","timestamp":"2024-08-25T13:25:13.352Z"}
{"level":"info","message":"⌛ Building environment","timeElapsed":246,"timestamp":"2024-08-25T13:25:13.602Z"}
{"level":"info","message":"⌛ Validating clase1.wlk","timeElapsed":255,"timestamp":"2024-08-25T13:25:13.861Z"}
{"level":"info","message":"⌛ Building environment","timeElapsed":218,"timestamp":"2024-08-25T13:25:14.081Z"}
{"level":"info","message":"⌛ Validating clase1.wlk","timeElapsed":293,"timestamp":"2024-08-25T13:25:14.404Z"}
{"level":"info","message":"⌛ Building environment","timeElapsed":200,"timestamp":"2024-08-25T13:25:31.642Z"}
{"level":"info","message":"⌛ Building environment","timeElapsed":138,"timestamp":"2024-08-25T13:25:31.781Z"}
{"level":"info","message":"⌛ Validating clase1.wlk","timeElapsed":204,"timestamp":"2024-08-25T13:25:31.986Z"}
{"level":"info","message":"⌛ Building environment","timeElapsed":157,"timestamp":"2024-08-25T13:25:32.144Z"}
{"level":"info","message":"⌛ Validating clase1.wlk","timeElapsed":151,"timestamp":"2024-08-25T13:25:32.319Z"}
{"level":"info","message":"⌛ Validating clase1.wlk","timeElapsed":121,"timestamp":"2024-08-25T13:25:32.445Z"}
{"level":"info","message":"⌛ Building environment","timeElapsed":302,"timestamp":"2024-08-25T13:25:34.106Z"}
{"level":"info","message":"⌛ Building environment","timeElapsed":292,"timestamp":"2024-08-25T13:25:34.401Z"}
{"level":"info","message":"⌛ Validating clase1.wlk","timeElapsed":136,"timestamp":"2024-08-25T13:25:34.538Z"}
{"level":"info","message":"⌛ Validating clase1.wlk","timeElapsed":133,"timestamp":"2024-08-25T13:25:34.677Z"}
{"level":"info","message":"⌛ Building environment","timeElapsed":254,"timestamp":"2024-08-25T13:25:38.446Z"}
{"level":"info","message":"⌛ Validating clase1.wlk","timeElapsed":256,"timestamp":"2024-08-25T13:25:38.724Z"}
{"level":"info","message":"⌛ Building environment","timeElapsed":266,"timestamp":"2024-08-25T13:25:39.117Z"}
{"level":"info","message":"⌛ Validating clase1.wlk","timeElapsed":321,"timestamp":"2024-08-25T13:25:39.474Z"}
{"level":"info","message":"⌛ Building environment","timeElapsed":132,"timestamp":"2024-08-25T13:25:39.607Z"}
{"level":"info","message":"⌛ Validating clase1.wlk","timeElapsed":194,"timestamp":"2024-08-25T13:25:39.817Z"}
{"level":"info","message":"⌛ Building environment","timeElapsed":116,"timestamp":"2024-08-25T13:25:39.934Z"}
{"level":"info","message":"⌛ Building environment","timeElapsed":134,"timestamp":"2024-08-25T13:25:40.069Z"}
{"level":"info","message":"⌛ Building environment","timeElapsed":104,"timestamp":"2024-08-25T13:25:40.181Z"}
{"level":"info","message":"⌛ Validating clase1.wlk","timeElapsed":175,"timestamp":"2024-08-25T13:25:40.357Z"}
{"level":"info","message":"⌛ Validating clase1.wlk","timeElapsed":146,"timestamp":"2024-08-25T13:25:40.585Z"}
{"level":"info","message":"⌛ Validating clase1.wlk","timeElapsed":179,"timestamp":"2024-08-25T13:25:40.767Z"}
{"level":"info","message":"⌛ Validating clase1.wlk","timeElapsed":166,"timestamp":"2024-08-25T13:25:40.939Z"}
{"level":"info","message":"⌛ Building environment","timeElapsed":117,"timestamp":"2024-08-25T13:25:41.058Z"}
{"level":"info","message":"⌛ Building environment","timeElapsed":123,"timestamp":"2024-08-25T13:25:41.189Z"}
{"level":"info","message":"⌛ Building environment","timeElapsed":122,"timestamp":"2024-08-25T13:25:41.312Z"}
{"level":"info","message":"⌛ Validating clase1.wlk","timeElapsed":171,"timestamp":"2024-08-25T13:25:41.484Z"}
{"level":"info","message":"⌛ Building environment","timeElapsed":105,"timestamp":"2024-08-25T13:25:41.590Z"}
{"level":"info","message":"⌛ Validating clase1.wlk","timeElapsed":195,"timestamp":"2024-08-25T13:25:41.785Z"}
{"level":"info","message":"⌛ Validating clase1.wlk","timeElapsed":142,"timestamp":"2024-08-25T13:25:41.927Z"}
{"level":"info","message":"⌛ Validating clase1.wlk","timeElapsed":161,"timestamp":"2024-08-25T13:25:42.268Z"}
{"level":"info","message":"⌛ Building environment","timeElapsed":110,"timestamp":"2024-08-25T13:25:42.379Z"}
{"level":"info","message":"⌛ Validating clase1.wlk","timeElapsed":166,"timestamp":"2024-08-25T13:25:42.563Z"}
{"level":"info","message":"⌛ Validating clase1.wlk","timeElapsed":142,"timestamp":"2024-08-25T13:25:42.706Z"}
{"level":"info","message":"⌛ Building environment","timeElapsed":106,"timestamp":"2024-08-25T13:25:42.812Z"}
{"level":"info","message":"⌛ Validating clase1.wlk","timeElapsed":162,"timestamp":"2024-08-25T13:25:42.975Z"}
{"level":"info","message":"⌛ Building environment","timeElapsed":105,"timestamp":"2024-08-25T13:25:43.243Z"}
{"level":"info","message":"⌛ Validating clase1.wlk","timeElapsed":140,"timestamp":"2024-08-25T13:25:43.384Z"}
{"level":"info","message":"⌛ Validating clase1.wlk","timeElapsed":180,"timestamp":"2024-08-25T13:25:43.570Z"}
{"level":"info","message":"⌛ Validating clase1.wlk","timeElapsed":145,"timestamp":"2024-08-25T13:25:43.716Z"}
{"level":"info","message":"⌛ Validating clase1.wlk","timeElapsed":227,"timestamp":"2024-08-25T13:25:43.945Z"}
{"errors":{"errors":[null,["/*\r","wollok:clase1> pepita.energia()\r","✓ 100\r","wollok:clase1> emilia.entrena(pepita)\r","✓\r","wollok:clase1> pepita.energia()\r","✓ 180\r","ERROR COMUN de tipos\r","wollok:clase1> emilia.entrena(10)\r","✗ Evaluation Error!\r","wollok.lang.MessageNotUnderstoodException: 10 does not understand come(arg 0)\r","at clase1.emilia.entrena(ave) [clase1.wlk:22]\r","OTRO ERROR... a los objetos solo se le pueden pasar mensajes\r","wollok:clase1> pepita.energia(10)\r","✗ Evaluation Error!\r","wollok.lang.MessageNotUnderstoodException: pepita does not understand energia(arg 0)\r"]]},"level":"error","message":"✘ Failed to get type description: Error: {\n  \"errors\": [\n    null,\n    [\n      \"/*\\r\",\n      \"wollok:clase1> pepita.energia()\\r\",\n      \"✓ 100\\r\",\n      \"wollok:clase1> emilia.entrena(pepita)\\r\",\n      \"✓\\r\",\n      \"wollok:clase1> pepita.energia()\\r\",\n      \"✓ 180\\r\",\n      \"ERROR COMUN de tipos\\r\",\n      \"wollok:clase1> emilia.entrena(10)\\r\",\n      \"✗ Evaluation Error!\\r\",\n      \"wollok.lang.MessageNotUnderstoodException: 10 does not understand come(arg 0)\\r\",\n      \"at clase1.emilia.entrena(ave) [clase1.wlk:22]\\r\",\n      \"OTRO ERROR... a los objetos solo se le pueden pasar mensajes\\r\",\n      \"wollok:clase1> pepita.energia(10)\\r\",\n      \"✗ Evaluation Error!\\r\",\n      \"wollok.lang.MessageNotUnderstoodException: pepita does not understand energia(arg 0)\\r\"\n    ]\n  ]\n} {\n  \"errors\": [\n    null,\n    [\n      \"/*\\r\",\n      \"wollok:clase1> pepita.energia()\\r\",\n      \"✓ 100\\r\",\n      \"wollok:clase1> emilia.entrena(pepita)\\r\",\n      \"✓\\r\",\n      \"wollok:clase1> pepita.energia()\\r\",\n      \"✓ 180\\r\",\n      \"ERROR COMUN de tipos\\r\",\n      \"wollok:clase1> emilia.entrena(10)\\r\",\n      \"✗ Evaluation Error!\\r\",\n      \"wollok.lang.MessageNotUnderstoodException: 10 does not understand come(arg 0)\\r\",\n      \"at clase1.emilia.entrena(ave) [clase1.wlk:22]\\r\",\n      \"OTRO ERROR... a los objetos solo se le pueden pasar mensajes\\r\",\n      \"wollok:clase1> pepita.energia(10)\\r\",\n      \"✗ Evaluation Error!\\r\",\n      \"wollok.lang.MessageNotUnderstoodException: pepita does not understand energia(arg 0)\\r\"\n    ]\n  ]\n}","stack":"Error: {\n  \"errors\": [\n    null,\n    [\n      \"/*\\r\",\n      \"wollok:clase1> pepita.energia()\\r\",\n      \"✓ 100\\r\",\n      \"wollok:clase1> emilia.entrena(pepita)\\r\",\n      \"✓\\r\",\n      \"wollok:clase1> pepita.energia()\\r\",\n      \"✓ 180\\r\",\n      \"ERROR COMUN de tipos\\r\",\n      \"wollok:clase1> emilia.entrena(10)\\r\",\n      \"✗ Evaluation Error!\\r\",\n      \"wollok.lang.MessageNotUnderstoodException: 10 does not understand come(arg 0)\\r\",\n      \"at clase1.emilia.entrena(ave) [clase1.wlk:22]\\r\",\n      \"OTRO ERROR... a los objetos solo se le pueden pasar mensajes\\r\",\n      \"wollok:clase1> pepita.energia(10)\\r\",\n      \"✗ Evaluation Error!\\r\",\n      \"wollok.lang.MessageNotUnderstoodException: pepita does not understand energia(arg 0)\\r\"\n    ]\n  ]\n}\n    at toError (c:\\Users\\Lucas\\.vscode\\extensions\\uqbar.wollok-lsp-ide-0.3.3\\node_modules\\partial.lenses.validation\\dist\\partial.lenses.validation.cjs.js:102:15)\n    at raise (c:\\Users\\Lucas\\.vscode\\extensions\\uqbar.wollok-lsp-ide-0.3.3\\node_modules\\partial.lenses.validation\\dist\\partial.lenses.validation.cjs.js:108:9)\n    at c:\\Users\\Lucas\\.vscode\\extensions\\uqbar.wollok-lsp-ide-0.3.3\\node_modules\\partial.lenses.validation\\dist\\partial.lenses.validation.cjs.js:387:35\n    at Monad.apply (c:\\Users\\Lucas\\.vscode\\extensions\\uqbar.wollok-lsp-ide-0.3.3\\node_modules\\infestines\\dist\\infestines.cjs.js:242:10)\n    at intersperse (c:\\Users\\Lucas\\.vscode\\extensions\\uqbar.wollok-lsp-ide-0.3.3\\node_modules\\partial.lenses.validation\\dist\\partial.lenses.validation.cjs.js:386:16)\n    at intersperse (c:\\Users\\Lucas\\.vscode\\extensions\\uqbar.wollok-lsp-ide-0.3.3\\node_modules\\infestines\\dist\\infestines.cjs.js:73:14)\n    at splitMetadata (c:\\Users\\Lucas\\.vscode\\extensions\\uqbar.wollok-lsp-ide-0.3.3\\node_modules\\wollok-ts\\dist\\printer\\print.js:355:163)\n    at c:\\Users\\Lucas\\.vscode\\extensions\\uqbar.wollok-lsp-ide-0.3.3\\node_modules\\wollok-ts\\dist\\printer\\print.js:28:22\n    at Array.map (<anonymous>)\n    at c:\\Users\\Lucas\\.vscode\\extensions\\uqbar.wollok-lsp-ide-0.3.3\\node_modules\\wollok-ts\\dist\\printer\\print.js:33:286","timestamp":"2024-08-25T13:25:44.476Z"}
{"level":"info","message":"onRequest - completionItem/resolve","timestamp":"2024-08-25T13:25:47.827Z"}
{"level":"info","message":"⌛ Building environment","timeElapsed":137,"timestamp":"2024-08-25T13:25:54.241Z"}
{"level":"info","message":"⌛ Validating clase1.wlk","timeElapsed":198,"timestamp":"2024-08-25T13:25:54.441Z"}
{"level":"info","message":"⌛ Building environment","timeElapsed":108,"timestamp":"2024-08-25T13:25:54.653Z"}
{"level":"info","message":"⌛ Validating clase1.wlk","timeElapsed":198,"timestamp":"2024-08-25T13:25:54.859Z"}
{"level":"info","message":"⌛ Validating clase1.wlk","timeElapsed":141,"timestamp":"2024-08-25T13:25:55.000Z"}
{"level":"info","message":"⌛ Building environment","timeElapsed":276,"timestamp":"2024-08-25T13:25:59.891Z"}
{"level":"info","message":"⌛ Building environment","timeElapsed":177,"timestamp":"2024-08-25T13:26:00.129Z"}
{"level":"info","message":"⌛ Validating clase1.wlk","timeElapsed":417,"timestamp":"2024-08-25T13:26:00.547Z"}
{"level":"info","message":"⌛ Building environment","timeElapsed":151,"timestamp":"2024-08-25T13:26:00.700Z"}
{"level":"info","message":"onRequest - completionItem/resolve","timestamp":"2024-08-25T13:26:00.701Z"}
{"level":"info","message":"⌛ Building environment","timeElapsed":113,"timestamp":"2024-08-25T13:26:00.815Z"}
{"level":"info","message":"⌛ Validating clase1.wlk","timeElapsed":220,"timestamp":"2024-08-25T13:26:01.073Z"}
{"level":"info","message":"⌛ Building environment","timeElapsed":154,"timestamp":"2024-08-25T13:26:01.229Z"}
{"level":"info","message":"⌛ Building environment","timeElapsed":299,"timestamp":"2024-08-25T13:26:01.561Z"}
{"level":"info","message":"⌛ Validating clase1.wlk","timeElapsed":203,"timestamp":"2024-08-25T13:26:01.774Z"}
{"level":"info","message":"⌛ Validating clase1.wlk","timeElapsed":372,"timestamp":"2024-08-25T13:26:02.155Z"}
{"level":"info","message":"⌛ Validating clase1.wlk","timeElapsed":381,"timestamp":"2024-08-25T13:26:02.537Z"}
{"level":"info","message":"⌛ Validating clase1.wlk","timeElapsed":128,"timestamp":"2024-08-25T13:26:02.665Z"}
{"level":"info","message":"⌛ Building environment","timeElapsed":264,"timestamp":"2024-08-25T13:26:09.090Z"}
{"level":"info","message":"⌛ Validating clase1.wlk","timeElapsed":153,"timestamp":"2024-08-25T13:26:09.314Z"}
{"level":"info","message":"⌛ Building environment","timeElapsed":166,"timestamp":"2024-08-25T13:26:25.014Z"}
{"level":"info","message":"⌛ Validating clase1.wlk","timeElapsed":190,"timestamp":"2024-08-25T13:26:25.206Z"}
{"level":"info","message":"⌛ Building environment","timeElapsed":306,"timestamp":"2024-08-25T13:26:32.781Z"}
{"level":"info","message":"⌛ Validating clase1.wlk","timeElapsed":368,"timestamp":"2024-08-25T13:26:33.167Z"}
{"level":"info","message":"⌛ Building environment","timeElapsed":160,"timestamp":"2024-08-25T13:26:55.870Z"}
{"level":"info","message":"⌛ Validating clase1.wlk","timeElapsed":246,"timestamp":"2024-08-25T13:26:56.118Z"}
{"level":"info","message":"⌛ Building environment","timeElapsed":216,"timestamp":"2024-08-25T13:26:58.180Z"}
{"level":"info","message":"⌛ Validating clase1.wlk","timeElapsed":205,"timestamp":"2024-08-25T13:26:58.394Z"}
{"level":"info","message":"⌛ Validating clase1.wlk","timeElapsed":145,"timestamp":"2024-08-25T13:27:24.435Z"}
{"level":"info","message":"⌛ Building environment","timeElapsed":269,"timestamp":"2024-08-25T13:27:51.500Z"}
{"level":"info","message":"⌛ Validating clase1.wlk","timeElapsed":164,"timestamp":"2024-08-25T13:27:51.768Z"}
{"level":"info","message":"⌛ Validating clase1.wlk","timeElapsed":157,"timestamp":"2024-08-25T13:27:51.930Z"}
{"level":"info","message":"⌛ Building environment","timeElapsed":130,"timestamp":"2024-08-25T13:27:52.069Z"}
{"level":"info","message":"⌛ Validating clase1.wlk","timeElapsed":205,"timestamp":"2024-08-25T13:27:52.402Z"}
{"level":"info","message":"⌛ Validating clase1.wlk","timeElapsed":161,"timestamp":"2024-08-25T13:27:52.564Z"}
{"level":"info","message":"⌛ Validating clase1.wlk","timeElapsed":136,"timestamp":"2024-08-25T13:27:52.832Z"}
{"level":"info","message":"⌛ Building environment","timeElapsed":123,"timestamp":"2024-08-25T13:28:00.679Z"}
{"level":"info","message":"⌛ Validating clase1.wlk","timeElapsed":120,"timestamp":"2024-08-25T13:28:00.805Z"}
{"level":"info","message":"⌛ Building environment","timeElapsed":150,"timestamp":"2024-08-25T13:28:02.349Z"}
{"level":"info","message":"⌛ Validating clase1.wlk","timeElapsed":207,"timestamp":"2024-08-25T13:28:02.559Z"}
{"level":"info","message":"⌛ Building environment","timeElapsed":139,"timestamp":"2024-08-25T13:28:31.867Z"}
{"level":"info","message":"⌛ Validating clase1.wlk","timeElapsed":213,"timestamp":"2024-08-25T13:28:32.082Z"}
{"level":"info","message":"⌛ Building environment","timeElapsed":129,"timestamp":"2024-08-25T13:28:32.213Z"}
{"level":"info","message":"⌛ Building environment","timeElapsed":118,"timestamp":"2024-08-25T13:28:32.370Z"}
{"level":"info","message":"⌛ Validating clase1.wlk","timeElapsed":199,"timestamp":"2024-08-25T13:28:32.579Z"}
{"level":"info","message":"onRequest - completionItem/resolve","timestamp":"2024-08-25T13:28:32.581Z"}
{"level":"info","message":"⌛ Building environment","timeElapsed":105,"timestamp":"2024-08-25T13:28:32.687Z"}
{"level":"info","message":"onRequest - completionItem/resolve","timestamp":"2024-08-25T13:28:32.687Z"}
{"level":"info","message":"⌛ Validating clase1.wlk","timeElapsed":164,"timestamp":"2024-08-25T13:28:32.852Z"}
{"level":"info","message":"⌛ Validating clase1.wlk","timeElapsed":162,"timestamp":"2024-08-25T13:28:33.020Z"}
{"level":"info","message":"⌛ Building environment","timeElapsed":173,"timestamp":"2024-08-25T13:28:33.414Z"}
{"level":"info","message":"onRequest - completionItem/resolve","timestamp":"2024-08-25T13:28:33.415Z"}
{"level":"info","message":"⌛ Validating clase1.wlk","timeElapsed":159,"timestamp":"2024-08-25T13:28:33.575Z"}
{"level":"error","message":"✘ Failed to rebuild document Failed to parse clase1.wlk: \n-- PARSING FAILED --------------------------------------------------\n\n  77 |   var volado = 0\n  78 |   var comido = 0\n> 79 |   var =\n     |       ^\n  80 | \n  81 |   method volar(kilometros) {\n\nExpected one of the following: \n\n'property', identifier, whitespace\n","stack":"Error: Failed to parse clase1.wlk: \n-- PARSING FAILED --------------------------------------------------\n\n  77 |   var volado = 0\n  78 |   var comido = 0\n> 79 |   var =\n     |       ^\n  80 | \n  81 |   method volar(kilometros) {\n\nExpected one of the following: \n\n'property', identifier, whitespace\n\n    at c:\\Users\\Lucas\\.vscode\\extensions\\uqbar.wollok-lsp-ide-0.3.3\\node_modules\\wollok-ts\\dist\\index.js:54:19\n    at Array.map (<anonymous>)\n    at buildEnvironment (c:\\Users\\Lucas\\.vscode\\extensions\\uqbar.wollok-lsp-ide-0.3.3\\node_modules\\wollok-ts\\dist\\index.js:49:40)\n    at EnvironmentProvider.buildEnvironmentFrom (c:\\Users\\Lucas\\.vscode\\extensions\\uqbar.wollok-lsp-ide-0.3.3\\server\\out\\utils\\vm\\environment.js:29:66)\n    at EnvironmentProvider.updateEnvironmentWith (c:\\Users\\Lucas\\.vscode\\extensions\\uqbar.wollok-lsp-ide-0.3.3\\server\\out\\utils\\vm\\environment.js:19:37)\n    at rebuildTextDocument (c:\\Users\\Lucas\\.vscode\\extensions\\uqbar.wollok-lsp-ide-0.3.3\\server\\out\\server.js:102:29)\n    at CallbackList.invoke (c:\\Users\\Lucas\\.vscode\\extensions\\uqbar.wollok-lsp-ide-0.3.3\\server\\node_modules\\vscode-jsonrpc\\lib\\common\\events.js:55:39)\n    at Emitter.fire (c:\\Users\\Lucas\\.vscode\\extensions\\uqbar.wollok-lsp-ide-0.3.3\\server\\node_modules\\vscode-jsonrpc\\lib\\common\\events.js:117:36)\n    at c:\\Users\\Lucas\\.vscode\\extensions\\uqbar.wollok-lsp-ide-0.3.3\\server\\node_modules\\vscode-languageserver\\lib\\common\\textDocuments.js:138:42\n    at handleNotification (c:\\Users\\Lucas\\.vscode\\extensions\\uqbar.wollok-lsp-ide-0.3.3\\server\\node_modules\\vscode-jsonrpc\\lib\\common\\connection.js:640:25)","timestamp":"2024-08-25T13:28:33.809Z"}
{"level":"error","message":"✘ Failed to rebuild document Failed to parse clase1.wlk: \n-- PARSING FAILED --------------------------------------------------\n\n  77 |   var volado = 0\n  78 |   var comido = 0\n> 79 |   var = \n     |       ^\n  80 | \n  81 |   method volar(kilometros) {\n\nExpected one of the following: \n\n'property', identifier, whitespace\n","stack":"Error: Failed to parse clase1.wlk: \n-- PARSING FAILED --------------------------------------------------\n\n  77 |   var volado = 0\n  78 |   var comido = 0\n> 79 |   var = \n     |       ^\n  80 | \n  81 |   method volar(kilometros) {\n\nExpected one of the following: \n\n'property', identifier, whitespace\n\n    at c:\\Users\\Lucas\\.vscode\\extensions\\uqbar.wollok-lsp-ide-0.3.3\\node_modules\\wollok-ts\\dist\\index.js:54:19\n    at Array.map (<anonymous>)\n    at buildEnvironment (c:\\Users\\Lucas\\.vscode\\extensions\\uqbar.wollok-lsp-ide-0.3.3\\node_modules\\wollok-ts\\dist\\index.js:49:40)\n    at EnvironmentProvider.buildEnvironmentFrom (c:\\Users\\Lucas\\.vscode\\extensions\\uqbar.wollok-lsp-ide-0.3.3\\server\\out\\utils\\vm\\environment.js:29:66)\n    at EnvironmentProvider.updateEnvironmentWith (c:\\Users\\Lucas\\.vscode\\extensions\\uqbar.wollok-lsp-ide-0.3.3\\server\\out\\utils\\vm\\environment.js:19:37)\n    at rebuildTextDocument (c:\\Users\\Lucas\\.vscode\\extensions\\uqbar.wollok-lsp-ide-0.3.3\\server\\out\\server.js:102:29)\n    at CallbackList.invoke (c:\\Users\\Lucas\\.vscode\\extensions\\uqbar.wollok-lsp-ide-0.3.3\\server\\node_modules\\vscode-jsonrpc\\lib\\common\\events.js:55:39)\n    at Emitter.fire (c:\\Users\\Lucas\\.vscode\\extensions\\uqbar.wollok-lsp-ide-0.3.3\\server\\node_modules\\vscode-jsonrpc\\lib\\common\\events.js:117:36)\n    at c:\\Users\\Lucas\\.vscode\\extensions\\uqbar.wollok-lsp-ide-0.3.3\\server\\node_modules\\vscode-languageserver\\lib\\common\\textDocuments.js:138:42\n    at handleNotification (c:\\Users\\Lucas\\.vscode\\extensions\\uqbar.wollok-lsp-ide-0.3.3\\server\\node_modules\\vscode-jsonrpc\\lib\\common\\connection.js:640:25)","timestamp":"2024-08-25T13:28:34.382Z"}
{"level":"error","message":"✘ Failed to rebuild document Failed to parse clase1.wlk: \n-- PARSING FAILED --------------------------------------------------\n\n  77 |   var volado = 0\n  78 |   var comido = 0\n> 79 |   var = e\n     |       ^\n  80 | \n  81 |   method volar(kilometros) {\n\nExpected one of the following: \n\n'property', identifier, whitespace\n","stack":"Error: Failed to parse clase1.wlk: \n-- PARSING FAILED --------------------------------------------------\n\n  77 |   var volado = 0\n  78 |   var comido = 0\n> 79 |   var = e\n     |       ^\n  80 | \n  81 |   method volar(kilometros) {\n\nExpected one of the following: \n\n'property', identifier, whitespace\n\n    at c:\\Users\\Lucas\\.vscode\\extensions\\uqbar.wollok-lsp-ide-0.3.3\\node_modules\\wollok-ts\\dist\\index.js:54:19\n    at Array.map (<anonymous>)\n    at buildEnvironment (c:\\Users\\Lucas\\.vscode\\extensions\\uqbar.wollok-lsp-ide-0.3.3\\node_modules\\wollok-ts\\dist\\index.js:49:40)\n    at EnvironmentProvider.buildEnvironmentFrom (c:\\Users\\Lucas\\.vscode\\extensions\\uqbar.wollok-lsp-ide-0.3.3\\server\\out\\utils\\vm\\environment.js:29:66)\n    at EnvironmentProvider.updateEnvironmentWith (c:\\Users\\Lucas\\.vscode\\extensions\\uqbar.wollok-lsp-ide-0.3.3\\server\\out\\utils\\vm\\environment.js:19:37)\n    at rebuildTextDocument (c:\\Users\\Lucas\\.vscode\\extensions\\uqbar.wollok-lsp-ide-0.3.3\\server\\out\\server.js:102:29)\n    at CallbackList.invoke (c:\\Users\\Lucas\\.vscode\\extensions\\uqbar.wollok-lsp-ide-0.3.3\\server\\node_modules\\vscode-jsonrpc\\lib\\common\\events.js:55:39)\n    at Emitter.fire (c:\\Users\\Lucas\\.vscode\\extensions\\uqbar.wollok-lsp-ide-0.3.3\\server\\node_modules\\vscode-jsonrpc\\lib\\common\\events.js:117:36)\n    at c:\\Users\\Lucas\\.vscode\\extensions\\uqbar.wollok-lsp-ide-0.3.3\\server\\node_modules\\vscode-languageserver\\lib\\common\\textDocuments.js:138:42\n    at handleNotification (c:\\Users\\Lucas\\.vscode\\extensions\\uqbar.wollok-lsp-ide-0.3.3\\server\\node_modules\\vscode-jsonrpc\\lib\\common\\connection.js:640:25)","timestamp":"2024-08-25T13:28:35.110Z"}
{"level":"error","message":"✘ Completions for node failed: Error: clase1.pepaza.method [Field]{b25214} at clase1.wlk:79 exhausted all cases without a match clase1.pepaza.method [Field]{b25214} at clase1.wlk:79 exhausted all cases without a match","stack":"Error: clase1.pepaza.method [Field]{b25214} at clase1.wlk:79 exhausted all cases without a match\n    at c:\\Users\\Lucas\\.vscode\\extensions\\uqbar.wollok-lsp-ide-0.3.3\\node_modules\\wollok-ts\\dist\\extensions.js:85:11\n    at completionsForNode (c:\\Users\\Lucas\\.vscode\\extensions\\uqbar.wollok-lsp-ide-0.3.3\\server\\out\\functionalities\\autocomplete\\node-completion.js:10:44)\n    at c:\\Users\\Lucas\\.vscode\\extensions\\uqbar.wollok-lsp-ide-0.3.3\\server\\out\\functionalities\\autocomplete\\autocomplete.js:26:154\n    at c:\\Users\\Lucas\\.vscode\\extensions\\uqbar.wollok-lsp-ide-0.3.3\\server\\out\\server.js:198:20\n    at c:\\Users\\Lucas\\.vscode\\extensions\\uqbar.wollok-lsp-ide-0.3.3\\server\\node_modules\\vscode-languageserver\\lib\\common\\server.js:593:20\n    at handleRequest (c:\\Users\\Lucas\\.vscode\\extensions\\uqbar.wollok-lsp-ide-0.3.3\\server\\node_modules\\vscode-jsonrpc\\lib\\common\\connection.js:493:41)\n    at handleMessage (c:\\Users\\Lucas\\.vscode\\extensions\\uqbar.wollok-lsp-ide-0.3.3\\server\\node_modules\\vscode-jsonrpc\\lib\\common\\connection.js:339:13)\n    at processMessageQueue (c:\\Users\\Lucas\\.vscode\\extensions\\uqbar.wollok-lsp-ide-0.3.3\\server\\node_modules\\vscode-jsonrpc\\lib\\common\\connection.js:362:17)\n    at Immediate._onImmediate (c:\\Users\\Lucas\\.vscode\\extensions\\uqbar.wollok-lsp-ide-0.3.3\\server\\node_modules\\vscode-jsonrpc\\lib\\common\\connection.js:334:13)\n    at process.processImmediate (node:internal/timers:478:21)","timestamp":"2024-08-25T13:28:35.158Z"}
{"level":"info","message":"onRequest - completionItem/resolve","timestamp":"2024-08-25T13:28:35.169Z"}
{"level":"error","message":"✘ Failed to rebuild document Failed to parse clase1.wlk: \n-- PARSING FAILED --------------------------------------------------\n\n  77 |   var volado = 0\n  78 |   var comido = 0\n> 79 |   var = \n     |       ^\n  80 | \n  81 |   method volar(kilometros) {\n\nExpected one of the following: \n\n'property', identifier, whitespace\n","stack":"Error: Failed to parse clase1.wlk: \n-- PARSING FAILED --------------------------------------------------\n\n  77 |   var volado = 0\n  78 |   var comido = 0\n> 79 |   var = \n     |       ^\n  80 | \n  81 |   method volar(kilometros) {\n\nExpected one of the following: \n\n'property', identifier, whitespace\n\n    at c:\\Users\\Lucas\\.vscode\\extensions\\uqbar.wollok-lsp-ide-0.3.3\\node_modules\\wollok-ts\\dist\\index.js:54:19\n    at Array.map (<anonymous>)\n    at buildEnvironment (c:\\Users\\Lucas\\.vscode\\extensions\\uqbar.wollok-lsp-ide-0.3.3\\node_modules\\wollok-ts\\dist\\index.js:49:40)\n    at EnvironmentProvider.buildEnvironmentFrom (c:\\Users\\Lucas\\.vscode\\extensions\\uqbar.wollok-lsp-ide-0.3.3\\server\\out\\utils\\vm\\environment.js:29:66)\n    at EnvironmentProvider.updateEnvironmentWith (c:\\Users\\Lucas\\.vscode\\extensions\\uqbar.wollok-lsp-ide-0.3.3\\server\\out\\utils\\vm\\environment.js:19:37)\n    at rebuildTextDocument (c:\\Users\\Lucas\\.vscode\\extensions\\uqbar.wollok-lsp-ide-0.3.3\\server\\out\\server.js:102:29)\n    at CallbackList.invoke (c:\\Users\\Lucas\\.vscode\\extensions\\uqbar.wollok-lsp-ide-0.3.3\\server\\node_modules\\vscode-jsonrpc\\lib\\common\\events.js:55:39)\n    at Emitter.fire (c:\\Users\\Lucas\\.vscode\\extensions\\uqbar.wollok-lsp-ide-0.3.3\\server\\node_modules\\vscode-jsonrpc\\lib\\common\\events.js:117:36)\n    at c:\\Users\\Lucas\\.vscode\\extensions\\uqbar.wollok-lsp-ide-0.3.3\\server\\node_modules\\vscode-languageserver\\lib\\common\\textDocuments.js:138:42\n    at handleNotification (c:\\Users\\Lucas\\.vscode\\extensions\\uqbar.wollok-lsp-ide-0.3.3\\server\\node_modules\\vscode-jsonrpc\\lib\\common\\connection.js:640:25)","timestamp":"2024-08-25T13:28:35.822Z"}
{"level":"error","message":"✘ Failed to rebuild document Failed to parse clase1.wlk: \n-- PARSING FAILED --------------------------------------------------\n\n  77 |   var volado = 0\n  78 |   var comido = 0\n> 79 |   var =\n     |       ^\n  80 | \n  81 |   method volar(kilometros) {\n\nExpected one of the following: \n\n'property', identifier, whitespace\n","stack":"Error: Failed to parse clase1.wlk: \n-- PARSING FAILED --------------------------------------------------\n\n  77 |   var volado = 0\n  78 |   var comido = 0\n> 79 |   var =\n     |       ^\n  80 | \n  81 |   method volar(kilometros) {\n\nExpected one of the following: \n\n'property', identifier, whitespace\n\n    at c:\\Users\\Lucas\\.vscode\\extensions\\uqbar.wollok-lsp-ide-0.3.3\\node_modules\\wollok-ts\\dist\\index.js:54:19\n    at Array.map (<anonymous>)\n    at buildEnvironment (c:\\Users\\Lucas\\.vscode\\extensions\\uqbar.wollok-lsp-ide-0.3.3\\node_modules\\wollok-ts\\dist\\index.js:49:40)\n    at EnvironmentProvider.buildEnvironmentFrom (c:\\Users\\Lucas\\.vscode\\extensions\\uqbar.wollok-lsp-ide-0.3.3\\server\\out\\utils\\vm\\environment.js:29:66)\n    at EnvironmentProvider.updateEnvironmentWith (c:\\Users\\Lucas\\.vscode\\extensions\\uqbar.wollok-lsp-ide-0.3.3\\server\\out\\utils\\vm\\environment.js:19:37)\n    at rebuildTextDocument (c:\\Users\\Lucas\\.vscode\\extensions\\uqbar.wollok-lsp-ide-0.3.3\\server\\out\\server.js:102:29)\n    at CallbackList.invoke (c:\\Users\\Lucas\\.vscode\\extensions\\uqbar.wollok-lsp-ide-0.3.3\\server\\node_modules\\vscode-jsonrpc\\lib\\common\\events.js:55:39)\n    at Emitter.fire (c:\\Users\\Lucas\\.vscode\\extensions\\uqbar.wollok-lsp-ide-0.3.3\\server\\node_modules\\vscode-jsonrpc\\lib\\common\\events.js:117:36)\n    at c:\\Users\\Lucas\\.vscode\\extensions\\uqbar.wollok-lsp-ide-0.3.3\\server\\node_modules\\vscode-languageserver\\lib\\common\\textDocuments.js:138:42\n    at handleNotification (c:\\Users\\Lucas\\.vscode\\extensions\\uqbar.wollok-lsp-ide-0.3.3\\server\\node_modules\\vscode-jsonrpc\\lib\\common\\connection.js:640:25)","timestamp":"2024-08-25T13:28:36.218Z"}
{"level":"info","message":"⌛ Building environment","timeElapsed":104,"timestamp":"2024-08-25T13:28:36.438Z"}
{"level":"info","message":"⌛ Validating clase1.wlk","timeElapsed":175,"timestamp":"2024-08-25T13:28:36.615Z"}
{"level":"info","message":"⌛ Building environment","timeElapsed":139,"timestamp":"2024-08-25T13:28:36.754Z"}
{"level":"info","message":"⌛ Building environment","timeElapsed":123,"timestamp":"2024-08-25T13:28:36.878Z"}
{"level":"info","message":"⌛ Validating clase1.wlk","timeElapsed":137,"timestamp":"2024-08-25T13:28:37.016Z"}
{"level":"info","message":"⌛ Validating clase1.wlk","timeElapsed":155,"timestamp":"2024-08-25T13:28:37.172Z"}
{"level":"info","message":"⌛ Building environment","timeElapsed":117,"timestamp":"2024-08-25T13:28:37.290Z"}
{"level":"info","message":"⌛ Building environment","timeElapsed":138,"timestamp":"2024-08-25T13:28:37.429Z"}
{"level":"info","message":"⌛ Validating clase1.wlk","timeElapsed":228,"timestamp":"2024-08-25T13:28:37.657Z"}
{"level":"info","message":"⌛ Building environment","timeElapsed":126,"timestamp":"2024-08-25T13:28:37.785Z"}
{"level":"info","message":"⌛ Validating clase1.wlk","timeElapsed":187,"timestamp":"2024-08-25T13:28:37.973Z"}
{"level":"info","message":"⌛ Validating clase1.wlk","timeElapsed":167,"timestamp":"2024-08-25T13:28:38.245Z"}
{"level":"info","message":"⌛ Validating clase1.wlk","timeElapsed":256,"timestamp":"2024-08-25T13:28:38.509Z"}
{"level":"info","message":"⌛ Building environment","timeElapsed":269,"timestamp":"2024-08-25T13:28:45.411Z"}
{"level":"error","message":"✘ Completions for node failed: Error: clase1.pepaza.r [Field]{230df8} at clase1.wlk:77 exhausted all cases without a match clase1.pepaza.r [Field]{230df8} at clase1.wlk:77 exhausted all cases without a match","stack":"Error: clase1.pepaza.r [Field]{230df8} at clase1.wlk:77 exhausted all cases without a match\n    at c:\\Users\\Lucas\\.vscode\\extensions\\uqbar.wollok-lsp-ide-0.3.3\\node_modules\\wollok-ts\\dist\\extensions.js:85:11\n    at completionsForNode (c:\\Users\\Lucas\\.vscode\\extensions\\uqbar.wollok-lsp-ide-0.3.3\\server\\out\\functionalities\\autocomplete\\node-completion.js:10:44)\n    at c:\\Users\\Lucas\\.vscode\\extensions\\uqbar.wollok-lsp-ide-0.3.3\\server\\out\\functionalities\\autocomplete\\autocomplete.js:26:154\n    at c:\\Users\\Lucas\\.vscode\\extensions\\uqbar.wollok-lsp-ide-0.3.3\\server\\out\\server.js:198:20\n    at c:\\Users\\Lucas\\.vscode\\extensions\\uqbar.wollok-lsp-ide-0.3.3\\server\\node_modules\\vscode-languageserver\\lib\\common\\server.js:593:20\n    at handleRequest (c:\\Users\\Lucas\\.vscode\\extensions\\uqbar.wollok-lsp-ide-0.3.3\\server\\node_modules\\vscode-jsonrpc\\lib\\common\\connection.js:493:41)\n    at handleMessage (c:\\Users\\Lucas\\.vscode\\extensions\\uqbar.wollok-lsp-ide-0.3.3\\server\\node_modules\\vscode-jsonrpc\\lib\\common\\connection.js:339:13)\n    at processMessageQueue (c:\\Users\\Lucas\\.vscode\\extensions\\uqbar.wollok-lsp-ide-0.3.3\\server\\node_modules\\vscode-jsonrpc\\lib\\common\\connection.js:362:17)\n    at Immediate._onImmediate (c:\\Users\\Lucas\\.vscode\\extensions\\uqbar.wollok-lsp-ide-0.3.3\\server\\node_modules\\vscode-jsonrpc\\lib\\common\\connection.js:334:13)\n    at process.processImmediate (node:internal/timers:478:21)","timestamp":"2024-08-25T13:28:45.465Z"}
{"level":"info","message":"⌛ Building environment","timeElapsed":203,"timestamp":"2024-08-25T13:28:45.670Z"}
{"level":"info","message":"⌛ Validating clase1.wlk","timeElapsed":261,"timestamp":"2024-08-25T13:28:45.935Z"}
{"level":"info","message":"onRequest - completionItem/resolve","timestamp":"2024-08-25T13:28:45.935Z"}
{"level":"info","message":"⌛ Validating clase1.wlk","timeElapsed":129,"timestamp":"2024-08-25T13:28:46.068Z"}
{"level":"info","message":"⌛ Building environment","timeElapsed":141,"timestamp":"2024-08-25T13:28:46.211Z"}
{"level":"error","message":"✘ Completions for node failed: Error: clase1.pepaza.rec [Field]{7e0ada} at clase1.wlk:77 exhausted all cases without a match clase1.pepaza.rec [Field]{7e0ada} at clase1.wlk:77 exhausted all cases without a match","stack":"Error: clase1.pepaza.rec [Field]{7e0ada} at clase1.wlk:77 exhausted all cases without a match\n    at c:\\Users\\Lucas\\.vscode\\extensions\\uqbar.wollok-lsp-ide-0.3.3\\node_modules\\wollok-ts\\dist\\extensions.js:85:11\n    at completionsForNode (c:\\Users\\Lucas\\.vscode\\extensions\\uqbar.wollok-lsp-ide-0.3.3\\server\\out\\functionalities\\autocomplete\\node-completion.js:10:44)\n    at c:\\Users\\Lucas\\.vscode\\extensions\\uqbar.wollok-lsp-ide-0.3.3\\server\\out\\functionalities\\autocomplete\\autocomplete.js:26:154\n    at c:\\Users\\Lucas\\.vscode\\extensions\\uqbar.wollok-lsp-ide-0.3.3\\server\\out\\server.js:198:20\n    at c:\\Users\\Lucas\\.vscode\\extensions\\uqbar.wollok-lsp-ide-0.3.3\\server\\node_modules\\vscode-languageserver\\lib\\common\\server.js:593:20\n    at handleRequest (c:\\Users\\Lucas\\.vscode\\extensions\\uqbar.wollok-lsp-ide-0.3.3\\server\\node_modules\\vscode-jsonrpc\\lib\\common\\connection.js:493:41)\n    at handleMessage (c:\\Users\\Lucas\\.vscode\\extensions\\uqbar.wollok-lsp-ide-0.3.3\\server\\node_modules\\vscode-jsonrpc\\lib\\common\\connection.js:339:13)\n    at processMessageQueue (c:\\Users\\Lucas\\.vscode\\extensions\\uqbar.wollok-lsp-ide-0.3.3\\server\\node_modules\\vscode-jsonrpc\\lib\\common\\connection.js:362:17)\n    at Immediate._onImmediate (c:\\Users\\Lucas\\.vscode\\extensions\\uqbar.wollok-lsp-ide-0.3.3\\server\\node_modules\\vscode-jsonrpc\\lib\\common\\connection.js:334:13)\n    at process.processImmediate (node:internal/timers:478:21)","timestamp":"2024-08-25T13:28:46.239Z"}
{"level":"info","message":"⌛ Validating clase1.wlk","timeElapsed":152,"timestamp":"2024-08-25T13:28:46.492Z"}
{"level":"info","message":"⌛ Building environment","timeElapsed":132,"timestamp":"2024-08-25T13:28:46.625Z"}
{"level":"error","message":"✘ Completions for node failed: Error: clase1.pepaza.recor [Field]{e9cbb1} at clase1.wlk:77 exhausted all cases without a match clase1.pepaza.recor [Field]{e9cbb1} at clase1.wlk:77 exhausted all cases without a match","stack":"Error: clase1.pepaza.recor [Field]{e9cbb1} at clase1.wlk:77 exhausted all cases without a match\n    at c:\\Users\\Lucas\\.vscode\\extensions\\uqbar.wollok-lsp-ide-0.3.3\\node_modules\\wollok-ts\\dist\\extensions.js:85:11\n    at completionsForNode (c:\\Users\\Lucas\\.vscode\\extensions\\uqbar.wollok-lsp-ide-0.3.3\\server\\out\\functionalities\\autocomplete\\node-completion.js:10:44)\n    at c:\\Users\\Lucas\\.vscode\\extensions\\uqbar.wollok-lsp-ide-0.3.3\\server\\out\\functionalities\\autocomplete\\autocomplete.js:26:154\n    at c:\\Users\\Lucas\\.vscode\\extensions\\uqbar.wollok-lsp-ide-0.3.3\\server\\out\\server.js:198:20\n    at c:\\Users\\Lucas\\.vscode\\extensions\\uqbar.wollok-lsp-ide-0.3.3\\server\\node_modules\\vscode-languageserver\\lib\\common\\server.js:593:20\n    at handleRequest (c:\\Users\\Lucas\\.vscode\\extensions\\uqbar.wollok-lsp-ide-0.3.3\\server\\node_modules\\vscode-jsonrpc\\lib\\common\\connection.js:493:41)\n    at handleMessage (c:\\Users\\Lucas\\.vscode\\extensions\\uqbar.wollok-lsp-ide-0.3.3\\server\\node_modules\\vscode-jsonrpc\\lib\\common\\connection.js:339:13)\n    at processMessageQueue (c:\\Users\\Lucas\\.vscode\\extensions\\uqbar.wollok-lsp-ide-0.3.3\\server\\node_modules\\vscode-jsonrpc\\lib\\common\\connection.js:362:17)\n    at Immediate._onImmediate (c:\\Users\\Lucas\\.vscode\\extensions\\uqbar.wollok-lsp-ide-0.3.3\\server\\node_modules\\vscode-jsonrpc\\lib\\common\\connection.js:334:13)\n    at process.processImmediate (node:internal/timers:478:21)","timestamp":"2024-08-25T13:28:46.662Z"}
{"level":"info","message":"⌛ Validating clase1.wlk","timeElapsed":171,"timestamp":"2024-08-25T13:28:46.833Z"}
{"level":"info","message":"⌛ Building environment","timeElapsed":106,"timestamp":"2024-08-25T13:28:46.940Z"}
{"level":"info","message":"⌛ Building environment","timeElapsed":131,"timestamp":"2024-08-25T13:28:47.072Z"}
{"level":"info","message":"⌛ Validating clase1.wlk","timeElapsed":136,"timestamp":"2024-08-25T13:28:47.209Z"}
{"level":"info","message":"⌛ Building environment","timeElapsed":117,"timestamp":"2024-08-25T13:28:47.327Z"}
{"level":"error","message":"✘ Completions for node failed: Error: clase1.pepaza.recorrid [Field]{775434} at clase1.wlk:77 exhausted all cases without a match clase1.pepaza.recorrid [Field]{775434} at clase1.wlk:77 exhausted all cases without a match","stack":"Error: clase1.pepaza.recorrid [Field]{775434} at clase1.wlk:77 exhausted all cases without a match\n    at c:\\Users\\Lucas\\.vscode\\extensions\\uqbar.wollok-lsp-ide-0.3.3\\node_modules\\wollok-ts\\dist\\extensions.js:85:11\n    at completionsForNode (c:\\Users\\Lucas\\.vscode\\extensions\\uqbar.wollok-lsp-ide-0.3.3\\server\\out\\functionalities\\autocomplete\\node-completion.js:10:44)\n    at c:\\Users\\Lucas\\.vscode\\extensions\\uqbar.wollok-lsp-ide-0.3.3\\server\\out\\functionalities\\autocomplete\\autocomplete.js:26:154\n    at c:\\Users\\Lucas\\.vscode\\extensions\\uqbar.wollok-lsp-ide-0.3.3\\server\\out\\server.js:198:20\n    at c:\\Users\\Lucas\\.vscode\\extensions\\uqbar.wollok-lsp-ide-0.3.3\\server\\node_modules\\vscode-languageserver\\lib\\common\\server.js:593:20\n    at handleRequest (c:\\Users\\Lucas\\.vscode\\extensions\\uqbar.wollok-lsp-ide-0.3.3\\server\\node_modules\\vscode-jsonrpc\\lib\\common\\connection.js:493:41)\n    at handleMessage (c:\\Users\\Lucas\\.vscode\\extensions\\uqbar.wollok-lsp-ide-0.3.3\\server\\node_modules\\vscode-jsonrpc\\lib\\common\\connection.js:339:13)\n    at processMessageQueue (c:\\Users\\Lucas\\.vscode\\extensions\\uqbar.wollok-lsp-ide-0.3.3\\server\\node_modules\\vscode-jsonrpc\\lib\\common\\connection.js:362:17)\n    at Immediate._onImmediate (c:\\Users\\Lucas\\.vscode\\extensions\\uqbar.wollok-lsp-ide-0.3.3\\server\\node_modules\\vscode-jsonrpc\\lib\\common\\connection.js:334:13)\n    at process.processImmediate (node:internal/timers:478:21)","timestamp":"2024-08-25T13:28:47.355Z"}
{"level":"info","message":"⌛ Validating clase1.wlk","timeElapsed":115,"timestamp":"2024-08-25T13:28:47.470Z"}
{"level":"info","message":"⌛ Validating clase1.wlk","timeElapsed":167,"timestamp":"2024-08-25T13:28:47.638Z"}
{"level":"info","message":"⌛ Validating clase1.wlk","timeElapsed":153,"timestamp":"2024-08-25T13:28:47.890Z"}
{"level":"info","message":"⌛ Validating clase1.wlk","timeElapsed":170,"timestamp":"2024-08-25T13:28:48.065Z"}
{"level":"info","message":"⌛ Building environment","timeElapsed":217,"timestamp":"2024-08-25T13:28:55.239Z"}
{"level":"info","message":"⌛ Validating clase1.wlk","timeElapsed":211,"timestamp":"2024-08-25T13:28:55.467Z"}
{"level":"info","message":"⌛ Building environment","timeElapsed":231,"timestamp":"2024-08-25T13:28:56.510Z"}
{"level":"info","message":"⌛ Validating clase1.wlk","timeElapsed":186,"timestamp":"2024-08-25T13:28:56.699Z"}
{"level":"info","message":"⌛ Building environment","timeElapsed":122,"timestamp":"2024-08-25T13:28:59.747Z"}
{"level":"info","message":"⌛ Validating clase1.wlk","timeElapsed":199,"timestamp":"2024-08-25T13:28:59.948Z"}
{"level":"info","message":"⌛ Building environment","timeElapsed":208,"timestamp":"2024-08-25T13:29:00.487Z"}
{"level":"info","message":"⌛ Validating clase1.wlk","timeElapsed":179,"timestamp":"2024-08-25T13:29:00.669Z"}
{"level":"info","message":"⌛ Building environment","timeElapsed":177,"timestamp":"2024-08-25T13:29:00.851Z"}
{"level":"info","message":"⌛ Building environment","timeElapsed":114,"timestamp":"2024-08-25T13:29:00.966Z"}
{"level":"info","message":"⌛ Validating clase1.wlk","timeElapsed":178,"timestamp":"2024-08-25T13:29:01.145Z"}
{"level":"info","message":"⌛ Validating clase1.wlk","timeElapsed":221,"timestamp":"2024-08-25T13:29:01.367Z"}
{"level":"info","message":"⌛ Validating clase1.wlk","timeElapsed":126,"timestamp":"2024-08-25T13:29:01.638Z"}
{"level":"info","message":"⌛ Building environment","timeElapsed":237,"timestamp":"2024-08-25T13:29:02.300Z"}
{"level":"info","message":"⌛ Validating clase1.wlk","timeElapsed":216,"timestamp":"2024-08-25T13:29:02.518Z"}
{"level":"info","message":"⌛ Building environment","timeElapsed":166,"timestamp":"2024-08-25T13:29:03.009Z"}
{"level":"info","message":"⌛ Validating clase1.wlk","timeElapsed":129,"timestamp":"2024-08-25T13:29:03.143Z"}
{"level":"info","message":"⌛ Building environment","timeElapsed":174,"timestamp":"2024-08-25T13:29:03.964Z"}
{"level":"info","message":"⌛ Validating clase1.wlk","timeElapsed":162,"timestamp":"2024-08-25T13:29:04.128Z"}
{"level":"info","message":"⌛ Building environment","timeElapsed":168,"timestamp":"2024-08-25T13:29:05.768Z"}
{"level":"error","message":"✘ Completions for node failed: Error: [Send]{1c136b} at clase1.wlk:89 exhausted all cases without a match [Send]{1c136b} at clase1.wlk:89 exhausted all cases without a match","stack":"Error: [Send]{1c136b} at clase1.wlk:89 exhausted all cases without a match\n    at c:\\Users\\Lucas\\.vscode\\extensions\\uqbar.wollok-lsp-ide-0.3.3\\node_modules\\wollok-ts\\dist\\extensions.js:85:11\n    at completionsForNode (c:\\Users\\Lucas\\.vscode\\extensions\\uqbar.wollok-lsp-ide-0.3.3\\server\\out\\functionalities\\autocomplete\\node-completion.js:10:44)\n    at completeForParent (c:\\Users\\Lucas\\.vscode\\extensions\\uqbar.wollok-lsp-ide-0.3.3\\server\\out\\functionalities\\autocomplete\\node-completion.js:56:43)\n    at completeReference (c:\\Users\\Lucas\\.vscode\\extensions\\uqbar.wollok-lsp-ide-0.3.3\\server\\out\\functionalities\\autocomplete\\node-completion.js:64:135)\n    at c:\\Users\\Lucas\\.vscode\\extensions\\uqbar.wollok-lsp-ide-0.3.3\\node_modules\\wollok-ts\\dist\\extensions.js:84:20\n    at completionsForNode (c:\\Users\\Lucas\\.vscode\\extensions\\uqbar.wollok-lsp-ide-0.3.3\\server\\out\\functionalities\\autocomplete\\node-completion.js:10:44)\n    at c:\\Users\\Lucas\\.vscode\\extensions\\uqbar.wollok-lsp-ide-0.3.3\\server\\out\\functionalities\\autocomplete\\autocomplete.js:26:154\n    at c:\\Users\\Lucas\\.vscode\\extensions\\uqbar.wollok-lsp-ide-0.3.3\\server\\out\\server.js:198:20\n    at c:\\Users\\Lucas\\.vscode\\extensions\\uqbar.wollok-lsp-ide-0.3.3\\server\\node_modules\\vscode-languageserver\\lib\\common\\server.js:593:20\n    at handleRequest (c:\\Users\\Lucas\\.vscode\\extensions\\uqbar.wollok-lsp-ide-0.3.3\\server\\node_modules\\vscode-jsonrpc\\lib\\common\\connection.js:493:41)","timestamp":"2024-08-25T13:29:05.802Z"}
{"level":"error","message":"✘ Completions for node failed: Error: [Assignment]{9eb5b7} at clase1.wlk:89 exhausted all cases without a match [Assignment]{9eb5b7} at clase1.wlk:89 exhausted all cases without a match","stack":"Error: [Assignment]{9eb5b7} at clase1.wlk:89 exhausted all cases without a match\n    at c:\\Users\\Lucas\\.vscode\\extensions\\uqbar.wollok-lsp-ide-0.3.3\\node_modules\\wollok-ts\\dist\\extensions.js:85:11\n    at completionsForNode (c:\\Users\\Lucas\\.vscode\\extensions\\uqbar.wollok-lsp-ide-0.3.3\\server\\out\\functionalities\\autocomplete\\node-completion.js:10:44)\n    at completeForParent (c:\\Users\\Lucas\\.vscode\\extensions\\uqbar.wollok-lsp-ide-0.3.3\\server\\out\\functionalities\\autocomplete\\node-completion.js:56:43)\n    at completionsForNode (c:\\Users\\Lucas\\.vscode\\extensions\\uqbar.wollok-lsp-ide-0.3.3\\server\\out\\functionalities\\autocomplete\\node-completion.js:14:46)\n    at completeForParent (c:\\Users\\Lucas\\.vscode\\extensions\\uqbar.wollok-lsp-ide-0.3.3\\server\\out\\functionalities\\autocomplete\\node-completion.js:56:43)\n    at completeReference (c:\\Users\\Lucas\\.vscode\\extensions\\uqbar.wollok-lsp-ide-0.3.3\\server\\out\\functionalities\\autocomplete\\node-completion.js:64:135)\n    at c:\\Users\\Lucas\\.vscode\\extensions\\uqbar.wollok-lsp-ide-0.3.3\\node_modules\\wollok-ts\\dist\\extensions.js:84:20\n    at completionsForNode (c:\\Users\\Lucas\\.vscode\\extensions\\uqbar.wollok-lsp-ide-0.3.3\\server\\out\\functionalities\\autocomplete\\node-completion.js:10:44)\n    at c:\\Users\\Lucas\\.vscode\\extensions\\uqbar.wollok-lsp-ide-0.3.3\\server\\out\\functionalities\\autocomplete\\autocomplete.js:26:154\n    at c:\\Users\\Lucas\\.vscode\\extensions\\uqbar.wollok-lsp-ide-0.3.3\\server\\out\\server.js:198:20","timestamp":"2024-08-25T13:29:05.803Z"}
{"level":"info","message":"⌛ Building environment","timeElapsed":103,"timestamp":"2024-08-25T13:29:05.910Z"}
{"level":"info","message":"⌛ Validating clase1.wlk","timeElapsed":131,"timestamp":"2024-08-25T13:29:06.041Z"}
{"level":"info","message":"⌛ Validating clase1.wlk","timeElapsed":130,"timestamp":"2024-08-25T13:29:06.171Z"}
{"level":"info","message":"⌛ Building environment","timeElapsed":108,"timestamp":"2024-08-25T13:29:06.281Z"}
{"level":"error","message":"✘ Completions for node failed: Error: [Send]{550e0f} at clase1.wlk:89 exhausted all cases without a match [Send]{550e0f} at clase1.wlk:89 exhausted all cases without a match","stack":"Error: [Send]{550e0f} at clase1.wlk:89 exhausted all cases without a match\n    at c:\\Users\\Lucas\\.vscode\\extensions\\uqbar.wollok-lsp-ide-0.3.3\\node_modules\\wollok-ts\\dist\\extensions.js:85:11\n    at completionsForNode (c:\\Users\\Lucas\\.vscode\\extensions\\uqbar.wollok-lsp-ide-0.3.3\\server\\out\\functionalities\\autocomplete\\node-completion.js:10:44)\n    at completeForParent (c:\\Users\\Lucas\\.vscode\\extensions\\uqbar.wollok-lsp-ide-0.3.3\\server\\out\\functionalities\\autocomplete\\node-completion.js:56:43)\n    at completeReference (c:\\Users\\Lucas\\.vscode\\extensions\\uqbar.wollok-lsp-ide-0.3.3\\server\\out\\functionalities\\autocomplete\\node-completion.js:64:135)\n    at c:\\Users\\Lucas\\.vscode\\extensions\\uqbar.wollok-lsp-ide-0.3.3\\node_modules\\wollok-ts\\dist\\extensions.js:84:20\n    at completionsForNode (c:\\Users\\Lucas\\.vscode\\extensions\\uqbar.wollok-lsp-ide-0.3.3\\server\\out\\functionalities\\autocomplete\\node-completion.js:10:44)\n    at c:\\Users\\Lucas\\.vscode\\extensions\\uqbar.wollok-lsp-ide-0.3.3\\server\\out\\functionalities\\autocomplete\\autocomplete.js:26:154\n    at c:\\Users\\Lucas\\.vscode\\extensions\\uqbar.wollok-lsp-ide-0.3.3\\server\\out\\server.js:198:20\n    at c:\\Users\\Lucas\\.vscode\\extensions\\uqbar.wollok-lsp-ide-0.3.3\\server\\node_modules\\vscode-languageserver\\lib\\common\\server.js:593:20\n    at handleRequest (c:\\Users\\Lucas\\.vscode\\extensions\\uqbar.wollok-lsp-ide-0.3.3\\server\\node_modules\\vscode-jsonrpc\\lib\\common\\connection.js:493:41)","timestamp":"2024-08-25T13:29:06.320Z"}
{"level":"error","message":"✘ Completions for node failed: Error: [Assignment]{4fa251} at clase1.wlk:89 exhausted all cases without a match [Assignment]{4fa251} at clase1.wlk:89 exhausted all cases without a match","stack":"Error: [Assignment]{4fa251} at clase1.wlk:89 exhausted all cases without a match\n    at c:\\Users\\Lucas\\.vscode\\extensions\\uqbar.wollok-lsp-ide-0.3.3\\node_modules\\wollok-ts\\dist\\extensions.js:85:11\n    at completionsForNode (c:\\Users\\Lucas\\.vscode\\extensions\\uqbar.wollok-lsp-ide-0.3.3\\server\\out\\functionalities\\autocomplete\\node-completion.js:10:44)\n    at completeForParent (c:\\Users\\Lucas\\.vscode\\extensions\\uqbar.wollok-lsp-ide-0.3.3\\server\\out\\functionalities\\autocomplete\\node-completion.js:56:43)\n    at completionsForNode (c:\\Users\\Lucas\\.vscode\\extensions\\uqbar.wollok-lsp-ide-0.3.3\\server\\out\\functionalities\\autocomplete\\node-completion.js:14:46)\n    at completeForParent (c:\\Users\\Lucas\\.vscode\\extensions\\uqbar.wollok-lsp-ide-0.3.3\\server\\out\\functionalities\\autocomplete\\node-completion.js:56:43)\n    at completeReference (c:\\Users\\Lucas\\.vscode\\extensions\\uqbar.wollok-lsp-ide-0.3.3\\server\\out\\functionalities\\autocomplete\\node-completion.js:64:135)\n    at c:\\Users\\Lucas\\.vscode\\extensions\\uqbar.wollok-lsp-ide-0.3.3\\node_modules\\wollok-ts\\dist\\extensions.js:84:20\n    at completionsForNode (c:\\Users\\Lucas\\.vscode\\extensions\\uqbar.wollok-lsp-ide-0.3.3\\server\\out\\functionalities\\autocomplete\\node-completion.js:10:44)\n    at c:\\Users\\Lucas\\.vscode\\extensions\\uqbar.wollok-lsp-ide-0.3.3\\server\\out\\functionalities\\autocomplete\\autocomplete.js:26:154\n    at c:\\Users\\Lucas\\.vscode\\extensions\\uqbar.wollok-lsp-ide-0.3.3\\server\\out\\server.js:198:20","timestamp":"2024-08-25T13:29:06.320Z"}
{"level":"info","message":"⌛ Validating clase1.wlk","timeElapsed":147,"timestamp":"2024-08-25T13:29:06.554Z"}
{"level":"info","message":"⌛ Building environment","timeElapsed":158,"timestamp":"2024-08-25T13:29:06.722Z"}
{"level":"error","message":"✘ Completions for node failed: Error: [Send]{b5b44d} at clase1.wlk:89 exhausted all cases without a match [Send]{b5b44d} at clase1.wlk:89 exhausted all cases without a match","stack":"Error: [Send]{b5b44d} at clase1.wlk:89 exhausted all cases without a match\n    at c:\\Users\\Lucas\\.vscode\\extensions\\uqbar.wollok-lsp-ide-0.3.3\\node_modules\\wollok-ts\\dist\\extensions.js:85:11\n    at completionsForNode (c:\\Users\\Lucas\\.vscode\\extensions\\uqbar.wollok-lsp-ide-0.3.3\\server\\out\\functionalities\\autocomplete\\node-completion.js:10:44)\n    at completeForParent (c:\\Users\\Lucas\\.vscode\\extensions\\uqbar.wollok-lsp-ide-0.3.3\\server\\out\\functionalities\\autocomplete\\node-completion.js:56:43)\n    at completeReference (c:\\Users\\Lucas\\.vscode\\extensions\\uqbar.wollok-lsp-ide-0.3.3\\server\\out\\functionalities\\autocomplete\\node-completion.js:64:135)\n    at c:\\Users\\Lucas\\.vscode\\extensions\\uqbar.wollok-lsp-ide-0.3.3\\node_modules\\wollok-ts\\dist\\extensions.js:84:20\n    at completionsForNode (c:\\Users\\Lucas\\.vscode\\extensions\\uqbar.wollok-lsp-ide-0.3.3\\server\\out\\functionalities\\autocomplete\\node-completion.js:10:44)\n    at c:\\Users\\Lucas\\.vscode\\extensions\\uqbar.wollok-lsp-ide-0.3.3\\server\\out\\functionalities\\autocomplete\\autocomplete.js:26:154\n    at c:\\Users\\Lucas\\.vscode\\extensions\\uqbar.wollok-lsp-ide-0.3.3\\server\\out\\server.js:198:20\n    at c:\\Users\\Lucas\\.vscode\\extensions\\uqbar.wollok-lsp-ide-0.3.3\\server\\node_modules\\vscode-languageserver\\lib\\common\\server.js:593:20\n    at handleRequest (c:\\Users\\Lucas\\.vscode\\extensions\\uqbar.wollok-lsp-ide-0.3.3\\server\\node_modules\\vscode-jsonrpc\\lib\\common\\connection.js:493:41)","timestamp":"2024-08-25T13:29:06.751Z"}
{"level":"error","message":"✘ Completions for node failed: Error: [Assignment]{e1545a} at clase1.wlk:89 exhausted all cases without a match [Assignment]{e1545a} at clase1.wlk:89 exhausted all cases without a match","stack":"Error: [Assignment]{e1545a} at clase1.wlk:89 exhausted all cases without a match\n    at c:\\Users\\Lucas\\.vscode\\extensions\\uqbar.wollok-lsp-ide-0.3.3\\node_modules\\wollok-ts\\dist\\extensions.js:85:11\n    at completionsForNode (c:\\Users\\Lucas\\.vscode\\extensions\\uqbar.wollok-lsp-ide-0.3.3\\server\\out\\functionalities\\autocomplete\\node-completion.js:10:44)\n    at completeForParent (c:\\Users\\Lucas\\.vscode\\extensions\\uqbar.wollok-lsp-ide-0.3.3\\server\\out\\functionalities\\autocomplete\\node-completion.js:56:43)\n    at completionsForNode (c:\\Users\\Lucas\\.vscode\\extensions\\uqbar.wollok-lsp-ide-0.3.3\\server\\out\\functionalities\\autocomplete\\node-completion.js:14:46)\n    at completeForParent (c:\\Users\\Lucas\\.vscode\\extensions\\uqbar.wollok-lsp-ide-0.3.3\\server\\out\\functionalities\\autocomplete\\node-completion.js:56:43)\n    at completeReference (c:\\Users\\Lucas\\.vscode\\extensions\\uqbar.wollok-lsp-ide-0.3.3\\server\\out\\functionalities\\autocomplete\\node-completion.js:64:135)\n    at c:\\Users\\Lucas\\.vscode\\extensions\\uqbar.wollok-lsp-ide-0.3.3\\node_modules\\wollok-ts\\dist\\extensions.js:84:20\n    at completionsForNode (c:\\Users\\Lucas\\.vscode\\extensions\\uqbar.wollok-lsp-ide-0.3.3\\server\\out\\functionalities\\autocomplete\\node-completion.js:10:44)\n    at c:\\Users\\Lucas\\.vscode\\extensions\\uqbar.wollok-lsp-ide-0.3.3\\server\\out\\functionalities\\autocomplete\\autocomplete.js:26:154\n    at c:\\Users\\Lucas\\.vscode\\extensions\\uqbar.wollok-lsp-ide-0.3.3\\server\\out\\server.js:198:20","timestamp":"2024-08-25T13:29:06.751Z"}
{"level":"info","message":"⌛ Validating clase1.wlk","timeElapsed":151,"timestamp":"2024-08-25T13:29:06.907Z"}
{"level":"info","message":"⌛ Validating clase1.wlk","timeElapsed":179,"timestamp":"2024-08-25T13:29:07.170Z"}
{"level":"info","message":"⌛ Building environment","timeElapsed":114,"timestamp":"2024-08-25T13:29:07.285Z"}
{"level":"error","message":"✘ Completions for node failed: Error: [Send]{d44d1d} at clase1.wlk:89 exhausted all cases without a match [Send]{d44d1d} at clase1.wlk:89 exhausted all cases without a match","stack":"Error: [Send]{d44d1d} at clase1.wlk:89 exhausted all cases without a match\n    at c:\\Users\\Lucas\\.vscode\\extensions\\uqbar.wollok-lsp-ide-0.3.3\\node_modules\\wollok-ts\\dist\\extensions.js:85:11\n    at completionsForNode (c:\\Users\\Lucas\\.vscode\\extensions\\uqbar.wollok-lsp-ide-0.3.3\\server\\out\\functionalities\\autocomplete\\node-completion.js:10:44)\n    at completeForParent (c:\\Users\\Lucas\\.vscode\\extensions\\uqbar.wollok-lsp-ide-0.3.3\\server\\out\\functionalities\\autocomplete\\node-completion.js:56:43)\n    at completeReference (c:\\Users\\Lucas\\.vscode\\extensions\\uqbar.wollok-lsp-ide-0.3.3\\server\\out\\functionalities\\autocomplete\\node-completion.js:64:135)\n    at c:\\Users\\Lucas\\.vscode\\extensions\\uqbar.wollok-lsp-ide-0.3.3\\node_modules\\wollok-ts\\dist\\extensions.js:84:20\n    at completionsForNode (c:\\Users\\Lucas\\.vscode\\extensions\\uqbar.wollok-lsp-ide-0.3.3\\server\\out\\functionalities\\autocomplete\\node-completion.js:10:44)\n    at c:\\Users\\Lucas\\.vscode\\extensions\\uqbar.wollok-lsp-ide-0.3.3\\server\\out\\functionalities\\autocomplete\\autocomplete.js:26:154\n    at c:\\Users\\Lucas\\.vscode\\extensions\\uqbar.wollok-lsp-ide-0.3.3\\server\\out\\server.js:198:20\n    at c:\\Users\\Lucas\\.vscode\\extensions\\uqbar.wollok-lsp-ide-0.3.3\\server\\node_modules\\vscode-languageserver\\lib\\common\\server.js:593:20\n    at handleRequest (c:\\Users\\Lucas\\.vscode\\extensions\\uqbar.wollok-lsp-ide-0.3.3\\server\\node_modules\\vscode-jsonrpc\\lib\\common\\connection.js:493:41)","timestamp":"2024-08-25T13:29:07.325Z"}
{"level":"error","message":"✘ Completions for node failed: Error: [Assignment]{cacd9a} at clase1.wlk:89 exhausted all cases without a match [Assignment]{cacd9a} at clase1.wlk:89 exhausted all cases without a match","stack":"Error: [Assignment]{cacd9a} at clase1.wlk:89 exhausted all cases without a match\n    at c:\\Users\\Lucas\\.vscode\\extensions\\uqbar.wollok-lsp-ide-0.3.3\\node_modules\\wollok-ts\\dist\\extensions.js:85:11\n    at completionsForNode (c:\\Users\\Lucas\\.vscode\\extensions\\uqbar.wollok-lsp-ide-0.3.3\\server\\out\\functionalities\\autocomplete\\node-completion.js:10:44)\n    at completeForParent (c:\\Users\\Lucas\\.vscode\\extensions\\uqbar.wollok-lsp-ide-0.3.3\\server\\out\\functionalities\\autocomplete\\node-completion.js:56:43)\n    at completionsForNode (c:\\Users\\Lucas\\.vscode\\extensions\\uqbar.wollok-lsp-ide-0.3.3\\server\\out\\functionalities\\autocomplete\\node-completion.js:14:46)\n    at completeForParent (c:\\Users\\Lucas\\.vscode\\extensions\\uqbar.wollok-lsp-ide-0.3.3\\server\\out\\functionalities\\autocomplete\\node-completion.js:56:43)\n    at completeReference (c:\\Users\\Lucas\\.vscode\\extensions\\uqbar.wollok-lsp-ide-0.3.3\\server\\out\\functionalities\\autocomplete\\node-completion.js:64:135)\n    at c:\\Users\\Lucas\\.vscode\\extensions\\uqbar.wollok-lsp-ide-0.3.3\\node_modules\\wollok-ts\\dist\\extensions.js:84:20\n    at completionsForNode (c:\\Users\\Lucas\\.vscode\\extensions\\uqbar.wollok-lsp-ide-0.3.3\\server\\out\\functionalities\\autocomplete\\node-completion.js:10:44)\n    at c:\\Users\\Lucas\\.vscode\\extensions\\uqbar.wollok-lsp-ide-0.3.3\\server\\out\\functionalities\\autocomplete\\autocomplete.js:26:154\n    at c:\\Users\\Lucas\\.vscode\\extensions\\uqbar.wollok-lsp-ide-0.3.3\\server\\out\\server.js:198:20","timestamp":"2024-08-25T13:29:07.325Z"}
{"level":"info","message":"⌛ Building environment","timeElapsed":120,"timestamp":"2024-08-25T13:29:07.449Z"}
{"level":"info","message":"⌛ Validating clase1.wlk","timeElapsed":193,"timestamp":"2024-08-25T13:29:07.643Z"}
{"level":"info","message":"⌛ Validating clase1.wlk","timeElapsed":154,"timestamp":"2024-08-25T13:29:07.831Z"}
{"level":"info","message":"⌛ Validating clase1.wlk","timeElapsed":111,"timestamp":"2024-08-25T13:29:07.943Z"}
{"level":"error","message":"✘ Completions for node failed: Error: [Send]{e2ff43} at clase1.wlk:89 exhausted all cases without a match [Send]{e2ff43} at clase1.wlk:89 exhausted all cases without a match","stack":"Error: [Send]{e2ff43} at clase1.wlk:89 exhausted all cases without a match\n    at c:\\Users\\Lucas\\.vscode\\extensions\\uqbar.wollok-lsp-ide-0.3.3\\node_modules\\wollok-ts\\dist\\extensions.js:85:11\n    at completionsForNode (c:\\Users\\Lucas\\.vscode\\extensions\\uqbar.wollok-lsp-ide-0.3.3\\server\\out\\functionalities\\autocomplete\\node-completion.js:10:44)\n    at completeForParent (c:\\Users\\Lucas\\.vscode\\extensions\\uqbar.wollok-lsp-ide-0.3.3\\server\\out\\functionalities\\autocomplete\\node-completion.js:56:43)\n    at completeReference (c:\\Users\\Lucas\\.vscode\\extensions\\uqbar.wollok-lsp-ide-0.3.3\\server\\out\\functionalities\\autocomplete\\node-completion.js:64:135)\n    at c:\\Users\\Lucas\\.vscode\\extensions\\uqbar.wollok-lsp-ide-0.3.3\\node_modules\\wollok-ts\\dist\\extensions.js:84:20\n    at completionsForNode (c:\\Users\\Lucas\\.vscode\\extensions\\uqbar.wollok-lsp-ide-0.3.3\\server\\out\\functionalities\\autocomplete\\node-completion.js:10:44)\n    at c:\\Users\\Lucas\\.vscode\\extensions\\uqbar.wollok-lsp-ide-0.3.3\\server\\out\\functionalities\\autocomplete\\autocomplete.js:26:154\n    at c:\\Users\\Lucas\\.vscode\\extensions\\uqbar.wollok-lsp-ide-0.3.3\\server\\out\\server.js:198:20\n    at c:\\Users\\Lucas\\.vscode\\extensions\\uqbar.wollok-lsp-ide-0.3.3\\server\\node_modules\\vscode-languageserver\\lib\\common\\server.js:593:20\n    at handleRequest (c:\\Users\\Lucas\\.vscode\\extensions\\uqbar.wollok-lsp-ide-0.3.3\\server\\node_modules\\vscode-jsonrpc\\lib\\common\\connection.js:493:41)","timestamp":"2024-08-25T13:29:08.053Z"}
{"level":"error","message":"✘ Completions for node failed: Error: [Assignment]{179a40} at clase1.wlk:89 exhausted all cases without a match [Assignment]{179a40} at clase1.wlk:89 exhausted all cases without a match","stack":"Error: [Assignment]{179a40} at clase1.wlk:89 exhausted all cases without a match\n    at c:\\Users\\Lucas\\.vscode\\extensions\\uqbar.wollok-lsp-ide-0.3.3\\node_modules\\wollok-ts\\dist\\extensions.js:85:11\n    at completionsForNode (c:\\Users\\Lucas\\.vscode\\extensions\\uqbar.wollok-lsp-ide-0.3.3\\server\\out\\functionalities\\autocomplete\\node-completion.js:10:44)\n    at completeForParent (c:\\Users\\Lucas\\.vscode\\extensions\\uqbar.wollok-lsp-ide-0.3.3\\server\\out\\functionalities\\autocomplete\\node-completion.js:56:43)\n    at completionsForNode (c:\\Users\\Lucas\\.vscode\\extensions\\uqbar.wollok-lsp-ide-0.3.3\\server\\out\\functionalities\\autocomplete\\node-completion.js:14:46)\n    at completeForParent (c:\\Users\\Lucas\\.vscode\\extensions\\uqbar.wollok-lsp-ide-0.3.3\\server\\out\\functionalities\\autocomplete\\node-completion.js:56:43)\n    at completeReference (c:\\Users\\Lucas\\.vscode\\extensions\\uqbar.wollok-lsp-ide-0.3.3\\server\\out\\functionalities\\autocomplete\\node-completion.js:64:135)\n    at c:\\Users\\Lucas\\.vscode\\extensions\\uqbar.wollok-lsp-ide-0.3.3\\node_modules\\wollok-ts\\dist\\extensions.js:84:20\n    at completionsForNode (c:\\Users\\Lucas\\.vscode\\extensions\\uqbar.wollok-lsp-ide-0.3.3\\server\\out\\functionalities\\autocomplete\\node-completion.js:10:44)\n    at c:\\Users\\Lucas\\.vscode\\extensions\\uqbar.wollok-lsp-ide-0.3.3\\server\\out\\functionalities\\autocomplete\\autocomplete.js:26:154\n    at c:\\Users\\Lucas\\.vscode\\extensions\\uqbar.wollok-lsp-ide-0.3.3\\server\\out\\server.js:198:20","timestamp":"2024-08-25T13:29:08.054Z"}
{"level":"error","message":"✘ Completions for node failed: Error: [Send]{90807a} at clase1.wlk:89 exhausted all cases without a match [Send]{90807a} at clase1.wlk:89 exhausted all cases without a match","stack":"Error: [Send]{90807a} at clase1.wlk:89 exhausted all cases without a match\n    at c:\\Users\\Lucas\\.vscode\\extensions\\uqbar.wollok-lsp-ide-0.3.3\\node_modules\\wollok-ts\\dist\\extensions.js:85:11\n    at completionsForNode (c:\\Users\\Lucas\\.vscode\\extensions\\uqbar.wollok-lsp-ide-0.3.3\\server\\out\\functionalities\\autocomplete\\node-completion.js:10:44)\n    at completeForParent (c:\\Users\\Lucas\\.vscode\\extensions\\uqbar.wollok-lsp-ide-0.3.3\\server\\out\\functionalities\\autocomplete\\node-completion.js:56:43)\n    at completeReference (c:\\Users\\Lucas\\.vscode\\extensions\\uqbar.wollok-lsp-ide-0.3.3\\server\\out\\functionalities\\autocomplete\\node-completion.js:64:135)\n    at c:\\Users\\Lucas\\.vscode\\extensions\\uqbar.wollok-lsp-ide-0.3.3\\node_modules\\wollok-ts\\dist\\extensions.js:84:20\n    at completionsForNode (c:\\Users\\Lucas\\.vscode\\extensions\\uqbar.wollok-lsp-ide-0.3.3\\server\\out\\functionalities\\autocomplete\\node-completion.js:10:44)\n    at c:\\Users\\Lucas\\.vscode\\extensions\\uqbar.wollok-lsp-ide-0.3.3\\server\\out\\functionalities\\autocomplete\\autocomplete.js:26:154\n    at c:\\Users\\Lucas\\.vscode\\extensions\\uqbar.wollok-lsp-ide-0.3.3\\server\\out\\server.js:198:20\n    at c:\\Users\\Lucas\\.vscode\\extensions\\uqbar.wollok-lsp-ide-0.3.3\\server\\node_modules\\vscode-languageserver\\lib\\common\\server.js:593:20\n    at handleRequest (c:\\Users\\Lucas\\.vscode\\extensions\\uqbar.wollok-lsp-ide-0.3.3\\server\\node_modules\\vscode-jsonrpc\\lib\\common\\connection.js:493:41)","timestamp":"2024-08-25T13:29:08.202Z"}
{"level":"error","message":"✘ Completions for node failed: Error: [Assignment]{68e448} at clase1.wlk:89 exhausted all cases without a match [Assignment]{68e448} at clase1.wlk:89 exhausted all cases without a match","stack":"Error: [Assignment]{68e448} at clase1.wlk:89 exhausted all cases without a match\n    at c:\\Users\\Lucas\\.vscode\\extensions\\uqbar.wollok-lsp-ide-0.3.3\\node_modules\\wollok-ts\\dist\\extensions.js:85:11\n    at completionsForNode (c:\\Users\\Lucas\\.vscode\\extensions\\uqbar.wollok-lsp-ide-0.3.3\\server\\out\\functionalities\\autocomplete\\node-completion.js:10:44)\n    at completeForParent (c:\\Users\\Lucas\\.vscode\\extensions\\uqbar.wollok-lsp-ide-0.3.3\\server\\out\\functionalities\\autocomplete\\node-completion.js:56:43)\n    at completionsForNode (c:\\Users\\Lucas\\.vscode\\extensions\\uqbar.wollok-lsp-ide-0.3.3\\server\\out\\functionalities\\autocomplete\\node-completion.js:14:46)\n    at completeForParent (c:\\Users\\Lucas\\.vscode\\extensions\\uqbar.wollok-lsp-ide-0.3.3\\server\\out\\functionalities\\autocomplete\\node-completion.js:56:43)\n    at completeReference (c:\\Users\\Lucas\\.vscode\\extensions\\uqbar.wollok-lsp-ide-0.3.3\\server\\out\\functionalities\\autocomplete\\node-completion.js:64:135)\n    at c:\\Users\\Lucas\\.vscode\\extensions\\uqbar.wollok-lsp-ide-0.3.3\\node_modules\\wollok-ts\\dist\\extensions.js:84:20\n    at completionsForNode (c:\\Users\\Lucas\\.vscode\\extensions\\uqbar.wollok-lsp-ide-0.3.3\\server\\out\\functionalities\\autocomplete\\node-completion.js:10:44)\n    at c:\\Users\\Lucas\\.vscode\\extensions\\uqbar.wollok-lsp-ide-0.3.3\\server\\out\\functionalities\\autocomplete\\autocomplete.js:26:154\n    at c:\\Users\\Lucas\\.vscode\\extensions\\uqbar.wollok-lsp-ide-0.3.3\\server\\out\\server.js:198:20","timestamp":"2024-08-25T13:29:08.203Z"}
{"level":"info","message":"⌛ Building environment","timeElapsed":102,"timestamp":"2024-08-25T13:29:08.309Z"}
{"level":"error","message":"✘ Completions for node failed: Error: [Send]{a375c7} at clase1.wlk:89 exhausted all cases without a match [Send]{a375c7} at clase1.wlk:89 exhausted all cases without a match","stack":"Error: [Send]{a375c7} at clase1.wlk:89 exhausted all cases without a match\n    at c:\\Users\\Lucas\\.vscode\\extensions\\uqbar.wollok-lsp-ide-0.3.3\\node_modules\\wollok-ts\\dist\\extensions.js:85:11\n    at completionsForNode (c:\\Users\\Lucas\\.vscode\\extensions\\uqbar.wollok-lsp-ide-0.3.3\\server\\out\\functionalities\\autocomplete\\node-completion.js:10:44)\n    at completeForParent (c:\\Users\\Lucas\\.vscode\\extensions\\uqbar.wollok-lsp-ide-0.3.3\\server\\out\\functionalities\\autocomplete\\node-completion.js:56:43)\n    at completeReference (c:\\Users\\Lucas\\.vscode\\extensions\\uqbar.wollok-lsp-ide-0.3.3\\server\\out\\functionalities\\autocomplete\\node-completion.js:64:135)\n    at c:\\Users\\Lucas\\.vscode\\extensions\\uqbar.wollok-lsp-ide-0.3.3\\node_modules\\wollok-ts\\dist\\extensions.js:84:20\n    at completionsForNode (c:\\Users\\Lucas\\.vscode\\extensions\\uqbar.wollok-lsp-ide-0.3.3\\server\\out\\functionalities\\autocomplete\\node-completion.js:10:44)\n    at c:\\Users\\Lucas\\.vscode\\extensions\\uqbar.wollok-lsp-ide-0.3.3\\server\\out\\functionalities\\autocomplete\\autocomplete.js:26:154\n    at c:\\Users\\Lucas\\.vscode\\extensions\\uqbar.wollok-lsp-ide-0.3.3\\server\\out\\server.js:198:20\n    at c:\\Users\\Lucas\\.vscode\\extensions\\uqbar.wollok-lsp-ide-0.3.3\\server\\node_modules\\vscode-languageserver\\lib\\common\\server.js:593:20\n    at handleRequest (c:\\Users\\Lucas\\.vscode\\extensions\\uqbar.wollok-lsp-ide-0.3.3\\server\\node_modules\\vscode-jsonrpc\\lib\\common\\connection.js:493:41)","timestamp":"2024-08-25T13:29:08.338Z"}
{"level":"error","message":"✘ Completions for node failed: Error: [Assignment]{a3607a} at clase1.wlk:89 exhausted all cases without a match [Assignment]{a3607a} at clase1.wlk:89 exhausted all cases without a match","stack":"Error: [Assignment]{a3607a} at clase1.wlk:89 exhausted all cases without a match\n    at c:\\Users\\Lucas\\.vscode\\extensions\\uqbar.wollok-lsp-ide-0.3.3\\node_modules\\wollok-ts\\dist\\extensions.js:85:11\n    at completionsForNode (c:\\Users\\Lucas\\.vscode\\extensions\\uqbar.wollok-lsp-ide-0.3.3\\server\\out\\functionalities\\autocomplete\\node-completion.js:10:44)\n    at completeForParent (c:\\Users\\Lucas\\.vscode\\extensions\\uqbar.wollok-lsp-ide-0.3.3\\server\\out\\functionalities\\autocomplete\\node-completion.js:56:43)\n    at completionsForNode (c:\\Users\\Lucas\\.vscode\\extensions\\uqbar.wollok-lsp-ide-0.3.3\\server\\out\\functionalities\\autocomplete\\node-completion.js:14:46)\n    at completeForParent (c:\\Users\\Lucas\\.vscode\\extensions\\uqbar.wollok-lsp-ide-0.3.3\\server\\out\\functionalities\\autocomplete\\node-completion.js:56:43)\n    at completeReference (c:\\Users\\Lucas\\.vscode\\extensions\\uqbar.wollok-lsp-ide-0.3.3\\server\\out\\functionalities\\autocomplete\\node-completion.js:64:135)\n    at c:\\Users\\Lucas\\.vscode\\extensions\\uqbar.wollok-lsp-ide-0.3.3\\node_modules\\wollok-ts\\dist\\extensions.js:84:20\n    at completionsForNode (c:\\Users\\Lucas\\.vscode\\extensions\\uqbar.wollok-lsp-ide-0.3.3\\server\\out\\functionalities\\autocomplete\\node-completion.js:10:44)\n    at c:\\Users\\Lucas\\.vscode\\extensions\\uqbar.wollok-lsp-ide-0.3.3\\server\\out\\functionalities\\autocomplete\\autocomplete.js:26:154\n    at c:\\Users\\Lucas\\.vscode\\extensions\\uqbar.wollok-lsp-ide-0.3.3\\server\\out\\server.js:198:20","timestamp":"2024-08-25T13:29:08.338Z"}
{"level":"info","message":"⌛ Validating clase1.wlk","timeElapsed":153,"timestamp":"2024-08-25T13:29:08.495Z"}
{"level":"info","message":"⌛ Building environment","timeElapsed":153,"timestamp":"2024-08-25T13:29:08.651Z"}
{"level":"info","message":"⌛ Validating clase1.wlk","timeElapsed":104,"timestamp":"2024-08-25T13:29:08.760Z"}
{"level":"info","message":"⌛ Validating clase1.wlk","timeElapsed":146,"timestamp":"2024-08-25T13:29:08.999Z"}
{"level":"error","message":"✘ Completions for node failed: Error: [Send]{7bc7b5} at clase1.wlk:89 exhausted all cases without a match [Send]{7bc7b5} at clase1.wlk:89 exhausted all cases without a match","stack":"Error: [Send]{7bc7b5} at clase1.wlk:89 exhausted all cases without a match\n    at c:\\Users\\Lucas\\.vscode\\extensions\\uqbar.wollok-lsp-ide-0.3.3\\node_modules\\wollok-ts\\dist\\extensions.js:85:11\n    at completionsForNode (c:\\Users\\Lucas\\.vscode\\extensions\\uqbar.wollok-lsp-ide-0.3.3\\server\\out\\functionalities\\autocomplete\\node-completion.js:10:44)\n    at completeForParent (c:\\Users\\Lucas\\.vscode\\extensions\\uqbar.wollok-lsp-ide-0.3.3\\server\\out\\functionalities\\autocomplete\\node-completion.js:56:43)\n    at completeReference (c:\\Users\\Lucas\\.vscode\\extensions\\uqbar.wollok-lsp-ide-0.3.3\\server\\out\\functionalities\\autocomplete\\node-completion.js:64:135)\n    at c:\\Users\\Lucas\\.vscode\\extensions\\uqbar.wollok-lsp-ide-0.3.3\\node_modules\\wollok-ts\\dist\\extensions.js:84:20\n    at completionsForNode (c:\\Users\\Lucas\\.vscode\\extensions\\uqbar.wollok-lsp-ide-0.3.3\\server\\out\\functionalities\\autocomplete\\node-completion.js:10:44)\n    at c:\\Users\\Lucas\\.vscode\\extensions\\uqbar.wollok-lsp-ide-0.3.3\\server\\out\\functionalities\\autocomplete\\autocomplete.js:26:154\n    at c:\\Users\\Lucas\\.vscode\\extensions\\uqbar.wollok-lsp-ide-0.3.3\\server\\out\\server.js:198:20\n    at c:\\Users\\Lucas\\.vscode\\extensions\\uqbar.wollok-lsp-ide-0.3.3\\server\\node_modules\\vscode-languageserver\\lib\\common\\server.js:593:20\n    at handleRequest (c:\\Users\\Lucas\\.vscode\\extensions\\uqbar.wollok-lsp-ide-0.3.3\\server\\node_modules\\vscode-jsonrpc\\lib\\common\\connection.js:493:41)","timestamp":"2024-08-25T13:29:09.095Z"}
{"level":"error","message":"✘ Completions for node failed: Error: [Assignment]{2e8e37} at clase1.wlk:89 exhausted all cases without a match [Assignment]{2e8e37} at clase1.wlk:89 exhausted all cases without a match","stack":"Error: [Assignment]{2e8e37} at clase1.wlk:89 exhausted all cases without a match\n    at c:\\Users\\Lucas\\.vscode\\extensions\\uqbar.wollok-lsp-ide-0.3.3\\node_modules\\wollok-ts\\dist\\extensions.js:85:11\n    at completionsForNode (c:\\Users\\Lucas\\.vscode\\extensions\\uqbar.wollok-lsp-ide-0.3.3\\server\\out\\functionalities\\autocomplete\\node-completion.js:10:44)\n    at completeForParent (c:\\Users\\Lucas\\.vscode\\extensions\\uqbar.wollok-lsp-ide-0.3.3\\server\\out\\functionalities\\autocomplete\\node-completion.js:56:43)\n    at completionsForNode (c:\\Users\\Lucas\\.vscode\\extensions\\uqbar.wollok-lsp-ide-0.3.3\\server\\out\\functionalities\\autocomplete\\node-completion.js:14:46)\n    at completeForParent (c:\\Users\\Lucas\\.vscode\\extensions\\uqbar.wollok-lsp-ide-0.3.3\\server\\out\\functionalities\\autocomplete\\node-completion.js:56:43)\n    at completeReference (c:\\Users\\Lucas\\.vscode\\extensions\\uqbar.wollok-lsp-ide-0.3.3\\server\\out\\functionalities\\autocomplete\\node-completion.js:64:135)\n    at c:\\Users\\Lucas\\.vscode\\extensions\\uqbar.wollok-lsp-ide-0.3.3\\node_modules\\wollok-ts\\dist\\extensions.js:84:20\n    at completionsForNode (c:\\Users\\Lucas\\.vscode\\extensions\\uqbar.wollok-lsp-ide-0.3.3\\server\\out\\functionalities\\autocomplete\\node-completion.js:10:44)\n    at c:\\Users\\Lucas\\.vscode\\extensions\\uqbar.wollok-lsp-ide-0.3.3\\server\\out\\functionalities\\autocomplete\\autocomplete.js:26:154\n    at c:\\Users\\Lucas\\.vscode\\extensions\\uqbar.wollok-lsp-ide-0.3.3\\server\\out\\server.js:198:20","timestamp":"2024-08-25T13:29:09.096Z"}
{"level":"info","message":"⌛ Validating clase1.wlk","timeElapsed":119,"timestamp":"2024-08-25T13:29:09.219Z"}
{"level":"info","message":"⌛ Validating clase1.wlk","timeElapsed":148,"timestamp":"2024-08-25T13:29:09.368Z"}
{"level":"info","message":"⌛ Validating clase1.wlk","timeElapsed":173,"timestamp":"2024-08-25T13:29:09.542Z"}
{"level":"info","message":"⌛ Building environment","timeElapsed":169,"timestamp":"2024-08-25T13:29:10.494Z"}
{"level":"error","message":"✘ Completions for node failed: Error: [Parameter]{710796} at clase1.wlk:88 exhausted all cases without a match [Parameter]{710796} at clase1.wlk:88 exhausted all cases without a match","stack":"Error: [Parameter]{710796} at clase1.wlk:88 exhausted all cases without a match\n    at c:\\Users\\Lucas\\.vscode\\extensions\\uqbar.wollok-lsp-ide-0.3.3\\node_modules\\wollok-ts\\dist\\extensions.js:85:11\n    at completionsForNode (c:\\Users\\Lucas\\.vscode\\extensions\\uqbar.wollok-lsp-ide-0.3.3\\server\\out\\functionalities\\autocomplete\\node-completion.js:10:44)\n    at c:\\Users\\Lucas\\.vscode\\extensions\\uqbar.wollok-lsp-ide-0.3.3\\server\\out\\functionalities\\autocomplete\\autocomplete.js:26:154\n    at c:\\Users\\Lucas\\.vscode\\extensions\\uqbar.wollok-lsp-ide-0.3.3\\server\\out\\server.js:198:20\n    at c:\\Users\\Lucas\\.vscode\\extensions\\uqbar.wollok-lsp-ide-0.3.3\\server\\node_modules\\vscode-languageserver\\lib\\common\\server.js:593:20\n    at handleRequest (c:\\Users\\Lucas\\.vscode\\extensions\\uqbar.wollok-lsp-ide-0.3.3\\server\\node_modules\\vscode-jsonrpc\\lib\\common\\connection.js:493:41)\n    at handleMessage (c:\\Users\\Lucas\\.vscode\\extensions\\uqbar.wollok-lsp-ide-0.3.3\\server\\node_modules\\vscode-jsonrpc\\lib\\common\\connection.js:339:13)\n    at processMessageQueue (c:\\Users\\Lucas\\.vscode\\extensions\\uqbar.wollok-lsp-ide-0.3.3\\server\\node_modules\\vscode-jsonrpc\\lib\\common\\connection.js:362:17)\n    at Immediate._onImmediate (c:\\Users\\Lucas\\.vscode\\extensions\\uqbar.wollok-lsp-ide-0.3.3\\server\\node_modules\\vscode-jsonrpc\\lib\\common\\connection.js:334:13)\n    at process.processImmediate (node:internal/timers:478:21)","timestamp":"2024-08-25T13:29:10.518Z"}
{"level":"info","message":"⌛ Building environment","timeElapsed":108,"timestamp":"2024-08-25T13:29:10.630Z"}
{"level":"info","message":"⌛ Validating clase1.wlk","timeElapsed":151,"timestamp":"2024-08-25T13:29:10.782Z"}
{"level":"info","message":"⌛ Validating clase1.wlk","timeElapsed":185,"timestamp":"2024-08-25T13:29:10.968Z"}
{"level":"info","message":"⌛ Building environment","timeElapsed":185,"timestamp":"2024-08-25T13:29:11.154Z"}
{"level":"error","message":"✘ Completions for node failed: Error: [Parameter]{9f3925} at clase1.wlk:88 exhausted all cases without a match [Parameter]{9f3925} at clase1.wlk:88 exhausted all cases without a match","stack":"Error: [Parameter]{9f3925} at clase1.wlk:88 exhausted all cases without a match\n    at c:\\Users\\Lucas\\.vscode\\extensions\\uqbar.wollok-lsp-ide-0.3.3\\node_modules\\wollok-ts\\dist\\extensions.js:85:11\n    at completionsForNode (c:\\Users\\Lucas\\.vscode\\extensions\\uqbar.wollok-lsp-ide-0.3.3\\server\\out\\functionalities\\autocomplete\\node-completion.js:10:44)\n    at c:\\Users\\Lucas\\.vscode\\extensions\\uqbar.wollok-lsp-ide-0.3.3\\server\\out\\functionalities\\autocomplete\\autocomplete.js:26:154\n    at c:\\Users\\Lucas\\.vscode\\extensions\\uqbar.wollok-lsp-ide-0.3.3\\server\\out\\server.js:198:20\n    at c:\\Users\\Lucas\\.vscode\\extensions\\uqbar.wollok-lsp-ide-0.3.3\\server\\node_modules\\vscode-languageserver\\lib\\common\\server.js:593:20\n    at handleRequest (c:\\Users\\Lucas\\.vscode\\extensions\\uqbar.wollok-lsp-ide-0.3.3\\server\\node_modules\\vscode-jsonrpc\\lib\\common\\connection.js:493:41)\n    at handleMessage (c:\\Users\\Lucas\\.vscode\\extensions\\uqbar.wollok-lsp-ide-0.3.3\\server\\node_modules\\vscode-jsonrpc\\lib\\common\\connection.js:339:13)\n    at processMessageQueue (c:\\Users\\Lucas\\.vscode\\extensions\\uqbar.wollok-lsp-ide-0.3.3\\server\\node_modules\\vscode-jsonrpc\\lib\\common\\connection.js:362:17)\n    at Immediate._onImmediate (c:\\Users\\Lucas\\.vscode\\extensions\\uqbar.wollok-lsp-ide-0.3.3\\server\\node_modules\\vscode-jsonrpc\\lib\\common\\connection.js:334:13)\n    at process.processImmediate (node:internal/timers:478:21)","timestamp":"2024-08-25T13:29:11.177Z"}
{"level":"info","message":"⌛ Validating clase1.wlk","timeElapsed":146,"timestamp":"2024-08-25T13:29:11.430Z"}
{"level":"error","message":"✘ Completions for node failed: Error: [Parameter]{2ccaf4} at clase1.wlk:88 exhausted all cases without a match [Parameter]{2ccaf4} at clase1.wlk:88 exhausted all cases without a match","stack":"Error: [Parameter]{2ccaf4} at clase1.wlk:88 exhausted all cases without a match\n    at c:\\Users\\Lucas\\.vscode\\extensions\\uqbar.wollok-lsp-ide-0.3.3\\node_modules\\wollok-ts\\dist\\extensions.js:85:11\n    at completionsForNode (c:\\Users\\Lucas\\.vscode\\extensions\\uqbar.wollok-lsp-ide-0.3.3\\server\\out\\functionalities\\autocomplete\\node-completion.js:10:44)\n    at c:\\Users\\Lucas\\.vscode\\extensions\\uqbar.wollok-lsp-ide-0.3.3\\server\\out\\functionalities\\autocomplete\\autocomplete.js:26:154\n    at c:\\Users\\Lucas\\.vscode\\extensions\\uqbar.wollok-lsp-ide-0.3.3\\server\\out\\server.js:198:20\n    at c:\\Users\\Lucas\\.vscode\\extensions\\uqbar.wollok-lsp-ide-0.3.3\\server\\node_modules\\vscode-languageserver\\lib\\common\\server.js:593:20\n    at handleRequest (c:\\Users\\Lucas\\.vscode\\extensions\\uqbar.wollok-lsp-ide-0.3.3\\server\\node_modules\\vscode-jsonrpc\\lib\\common\\connection.js:493:41)\n    at handleMessage (c:\\Users\\Lucas\\.vscode\\extensions\\uqbar.wollok-lsp-ide-0.3.3\\server\\node_modules\\vscode-jsonrpc\\lib\\common\\connection.js:339:13)\n    at processMessageQueue (c:\\Users\\Lucas\\.vscode\\extensions\\uqbar.wollok-lsp-ide-0.3.3\\server\\node_modules\\vscode-jsonrpc\\lib\\common\\connection.js:362:17)\n    at Immediate._onImmediate (c:\\Users\\Lucas\\.vscode\\extensions\\uqbar.wollok-lsp-ide-0.3.3\\server\\node_modules\\vscode-jsonrpc\\lib\\common\\connection.js:334:13)\n    at process.processImmediate (node:internal/timers:478:21)","timestamp":"2024-08-25T13:29:11.517Z"}
{"level":"info","message":"⌛ Validating clase1.wlk","timeElapsed":118,"timestamp":"2024-08-25T13:29:11.638Z"}
{"level":"info","message":"⌛ Validating clase1.wlk","timeElapsed":135,"timestamp":"2024-08-25T13:29:11.872Z"}
{"level":"info","message":"⌛ Building environment","timeElapsed":139,"timestamp":"2024-08-25T13:29:12.013Z"}
{"level":"error","message":"✘ Completions for node failed: Error: [Parameter]{8c43cd} at clase1.wlk:88 exhausted all cases without a match [Parameter]{8c43cd} at clase1.wlk:88 exhausted all cases without a match","stack":"Error: [Parameter]{8c43cd} at clase1.wlk:88 exhausted all cases without a match\n    at c:\\Users\\Lucas\\.vscode\\extensions\\uqbar.wollok-lsp-ide-0.3.3\\node_modules\\wollok-ts\\dist\\extensions.js:85:11\n    at completionsForNode (c:\\Users\\Lucas\\.vscode\\extensions\\uqbar.wollok-lsp-ide-0.3.3\\server\\out\\functionalities\\autocomplete\\node-completion.js:10:44)\n    at c:\\Users\\Lucas\\.vscode\\extensions\\uqbar.wollok-lsp-ide-0.3.3\\server\\out\\functionalities\\autocomplete\\autocomplete.js:26:154\n    at c:\\Users\\Lucas\\.vscode\\extensions\\uqbar.wollok-lsp-ide-0.3.3\\server\\out\\server.js:198:20\n    at c:\\Users\\Lucas\\.vscode\\extensions\\uqbar.wollok-lsp-ide-0.3.3\\server\\node_modules\\vscode-languageserver\\lib\\common\\server.js:593:20\n    at handleRequest (c:\\Users\\Lucas\\.vscode\\extensions\\uqbar.wollok-lsp-ide-0.3.3\\server\\node_modules\\vscode-jsonrpc\\lib\\common\\connection.js:493:41)\n    at handleMessage (c:\\Users\\Lucas\\.vscode\\extensions\\uqbar.wollok-lsp-ide-0.3.3\\server\\node_modules\\vscode-jsonrpc\\lib\\common\\connection.js:339:13)\n    at processMessageQueue (c:\\Users\\Lucas\\.vscode\\extensions\\uqbar.wollok-lsp-ide-0.3.3\\server\\node_modules\\vscode-jsonrpc\\lib\\common\\connection.js:362:17)\n    at Immediate._onImmediate (c:\\Users\\Lucas\\.vscode\\extensions\\uqbar.wollok-lsp-ide-0.3.3\\server\\node_modules\\vscode-jsonrpc\\lib\\common\\connection.js:334:13)\n    at process.processImmediate (node:internal/timers:478:21)","timestamp":"2024-08-25T13:29:12.059Z"}
{"level":"info","message":"⌛ Validating clase1.wlk","timeElapsed":136,"timestamp":"2024-08-25T13:29:12.197Z"}
{"level":"info","message":"⌛ Building environment","timeElapsed":112,"timestamp":"2024-08-25T13:29:12.396Z"}
{"level":"info","message":"⌛ Validating clase1.wlk","timeElapsed":179,"timestamp":"2024-08-25T13:29:12.575Z"}
{"level":"info","message":"⌛ Building environment","timeElapsed":119,"timestamp":"2024-08-25T13:29:12.694Z"}
{"level":"error","message":"✘ Completions for node failed: Error: [Parameter]{ef8203} at clase1.wlk:88 exhausted all cases without a match [Parameter]{ef8203} at clase1.wlk:88 exhausted all cases without a match","stack":"Error: [Parameter]{ef8203} at clase1.wlk:88 exhausted all cases without a match\n    at c:\\Users\\Lucas\\.vscode\\extensions\\uqbar.wollok-lsp-ide-0.3.3\\node_modules\\wollok-ts\\dist\\extensions.js:85:11\n    at completionsForNode (c:\\Users\\Lucas\\.vscode\\extensions\\uqbar.wollok-lsp-ide-0.3.3\\server\\out\\functionalities\\autocomplete\\node-completion.js:10:44)\n    at c:\\Users\\Lucas\\.vscode\\extensions\\uqbar.wollok-lsp-ide-0.3.3\\server\\out\\functionalities\\autocomplete\\autocomplete.js:26:154\n    at c:\\Users\\Lucas\\.vscode\\extensions\\uqbar.wollok-lsp-ide-0.3.3\\server\\out\\server.js:198:20\n    at c:\\Users\\Lucas\\.vscode\\extensions\\uqbar.wollok-lsp-ide-0.3.3\\server\\node_modules\\vscode-languageserver\\lib\\common\\server.js:593:20\n    at handleRequest (c:\\Users\\Lucas\\.vscode\\extensions\\uqbar.wollok-lsp-ide-0.3.3\\server\\node_modules\\vscode-jsonrpc\\lib\\common\\connection.js:493:41)\n    at handleMessage (c:\\Users\\Lucas\\.vscode\\extensions\\uqbar.wollok-lsp-ide-0.3.3\\server\\node_modules\\vscode-jsonrpc\\lib\\common\\connection.js:339:13)\n    at processMessageQueue (c:\\Users\\Lucas\\.vscode\\extensions\\uqbar.wollok-lsp-ide-0.3.3\\server\\node_modules\\vscode-jsonrpc\\lib\\common\\connection.js:362:17)\n    at Immediate._onImmediate (c:\\Users\\Lucas\\.vscode\\extensions\\uqbar.wollok-lsp-ide-0.3.3\\server\\node_modules\\vscode-jsonrpc\\lib\\common\\connection.js:334:13)\n    at process.processImmediate (node:internal/timers:478:21)","timestamp":"2024-08-25T13:29:12.722Z"}
{"level":"info","message":"⌛ Validating clase1.wlk","timeElapsed":143,"timestamp":"2024-08-25T13:29:12.870Z"}
{"level":"info","message":"⌛ Validating clase1.wlk","timeElapsed":147,"timestamp":"2024-08-25T13:29:13.018Z"}
{"level":"info","message":"⌛ Validating clase1.wlk","timeElapsed":131,"timestamp":"2024-08-25T13:29:13.151Z"}
{"level":"info","message":"onRequest - completionItem/resolve","timestamp":"2024-08-25T13:29:13.151Z"}
{"level":"info","message":"⌛ Building environment","timeElapsed":206,"timestamp":"2024-08-25T13:29:27.406Z"}
{"level":"info","message":"⌛ Validating clase1.wlk","timeElapsed":167,"timestamp":"2024-08-25T13:29:27.575Z"}
{"level":"info","message":"⌛ Building environment","timeElapsed":307,"timestamp":"2024-08-25T13:30:41.357Z"}
{"level":"info","message":"⌛ Validating clase1.wlk","timeElapsed":235,"timestamp":"2024-08-25T13:30:41.606Z"}
{"level":"info","message":"⌛ Building environment","timeElapsed":150,"timestamp":"2024-08-25T13:30:41.775Z"}
{"level":"info","message":"⌛ Validating clase1.wlk","timeElapsed":157,"timestamp":"2024-08-25T13:30:41.933Z"}
{"level":"info","message":"⌛ Building environment","timeElapsed":181,"timestamp":"2024-08-25T13:30:42.366Z"}
{"level":"info","message":"⌛ Validating clase1.wlk","timeElapsed":181,"timestamp":"2024-08-25T13:30:42.581Z"}
{"level":"info","message":"onRequest - completionItem/resolve","timestamp":"2024-08-25T13:30:42.582Z"}
{"level":"info","message":"⌛ Building environment","timeElapsed":120,"timestamp":"2024-08-25T13:30:42.703Z"}
{"level":"info","message":"onRequest - completionItem/resolve","timestamp":"2024-08-25T13:30:42.703Z"}
{"level":"info","message":"onRequest - completionItem/resolve","timestamp":"2024-08-25T13:30:42.789Z"}
{"level":"info","message":"⌛ Validating clase1.wlk","timeElapsed":151,"timestamp":"2024-08-25T13:30:42.941Z"}
{"level":"info","message":"onRequest - completionItem/resolve","timestamp":"2024-08-25T13:30:43.030Z"}
{"level":"info","message":"⌛ Validating clase1.wlk","timeElapsed":128,"timestamp":"2024-08-25T13:30:43.158Z"}
{"level":"info","message":"⌛ Building environment","timeElapsed":109,"timestamp":"2024-08-25T13:30:43.269Z"}
{"level":"info","message":"onRequest - completionItem/resolve","timestamp":"2024-08-25T13:30:43.270Z"}
{"level":"info","message":"⌛ Validating clase1.wlk","timeElapsed":154,"timestamp":"2024-08-25T13:30:43.424Z"}
{"level":"info","message":"⌛ Building environment","timeElapsed":103,"timestamp":"2024-08-25T13:30:43.528Z"}
{"level":"info","message":"onRequest - completionItem/resolve","timestamp":"2024-08-25T13:30:43.529Z"}
{"level":"info","message":"⌛ Validating clase1.wlk","timeElapsed":155,"timestamp":"2024-08-25T13:30:43.685Z"}
{"level":"info","message":"⌛ Validating clase1.wlk","timeElapsed":148,"timestamp":"2024-08-25T13:30:43.839Z"}
{"level":"info","message":"onRequest - completionItem/resolve","timestamp":"2024-08-25T13:30:44.088Z"}
{"level":"info","message":"⌛ Building environment","timeElapsed":118,"timestamp":"2024-08-25T13:30:44.211Z"}
{"level":"info","message":"⌛ Validating clase1.wlk","timeElapsed":143,"timestamp":"2024-08-25T13:30:44.356Z"}
{"level":"info","message":"⌛ Building environment","timeElapsed":163,"timestamp":"2024-08-25T13:30:45.239Z"}
{"level":"info","message":"⌛ Validating clase1.wlk","timeElapsed":118,"timestamp":"2024-08-25T13:30:45.362Z"}
{"level":"info","message":"⌛ Validating clase1.wlk","timeElapsed":142,"timestamp":"2024-08-25T13:30:45.579Z"}
{"level":"info","message":"⌛ Building environment","timeElapsed":256,"timestamp":"2024-08-25T13:30:45.926Z"}
{"level":"info","message":"⌛ Building environment","timeElapsed":227,"timestamp":"2024-08-25T13:30:46.156Z"}
{"level":"error","message":"✘ Completions for node failed: Error: [Assignment]{4bf4aa} at clase1.wlk:85 exhausted all cases without a match [Assignment]{4bf4aa} at clase1.wlk:85 exhausted all cases without a match","stack":"Error: [Assignment]{4bf4aa} at clase1.wlk:85 exhausted all cases without a match\n    at c:\\Users\\Lucas\\.vscode\\extensions\\uqbar.wollok-lsp-ide-0.3.3\\node_modules\\wollok-ts\\dist\\extensions.js:85:11\n    at completionsForNode (c:\\Users\\Lucas\\.vscode\\extensions\\uqbar.wollok-lsp-ide-0.3.3\\server\\out\\functionalities\\autocomplete\\node-completion.js:10:44)\n    at completeForParent (c:\\Users\\Lucas\\.vscode\\extensions\\uqbar.wollok-lsp-ide-0.3.3\\server\\out\\functionalities\\autocomplete\\node-completion.js:56:43)\n    at completeReference (c:\\Users\\Lucas\\.vscode\\extensions\\uqbar.wollok-lsp-ide-0.3.3\\server\\out\\functionalities\\autocomplete\\node-completion.js:64:135)\n    at c:\\Users\\Lucas\\.vscode\\extensions\\uqbar.wollok-lsp-ide-0.3.3\\node_modules\\wollok-ts\\dist\\extensions.js:84:20\n    at completionsForNode (c:\\Users\\Lucas\\.vscode\\extensions\\uqbar.wollok-lsp-ide-0.3.3\\server\\out\\functionalities\\autocomplete\\node-completion.js:10:44)\n    at c:\\Users\\Lucas\\.vscode\\extensions\\uqbar.wollok-lsp-ide-0.3.3\\server\\out\\functionalities\\autocomplete\\autocomplete.js:26:154\n    at c:\\Users\\Lucas\\.vscode\\extensions\\uqbar.wollok-lsp-ide-0.3.3\\server\\out\\server.js:198:20\n    at c:\\Users\\Lucas\\.vscode\\extensions\\uqbar.wollok-lsp-ide-0.3.3\\server\\node_modules\\vscode-languageserver\\lib\\common\\server.js:593:20\n    at handleRequest (c:\\Users\\Lucas\\.vscode\\extensions\\uqbar.wollok-lsp-ide-0.3.3\\server\\node_modules\\vscode-jsonrpc\\lib\\common\\connection.js:493:41)","timestamp":"2024-08-25T13:30:46.212Z"}
{"level":"info","message":"⌛ Validating clase1.wlk","timeElapsed":293,"timestamp":"2024-08-25T13:30:46.510Z"}
{"level":"info","message":"⌛ Validating clase1.wlk","timeElapsed":178,"timestamp":"2024-08-25T13:30:46.780Z"}
{"level":"info","message":"onRequest - completionItem/resolve","timestamp":"2024-08-25T13:30:46.780Z"}
{"level":"info","message":"⌛ Building environment","timeElapsed":115,"timestamp":"2024-08-25T13:30:46.896Z"}
{"level":"info","message":"onRequest - completionItem/resolve","timestamp":"2024-08-25T13:30:46.910Z"}
{"level":"info","message":"⌛ Building environment","timeElapsed":150,"timestamp":"2024-08-25T13:30:47.061Z"}
{"level":"info","message":"onRequest - completionItem/resolve","timestamp":"2024-08-25T13:30:47.073Z"}
{"level":"info","message":"⌛ Building environment","timeElapsed":162,"timestamp":"2024-08-25T13:30:47.236Z"}
{"level":"info","message":"onRequest - completionItem/resolve","timestamp":"2024-08-25T13:30:47.243Z"}
{"level":"info","message":"⌛ Validating clase1.wlk","timeElapsed":170,"timestamp":"2024-08-25T13:30:47.413Z"}
{"level":"info","message":"⌛ Building environment","timeElapsed":112,"timestamp":"2024-08-25T13:30:47.525Z"}
{"level":"info","message":"onRequest - completionItem/resolve","timestamp":"2024-08-25T13:30:47.536Z"}
{"level":"info","message":"⌛ Validating clase1.wlk","timeElapsed":135,"timestamp":"2024-08-25T13:30:47.672Z"}
{"level":"info","message":"⌛ Validating clase1.wlk","timeElapsed":164,"timestamp":"2024-08-25T13:30:47.841Z"}
{"level":"info","message":"⌛ Validating clase1.wlk","timeElapsed":163,"timestamp":"2024-08-25T13:30:48.086Z"}
{"level":"info","message":"⌛ Validating clase1.wlk","timeElapsed":108,"timestamp":"2024-08-25T13:30:48.200Z"}
{"level":"info","message":"⌛ Validating clase1.wlk","timeElapsed":141,"timestamp":"2024-08-25T13:30:48.341Z"}
{"level":"info","message":"⌛ Building environment","timeElapsed":195,"timestamp":"2024-08-25T13:30:49.336Z"}
{"level":"info","message":"⌛ Validating clase1.wlk","timeElapsed":180,"timestamp":"2024-08-25T13:30:49.518Z"}
{"level":"info","message":"⌛ Building environment","timeElapsed":337,"timestamp":"2024-08-25T13:30:50.425Z"}
{"level":"info","message":"⌛ Building environment","timeElapsed":190,"timestamp":"2024-08-25T13:30:50.650Z"}
{"level":"info","message":"⌛ Building environment","timeElapsed":159,"timestamp":"2024-08-25T13:30:50.828Z"}
{"level":"info","message":"⌛ Validating clase1.wlk","timeElapsed":150,"timestamp":"2024-08-25T13:30:50.985Z"}
{"level":"info","message":"⌛ Validating clase1.wlk","timeElapsed":125,"timestamp":"2024-08-25T13:30:51.115Z"}
{"level":"info","message":"⌛ Validating clase1.wlk","timeElapsed":148,"timestamp":"2024-08-25T13:30:51.264Z"}
{"level":"info","message":"⌛ Building environment","timeElapsed":167,"timestamp":"2024-08-25T13:30:59.982Z"}
{"level":"info","message":"⌛ Validating clase1.wlk","timeElapsed":121,"timestamp":"2024-08-25T13:31:00.109Z"}
{"level":"info","message":"⌛ Building environment","timeElapsed":187,"timestamp":"2024-08-25T13:31:00.805Z"}
{"level":"info","message":"⌛ Validating clase1.wlk","timeElapsed":195,"timestamp":"2024-08-25T13:31:01.002Z"}
{"level":"info","message":"⌛ Validating clase1.wlk","timeElapsed":141,"timestamp":"2024-08-25T13:31:01.243Z"}
{"level":"info","message":"⌛ Building environment","timeElapsed":112,"timestamp":"2024-08-25T13:31:01.390Z"}
{"level":"info","message":"⌛ Validating clase1.wlk","timeElapsed":184,"timestamp":"2024-08-25T13:31:01.575Z"}
{"level":"info","message":"⌛ Building environment","timeElapsed":172,"timestamp":"2024-08-25T13:31:02.637Z"}
{"level":"info","message":"⌛ Validating clase1.wlk","timeElapsed":118,"timestamp":"2024-08-25T13:31:02.833Z"}
{"level":"info","message":"⌛ Validating clase1.wlk","timeElapsed":155,"timestamp":"2024-08-25T13:31:02.989Z"}
{"level":"info","message":"⌛ Building environment","timeElapsed":172,"timestamp":"2024-08-25T13:31:03.242Z"}
{"level":"info","message":"⌛ Building environment","timeElapsed":120,"timestamp":"2024-08-25T13:31:03.363Z"}
{"level":"info","message":"⌛ Validating clase1.wlk","timeElapsed":181,"timestamp":"2024-08-25T13:31:03.545Z"}
{"level":"info","message":"⌛ Building environment","timeElapsed":108,"timestamp":"2024-08-25T13:31:03.654Z"}
{"level":"info","message":"⌛ Validating clase1.wlk","timeElapsed":139,"timestamp":"2024-08-25T13:31:03.794Z"}
{"level":"info","message":"⌛ Validating clase1.wlk","timeElapsed":160,"timestamp":"2024-08-25T13:31:03.955Z"}
{"level":"info","message":"⌛ Validating clase1.wlk","timeElapsed":143,"timestamp":"2024-08-25T13:31:04.106Z"}
{"level":"info","message":"⌛ Building environment","timeElapsed":109,"timestamp":"2024-08-25T13:31:04.216Z"}
{"level":"info","message":"⌛ Validating clase1.wlk","timeElapsed":145,"timestamp":"2024-08-25T13:31:04.528Z"}
{"level":"info","message":"⌛ Validating clase1.wlk","timeElapsed":132,"timestamp":"2024-08-25T13:31:04.661Z"}
{"level":"info","message":"⌛ Validating clase1.wlk","timeElapsed":119,"timestamp":"2024-08-25T13:31:04.780Z"}
{"level":"info","message":"⌛ Building environment","timeElapsed":130,"timestamp":"2024-08-25T13:31:04.912Z"}
{"level":"info","message":"⌛ Building environment","timeElapsed":113,"timestamp":"2024-08-25T13:31:05.035Z"}
{"level":"info","message":"⌛ Validating clase1.wlk","timeElapsed":149,"timestamp":"2024-08-25T13:31:05.192Z"}
{"level":"info","message":"⌛ Building environment","timeElapsed":104,"timestamp":"2024-08-25T13:31:05.297Z"}
{"level":"info","message":"⌛ Validating clase1.wlk","timeElapsed":118,"timestamp":"2024-08-25T13:31:05.424Z"}
{"level":"info","message":"⌛ Building environment","timeElapsed":123,"timestamp":"2024-08-25T13:31:05.547Z"}
{"level":"info","message":"⌛ Validating clase1.wlk","timeElapsed":164,"timestamp":"2024-08-25T13:31:05.711Z"}
{"level":"info","message":"⌛ Building environment","timeElapsed":115,"timestamp":"2024-08-25T13:31:05.827Z"}
{"level":"info","message":"⌛ Validating clase1.wlk","timeElapsed":163,"timestamp":"2024-08-25T13:31:05.991Z"}
{"level":"info","message":"⌛ Validating clase1.wlk","timeElapsed":231,"timestamp":"2024-08-25T13:31:06.322Z"}
{"level":"info","message":"⌛ Building environment","timeElapsed":120,"timestamp":"2024-08-25T13:31:06.449Z"}
{"level":"info","message":"⌛ Building environment","timeElapsed":174,"timestamp":"2024-08-25T13:31:06.634Z"}
{"level":"info","message":"⌛ Validating clase1.wlk","timeElapsed":163,"timestamp":"2024-08-25T13:31:06.797Z"}
{"level":"info","message":"⌛ Building environment","timeElapsed":144,"timestamp":"2024-08-25T13:31:06.947Z"}
{"level":"info","message":"⌛ Building environment","timeElapsed":103,"timestamp":"2024-08-25T13:31:07.056Z"}
{"level":"info","message":"⌛ Validating clase1.wlk","timeElapsed":155,"timestamp":"2024-08-25T13:31:07.212Z"}
{"level":"info","message":"⌛ Building environment","timeElapsed":114,"timestamp":"2024-08-25T13:31:07.327Z"}
{"level":"info","message":"⌛ Validating clase1.wlk","timeElapsed":170,"timestamp":"2024-08-25T13:31:07.498Z"}
{"level":"info","message":"⌛ Building environment","timeElapsed":104,"timestamp":"2024-08-25T13:31:07.603Z"}
{"level":"info","message":"⌛ Building environment","timeElapsed":134,"timestamp":"2024-08-25T13:31:07.762Z"}
{"level":"info","message":"⌛ Validating clase1.wlk","timeElapsed":157,"timestamp":"2024-08-25T13:31:07.920Z"}
{"level":"info","message":"⌛ Building environment","timeElapsed":102,"timestamp":"2024-08-25T13:31:08.022Z"}
{"level":"info","message":"⌛ Validating clase1.wlk","timeElapsed":129,"timestamp":"2024-08-25T13:31:08.161Z"}
{"level":"info","message":"⌛ Building environment","timeElapsed":109,"timestamp":"2024-08-25T13:31:08.270Z"}
{"level":"info","message":"⌛ Validating clase1.wlk","timeElapsed":164,"timestamp":"2024-08-25T13:31:08.434Z"}
{"level":"info","message":"⌛ Validating clase1.wlk","timeElapsed":145,"timestamp":"2024-08-25T13:31:08.654Z"}
{"level":"info","message":"⌛ Validating clase1.wlk","timeElapsed":167,"timestamp":"2024-08-25T13:31:08.930Z"}
{"level":"info","message":"⌛ Validating clase1.wlk","timeElapsed":117,"timestamp":"2024-08-25T13:31:09.048Z"}
{"level":"info","message":"⌛ Validating clase1.wlk","timeElapsed":163,"timestamp":"2024-08-25T13:31:09.319Z"}
{"level":"info","message":"⌛ Building environment","timeElapsed":129,"timestamp":"2024-08-25T13:31:09.448Z"}
{"level":"info","message":"⌛ Validating clase1.wlk","timeElapsed":163,"timestamp":"2024-08-25T13:31:09.702Z"}
{"level":"info","message":"⌛ Validating clase1.wlk","timeElapsed":136,"timestamp":"2024-08-25T13:31:09.842Z"}
{"level":"info","message":"⌛ Building environment","timeElapsed":142,"timestamp":"2024-08-25T13:31:09.985Z"}
{"level":"info","message":"⌛ Building environment","timeElapsed":153,"timestamp":"2024-08-25T13:31:10.138Z"}
{"level":"info","message":"⌛ Validating clase1.wlk","timeElapsed":183,"timestamp":"2024-08-25T13:31:10.328Z"}
{"level":"info","message":"⌛ Building environment","timeElapsed":112,"timestamp":"2024-08-25T13:31:10.441Z"}
{"level":"info","message":"⌛ Building environment","timeElapsed":119,"timestamp":"2024-08-25T13:31:10.560Z"}
{"level":"info","message":"⌛ Validating clase1.wlk","timeElapsed":150,"timestamp":"2024-08-25T13:31:10.803Z"}
{"level":"info","message":"⌛ Validating clase1.wlk","timeElapsed":158,"timestamp":"2024-08-25T13:31:10.962Z"}
{"level":"info","message":"⌛ Building environment","timeElapsed":117,"timestamp":"2024-08-25T13:31:11.173Z"}
{"level":"info","message":"⌛ Validating clase1.wlk","timeElapsed":143,"timestamp":"2024-08-25T13:31:11.317Z"}
{"level":"info","message":"⌛ Building environment","timeElapsed":108,"timestamp":"2024-08-25T13:31:11.425Z"}
{"level":"info","message":"⌛ Validating clase1.wlk","timeElapsed":143,"timestamp":"2024-08-25T13:31:11.568Z"}
{"level":"info","message":"⌛ Building environment","timeElapsed":114,"timestamp":"2024-08-25T13:31:11.682Z"}
{"level":"info","message":"⌛ Validating clase1.wlk","timeElapsed":180,"timestamp":"2024-08-25T13:31:11.863Z"}
{"level":"info","message":"⌛ Validating clase1.wlk","timeElapsed":215,"timestamp":"2024-08-25T13:31:12.126Z"}
{"level":"info","message":"⌛ Validating clase1.wlk","timeElapsed":112,"timestamp":"2024-08-25T13:31:12.240Z"}
{"level":"info","message":"⌛ Building environment","timeElapsed":101,"timestamp":"2024-08-25T13:31:12.341Z"}
{"level":"info","message":"⌛ Validating clase1.wlk","timeElapsed":128,"timestamp":"2024-08-25T13:31:12.559Z"}
{"level":"info","message":"⌛ Validating clase1.wlk","timeElapsed":123,"timestamp":"2024-08-25T13:31:12.682Z"}
{"level":"info","message":"⌛ Validating clase1.wlk","timeElapsed":103,"timestamp":"2024-08-25T13:31:12.790Z"}
{"level":"info","message":"⌛ Validating clase1.wlk","timeElapsed":173,"timestamp":"2024-08-25T13:31:13.048Z"}
{"level":"info","message":"⌛ Building environment","timeElapsed":115,"timestamp":"2024-08-25T13:31:13.164Z"}
{"level":"info","message":"⌛ Building environment","timeElapsed":112,"timestamp":"2024-08-25T13:31:13.283Z"}
{"level":"info","message":"⌛ Building environment","timeElapsed":123,"timestamp":"2024-08-25T13:31:13.413Z"}
{"level":"info","message":"⌛ Building environment","timeElapsed":107,"timestamp":"2024-08-25T13:31:13.521Z"}
{"level":"info","message":"⌛ Validating clase1.wlk","timeElapsed":150,"timestamp":"2024-08-25T13:31:13.671Z"}
{"level":"info","message":"⌛ Validating clase1.wlk","timeElapsed":140,"timestamp":"2024-08-25T13:31:13.812Z"}
{"level":"info","message":"⌛ Validating clase1.wlk","timeElapsed":150,"timestamp":"2024-08-25T13:31:13.968Z"}
{"level":"info","message":"⌛ Validating clase1.wlk","timeElapsed":145,"timestamp":"2024-08-25T13:31:14.113Z"}
{"level":"info","message":"⌛ Validating clase1.wlk","timeElapsed":117,"timestamp":"2024-08-25T13:31:14.231Z"}
{"level":"info","message":"⌛ Building environment","timeElapsed":158,"timestamp":"2024-08-25T13:31:14.389Z"}
{"level":"info","message":"⌛ Validating clase1.wlk","timeElapsed":181,"timestamp":"2024-08-25T13:31:14.578Z"}
{"level":"info","message":"⌛ Validating clase1.wlk","timeElapsed":181,"timestamp":"2024-08-25T13:31:14.862Z"}
{"level":"info","message":"⌛ Building environment","timeElapsed":104,"timestamp":"2024-08-25T13:31:15.126Z"}
{"level":"info","message":"⌛ Validating clase1.wlk","timeElapsed":151,"timestamp":"2024-08-25T13:31:15.285Z"}
{"level":"info","message":"⌛ Validating clase1.wlk","timeElapsed":174,"timestamp":"2024-08-25T13:31:15.463Z"}
{"level":"info","message":"⌛ Building environment","timeElapsed":125,"timestamp":"2024-08-25T13:31:15.589Z"}
{"level":"info","message":"⌛ Validating clase1.wlk","timeElapsed":161,"timestamp":"2024-08-25T13:31:15.750Z"}
{"level":"info","message":"⌛ Validating clase1.wlk","timeElapsed":151,"timestamp":"2024-08-25T13:31:15.902Z"}
{"level":"info","message":"⌛ Building environment","timeElapsed":117,"timestamp":"2024-08-25T13:31:16.021Z"}
{"level":"info","message":"⌛ Validating clase1.wlk","timeElapsed":148,"timestamp":"2024-08-25T13:31:16.170Z"}
{"level":"info","message":"⌛ Building environment","timeElapsed":125,"timestamp":"2024-08-25T13:31:16.300Z"}
{"level":"info","message":"⌛ Validating clase1.wlk","timeElapsed":150,"timestamp":"2024-08-25T13:31:16.625Z"}
{"level":"info","message":"⌛ Building environment","timeElapsed":129,"timestamp":"2024-08-25T13:31:16.755Z"}
{"level":"info","message":"⌛ Building environment","timeElapsed":127,"timestamp":"2024-08-25T13:31:16.883Z"}
{"level":"info","message":"⌛ Building environment","timeElapsed":182,"timestamp":"2024-08-25T13:31:17.068Z"}
{"level":"info","message":"⌛ Validating clase1.wlk","timeElapsed":165,"timestamp":"2024-08-25T13:31:17.241Z"}
{"level":"info","message":"⌛ Validating clase1.wlk","timeElapsed":173,"timestamp":"2024-08-25T13:31:17.579Z"}
{"level":"info","message":"⌛ Validating clase1.wlk","timeElapsed":128,"timestamp":"2024-08-25T13:31:17.708Z"}
{"level":"info","message":"⌛ Validating clase1.wlk","timeElapsed":155,"timestamp":"2024-08-25T13:31:17.963Z"}
{"level":"info","message":"⌛ Building environment","timeElapsed":107,"timestamp":"2024-08-25T13:31:18.071Z"}
{"level":"info","message":"⌛ Validating clase1.wlk","timeElapsed":224,"timestamp":"2024-08-25T13:31:18.296Z"}
{"level":"info","message":"⌛ Validating clase1.wlk","timeElapsed":132,"timestamp":"2024-08-25T13:31:18.518Z"}
{"level":"info","message":"⌛ Validating clase1.wlk","timeElapsed":119,"timestamp":"2024-08-25T13:31:18.637Z"}
{"level":"info","message":"⌛ Validating clase1.wlk","timeElapsed":211,"timestamp":"2024-08-25T13:31:18.854Z"}
{"level":"info","message":"⌛ Validating clase1.wlk","timeElapsed":136,"timestamp":"2024-08-25T13:31:18.991Z"}
{"level":"info","message":"⌛ Building environment","timeElapsed":101,"timestamp":"2024-08-25T13:31:19.092Z"}
{"level":"info","message":"⌛ Validating clase1.wlk","timeElapsed":147,"timestamp":"2024-08-25T13:31:19.240Z"}
{"level":"info","message":"⌛ Validating clase1.wlk","timeElapsed":190,"timestamp":"2024-08-25T13:31:19.531Z"}
{"level":"info","message":"⌛ Validating clase1.wlk","timeElapsed":139,"timestamp":"2024-08-25T13:31:19.777Z"}
{"level":"info","message":"⌛ Building environment","timeElapsed":108,"timestamp":"2024-08-25T13:31:20.053Z"}
{"level":"info","message":"⌛ Validating clase1.wlk","timeElapsed":153,"timestamp":"2024-08-25T13:31:20.383Z"}
{"level":"info","message":"⌛ Building environment","timeElapsed":134,"timestamp":"2024-08-25T13:31:20.517Z"}
{"level":"info","message":"⌛ Validating clase1.wlk","timeElapsed":171,"timestamp":"2024-08-25T13:31:20.698Z"}
{"level":"info","message":"⌛ Building environment","timeElapsed":141,"timestamp":"2024-08-25T13:31:20.839Z"}
{"level":"info","message":"⌛ Validating clase1.wlk","timeElapsed":146,"timestamp":"2024-08-25T13:31:21.169Z"}
{"level":"info","message":"⌛ Validating clase1.wlk","timeElapsed":142,"timestamp":"2024-08-25T13:31:21.312Z"}
{"level":"info","message":"⌛ Validating clase1.wlk","timeElapsed":151,"timestamp":"2024-08-25T13:31:21.558Z"}
{"level":"info","message":"⌛ Validating clase1.wlk","timeElapsed":111,"timestamp":"2024-08-25T13:31:21.764Z"}
{"level":"info","message":"⌛ Validating clase1.wlk","timeElapsed":106,"timestamp":"2024-08-25T13:31:21.870Z"}
{"level":"info","message":"⌛ Validating clase1.wlk","timeElapsed":149,"timestamp":"2024-08-25T13:31:22.020Z"}
{"level":"info","message":"⌛ Validating clase1.wlk","timeElapsed":191,"timestamp":"2024-08-25T13:31:22.216Z"}
{"level":"info","message":"⌛ Validating clase1.wlk","timeElapsed":175,"timestamp":"2024-08-25T13:31:22.394Z"}
{"level":"info","message":"⌛ Validating clase1.wlk","timeElapsed":177,"timestamp":"2024-08-25T13:31:22.571Z"}
{"level":"info","message":"⌛ Validating clase1.wlk","timeElapsed":115,"timestamp":"2024-08-25T13:31:22.687Z"}
{"level":"info","message":"⌛ Validating clase1.wlk","timeElapsed":105,"timestamp":"2024-08-25T13:31:22.792Z"}
{"level":"info","message":"⌛ Building environment","timeElapsed":102,"timestamp":"2024-08-25T13:31:22.895Z"}
{"level":"info","message":"⌛ Validating clase1.wlk","timeElapsed":174,"timestamp":"2024-08-25T13:31:23.070Z"}
{"level":"info","message":"⌛ Building environment","timeElapsed":103,"timestamp":"2024-08-25T13:31:23.179Z"}
{"level":"info","message":"⌛ Validating clase1.wlk","timeElapsed":107,"timestamp":"2024-08-25T13:31:23.286Z"}
{"level":"info","message":"⌛ Validating clase1.wlk","timeElapsed":162,"timestamp":"2024-08-25T13:31:23.452Z"}
{"level":"info","message":"⌛ Building environment","timeElapsed":162,"timestamp":"2024-08-25T13:31:24.137Z"}
{"level":"info","message":"⌛ Validating clase1.wlk","timeElapsed":149,"timestamp":"2024-08-25T13:31:24.287Z"}
{"level":"info","message":"⌛ Building environment","timeElapsed":196,"timestamp":"2024-08-25T13:31:26.185Z"}
{"level":"info","message":"⌛ Validating clase1.wlk","timeElapsed":132,"timestamp":"2024-08-25T13:31:26.318Z"}
{"level":"info","message":"⌛ Building environment","timeElapsed":148,"timestamp":"2024-08-25T13:31:31.318Z"}
{"level":"info","message":"⌛ Validating clase1.wlk","timeElapsed":165,"timestamp":"2024-08-25T13:31:31.485Z"}
{"level":"info","message":"⌛ Building environment","timeElapsed":197,"timestamp":"2024-08-25T13:31:32.186Z"}
{"level":"info","message":"⌛ Validating clase1.wlk","timeElapsed":155,"timestamp":"2024-08-25T13:31:32.343Z"}
{"level":"info","message":"⌛ Building environment","timeElapsed":166,"timestamp":"2024-08-25T13:31:33.247Z"}
{"level":"info","message":"⌛ Validating clase1.wlk","timeElapsed":157,"timestamp":"2024-08-25T13:31:33.412Z"}
{"level":"info","message":"⌛ Building environment","timeElapsed":144,"timestamp":"2024-08-25T13:31:33.632Z"}
{"level":"info","message":"⌛ Validating clase1.wlk","timeElapsed":125,"timestamp":"2024-08-25T13:31:33.758Z"}
{"level":"info","message":"⌛ Validating clase1.wlk","timeElapsed":111,"timestamp":"2024-08-25T13:31:33.946Z"}
{"level":"info","message":"⌛ Building environment","timeElapsed":128,"timestamp":"2024-08-25T13:31:34.120Z"}
{"level":"info","message":"⌛ Validating clase1.wlk","timeElapsed":143,"timestamp":"2024-08-25T13:31:34.270Z"}
{"level":"info","message":"⌛ Building environment","timeElapsed":179,"timestamp":"2024-08-25T13:31:34.637Z"}
{"level":"info","message":"⌛ Validating clase1.wlk","timeElapsed":136,"timestamp":"2024-08-25T13:31:34.774Z"}
{"level":"info","message":"⌛ Building environment","timeElapsed":119,"timestamp":"2024-08-25T13:31:34.977Z"}
{"level":"info","message":"⌛ Validating clase1.wlk","timeElapsed":177,"timestamp":"2024-08-25T13:31:35.155Z"}
{"level":"info","message":"⌛ Validating clase1.wlk","timeElapsed":174,"timestamp":"2024-08-25T13:31:35.330Z"}
{"level":"info","message":"⌛ Building environment","timeElapsed":110,"timestamp":"2024-08-25T13:31:35.441Z"}
{"level":"info","message":"⌛ Building environment","timeElapsed":105,"timestamp":"2024-08-25T13:31:35.548Z"}
{"level":"info","message":"⌛ Building environment","timeElapsed":121,"timestamp":"2024-08-25T13:31:35.669Z"}
{"level":"info","message":"⌛ Validating clase1.wlk","timeElapsed":141,"timestamp":"2024-08-25T13:31:35.810Z"}
{"level":"info","message":"⌛ Validating clase1.wlk","timeElapsed":156,"timestamp":"2024-08-25T13:31:35.967Z"}
{"level":"info","message":"⌛ Validating clase1.wlk","timeElapsed":213,"timestamp":"2024-08-25T13:31:36.188Z"}
{"level":"info","message":"⌛ Building environment","timeElapsed":115,"timestamp":"2024-08-25T13:31:36.305Z"}
{"level":"info","message":"⌛ Building environment","timeElapsed":124,"timestamp":"2024-08-25T13:31:36.525Z"}
{"level":"info","message":"⌛ Building environment","timeElapsed":107,"timestamp":"2024-08-25T13:31:36.632Z"}
{"level":"info","message":"⌛ Validating clase1.wlk","timeElapsed":158,"timestamp":"2024-08-25T13:31:36.791Z"}
{"level":"info","message":"⌛ Validating clase1.wlk","timeElapsed":126,"timestamp":"2024-08-25T13:31:36.917Z"}
{"level":"info","message":"⌛ Validating clase1.wlk","timeElapsed":121,"timestamp":"2024-08-25T13:31:37.038Z"}
{"level":"info","message":"⌛ Validating clase1.wlk","timeElapsed":128,"timestamp":"2024-08-25T13:31:37.248Z"}
{"level":"info","message":"⌛ Building environment","timeElapsed":112,"timestamp":"2024-08-25T13:31:37.362Z"}
{"level":"info","message":"⌛ Validating clase1.wlk","timeElapsed":132,"timestamp":"2024-08-25T13:31:37.592Z"}
{"level":"info","message":"⌛ Building environment","timeElapsed":111,"timestamp":"2024-08-25T13:31:37.703Z"}
{"level":"info","message":"⌛ Validating clase1.wlk","timeElapsed":158,"timestamp":"2024-08-25T13:31:37.861Z"}
{"level":"info","message":"⌛ Validating clase1.wlk","timeElapsed":112,"timestamp":"2024-08-25T13:31:37.979Z"}
{"level":"info","message":"⌛ Building environment","timeElapsed":122,"timestamp":"2024-08-25T13:31:38.102Z"}
{"level":"info","message":"⌛ Validating clase1.wlk","timeElapsed":193,"timestamp":"2024-08-25T13:31:38.295Z"}
{"level":"info","message":"⌛ Validating clase1.wlk","timeElapsed":165,"timestamp":"2024-08-25T13:31:38.479Z"}
{"level":"info","message":"⌛ Validating clase1.wlk","timeElapsed":149,"timestamp":"2024-08-25T13:31:38.690Z"}
{"level":"info","message":"⌛ Building environment","timeElapsed":225,"timestamp":"2024-08-25T13:31:39.363Z"}
{"level":"info","message":"⌛ Building environment","timeElapsed":103,"timestamp":"2024-08-25T13:31:39.466Z"}
{"level":"info","message":"⌛ Validating clase1.wlk","timeElapsed":150,"timestamp":"2024-08-25T13:31:39.628Z"}
{"level":"info","message":"⌛ Validating clase1.wlk","timeElapsed":156,"timestamp":"2024-08-25T13:31:39.784Z"}
{"level":"info","message":"⌛ Validating clase1.wlk","timeElapsed":147,"timestamp":"2024-08-25T13:31:40.093Z"}
{"level":"info","message":"⌛ Building environment","timeElapsed":123,"timestamp":"2024-08-25T13:31:40.216Z"}
{"level":"info","message":"⌛ Validating clase1.wlk","timeElapsed":192,"timestamp":"2024-08-25T13:31:40.408Z"}
{"level":"info","message":"⌛ Building environment","timeElapsed":146,"timestamp":"2024-08-25T13:31:40.554Z"}
{"level":"info","message":"⌛ Validating clase1.wlk","timeElapsed":239,"timestamp":"2024-08-25T13:31:40.794Z"}
{"level":"info","message":"⌛ Validating clase1.wlk","timeElapsed":154,"timestamp":"2024-08-25T13:31:40.955Z"}
{"level":"info","message":"⌛ Building environment","timeElapsed":108,"timestamp":"2024-08-25T13:31:41.365Z"}
{"level":"info","message":"⌛ Validating clase1.wlk","timeElapsed":184,"timestamp":"2024-08-25T13:31:41.551Z"}
{"level":"info","message":"⌛ Validating clase1.wlk","timeElapsed":159,"timestamp":"2024-08-25T13:31:41.803Z"}
{"level":"info","message":"⌛ Building environment","timeElapsed":223,"timestamp":"2024-08-25T13:31:42.697Z"}
{"level":"info","message":"⌛ Building environment","timeElapsed":125,"timestamp":"2024-08-25T13:31:42.823Z"}
{"level":"info","message":"⌛ Validating clase1.wlk","timeElapsed":125,"timestamp":"2024-08-25T13:31:42.949Z"}
{"level":"info","message":"⌛ Building environment","timeElapsed":110,"timestamp":"2024-08-25T13:31:43.061Z"}
{"level":"info","message":"⌛ Validating clase1.wlk","timeElapsed":128,"timestamp":"2024-08-25T13:31:43.189Z"}
{"level":"info","message":"⌛ Validating clase1.wlk","timeElapsed":108,"timestamp":"2024-08-25T13:31:43.301Z"}
{"level":"info","message":"⌛ Building environment","timeElapsed":256,"timestamp":"2024-08-25T13:31:43.857Z"}
{"level":"info","message":"⌛ Building environment","timeElapsed":106,"timestamp":"2024-08-25T13:31:43.971Z"}
{"level":"info","message":"⌛ Validating clase1.wlk","timeElapsed":120,"timestamp":"2024-08-25T13:31:44.099Z"}
{"level":"info","message":"⌛ Validating clase1.wlk","timeElapsed":218,"timestamp":"2024-08-25T13:31:44.321Z"}
{"level":"info","message":"⌛ Building environment","timeElapsed":194,"timestamp":"2024-08-25T13:31:44.517Z"}
{"level":"info","message":"⌛ Validating clase1.wlk","timeElapsed":132,"timestamp":"2024-08-25T13:31:44.659Z"}
{"level":"info","message":"⌛ Building environment","timeElapsed":146,"timestamp":"2024-08-25T13:31:45.179Z"}
{"level":"info","message":"⌛ Validating clase1.wlk","timeElapsed":149,"timestamp":"2024-08-25T13:31:45.329Z"}
{"level":"info","message":"⌛ Building environment","timeElapsed":205,"timestamp":"2024-08-25T13:31:45.605Z"}
{"level":"info","message":"⌛ Building environment","timeElapsed":161,"timestamp":"2024-08-25T13:31:45.773Z"}
{"level":"info","message":"⌛ Validating clase1.wlk","timeElapsed":159,"timestamp":"2024-08-25T13:31:45.933Z"}
{"level":"info","message":"⌛ Building environment","timeElapsed":120,"timestamp":"2024-08-25T13:31:46.054Z"}
{"level":"info","message":"⌛ Building environment","timeElapsed":158,"timestamp":"2024-08-25T13:31:46.214Z"}
{"level":"info","message":"⌛ Validating clase1.wlk","timeElapsed":185,"timestamp":"2024-08-25T13:31:46.400Z"}
{"level":"info","message":"⌛ Building environment","timeElapsed":115,"timestamp":"2024-08-25T13:31:46.615Z"}
{"level":"info","message":"⌛ Validating clase1.wlk","timeElapsed":162,"timestamp":"2024-08-25T13:31:46.777Z"}
{"level":"info","message":"⌛ Building environment","timeElapsed":101,"timestamp":"2024-08-25T13:31:46.879Z"}
{"level":"info","message":"⌛ Validating clase1.wlk","timeElapsed":111,"timestamp":"2024-08-25T13:31:47.081Z"}
{"level":"info","message":"⌛ Validating clase1.wlk","timeElapsed":132,"timestamp":"2024-08-25T13:31:47.318Z"}
{"level":"info","message":"⌛ Building environment","timeElapsed":178,"timestamp":"2024-08-25T13:31:47.498Z"}
{"level":"info","message":"⌛ Validating clase1.wlk","timeElapsed":207,"timestamp":"2024-08-25T13:31:47.717Z"}
{"level":"info","message":"⌛ Building environment","timeElapsed":352,"timestamp":"2024-08-25T13:31:48.076Z"}
{"level":"info","message":"⌛ Building environment","timeElapsed":126,"timestamp":"2024-08-25T13:31:48.203Z"}
{"level":"info","message":"⌛ Validating clase1.wlk","timeElapsed":185,"timestamp":"2024-08-25T13:31:48.390Z"}
{"level":"info","message":"⌛ Building environment","timeElapsed":111,"timestamp":"2024-08-25T13:31:48.502Z"}
{"level":"info","message":"⌛ Validating clase1.wlk","timeElapsed":166,"timestamp":"2024-08-25T13:31:48.668Z"}
{"level":"info","message":"⌛ Validating clase1.wlk","timeElapsed":125,"timestamp":"2024-08-25T13:31:48.793Z"}
{"level":"info","message":"⌛ Building environment","timeElapsed":132,"timestamp":"2024-08-25T13:31:48.930Z"}
{"level":"info","message":"⌛ Building environment","timeElapsed":108,"timestamp":"2024-08-25T13:31:49.048Z"}
{"level":"info","message":"⌛ Validating clase1.wlk","timeElapsed":158,"timestamp":"2024-08-25T13:31:49.206Z"}
{"level":"info","message":"⌛ Building environment","timeElapsed":120,"timestamp":"2024-08-25T13:31:49.332Z"}
{"level":"info","message":"⌛ Building environment","timeElapsed":116,"timestamp":"2024-08-25T13:31:49.454Z"}
{"level":"info","message":"⌛ Validating clase1.wlk","timeElapsed":142,"timestamp":"2024-08-25T13:31:49.596Z"}
{"level":"info","message":"⌛ Validating clase1.wlk","timeElapsed":126,"timestamp":"2024-08-25T13:31:49.726Z"}
{"level":"info","message":"⌛ Validating clase1.wlk","timeElapsed":151,"timestamp":"2024-08-25T13:31:50.030Z"}
{"level":"info","message":"⌛ Validating clase1.wlk","timeElapsed":141,"timestamp":"2024-08-25T13:31:50.340Z"}
{"level":"info","message":"⌛ Building environment","timeElapsed":111,"timestamp":"2024-08-25T13:31:50.452Z"}
{"level":"info","message":"⌛ Validating clase1.wlk","timeElapsed":151,"timestamp":"2024-08-25T13:31:50.603Z"}
{"level":"info","message":"⌛ Building environment","timeElapsed":111,"timestamp":"2024-08-25T13:31:50.716Z"}
{"level":"info","message":"⌛ Validating clase1.wlk","timeElapsed":140,"timestamp":"2024-08-25T13:31:50.965Z"}
{"level":"info","message":"⌛ Building environment","timeElapsed":123,"timestamp":"2024-08-25T13:31:51.092Z"}
{"level":"info","message":"⌛ Validating clase1.wlk","timeElapsed":133,"timestamp":"2024-08-25T13:31:51.235Z"}
{"level":"info","message":"⌛ Building environment","timeElapsed":153,"timestamp":"2024-08-25T13:31:51.393Z"}
{"level":"info","message":"⌛ Validating clase1.wlk","timeElapsed":123,"timestamp":"2024-08-25T13:31:51.608Z"}
{"level":"info","message":"⌛ Validating clase1.wlk","timeElapsed":117,"timestamp":"2024-08-25T13:31:51.726Z"}
{"level":"info","message":"⌛ Validating clase1.wlk","timeElapsed":171,"timestamp":"2024-08-25T13:31:52.002Z"}
{"level":"info","message":"⌛ Validating clase1.wlk","timeElapsed":128,"timestamp":"2024-08-25T13:31:52.131Z"}
{"level":"info","message":"⌛ Validating clase1.wlk","timeElapsed":135,"timestamp":"2024-08-25T13:31:52.363Z"}
{"level":"info","message":"⌛ Validating clase1.wlk","timeElapsed":120,"timestamp":"2024-08-25T13:31:52.564Z"}
{"level":"info","message":"⌛ Validating clase1.wlk","timeElapsed":143,"timestamp":"2024-08-25T13:31:52.788Z"}
{"level":"info","message":"⌛ Building environment","timeElapsed":198,"timestamp":"2024-08-25T13:31:52.988Z"}
{"level":"info","message":"⌛ Building environment","timeElapsed":129,"timestamp":"2024-08-25T13:31:53.117Z"}
{"level":"info","message":"⌛ Validating clase1.wlk","timeElapsed":202,"timestamp":"2024-08-25T13:31:53.320Z"}
{"level":"info","message":"⌛ Building environment","timeElapsed":118,"timestamp":"2024-08-25T13:31:53.439Z"}
{"level":"info","message":"⌛ Validating clase1.wlk","timeElapsed":150,"timestamp":"2024-08-25T13:31:53.793Z"}
{"level":"info","message":"⌛ Validating clase1.wlk","timeElapsed":187,"timestamp":"2024-08-25T13:31:54.071Z"}
{"level":"info","message":"⌛ Validating clase1.wlk","timeElapsed":157,"timestamp":"2024-08-25T13:31:54.399Z"}
{"level":"info","message":"⌛ Building environment","timeElapsed":118,"timestamp":"2024-08-25T13:31:54.518Z"}
{"level":"info","message":"⌛ Building environment","timeElapsed":131,"timestamp":"2024-08-25T13:31:54.660Z"}
{"level":"info","message":"⌛ Validating clase1.wlk","timeElapsed":194,"timestamp":"2024-08-25T13:31:54.869Z"}
{"level":"info","message":"⌛ Building environment","timeElapsed":155,"timestamp":"2024-08-25T13:31:55.024Z"}
{"level":"info","message":"⌛ Building environment","timeElapsed":101,"timestamp":"2024-08-25T13:31:55.133Z"}
{"level":"info","message":"⌛ Validating clase1.wlk","timeElapsed":188,"timestamp":"2024-08-25T13:31:55.321Z"}
{"level":"info","message":"⌛ Building environment","timeElapsed":117,"timestamp":"2024-08-25T13:31:55.438Z"}
{"level":"info","message":"⌛ Validating clase1.wlk","timeElapsed":149,"timestamp":"2024-08-25T13:31:55.588Z"}
{"level":"info","message":"⌛ Building environment","timeElapsed":112,"timestamp":"2024-08-25T13:31:55.786Z"}
{"level":"info","message":"⌛ Building environment","timeElapsed":111,"timestamp":"2024-08-25T13:31:55.906Z"}
{"level":"info","message":"⌛ Validating clase1.wlk","timeElapsed":118,"timestamp":"2024-08-25T13:31:56.030Z"}
{"level":"info","message":"⌛ Validating clase1.wlk","timeElapsed":149,"timestamp":"2024-08-25T13:31:56.180Z"}
{"level":"info","message":"⌛ Building environment","timeElapsed":117,"timestamp":"2024-08-25T13:31:56.397Z"}
{"level":"info","message":"⌛ Building environment","timeElapsed":103,"timestamp":"2024-08-25T13:31:56.501Z"}
{"level":"info","message":"⌛ Validating clase1.wlk","timeElapsed":109,"timestamp":"2024-08-25T13:31:56.618Z"}
{"level":"info","message":"⌛ Validating clase1.wlk","timeElapsed":151,"timestamp":"2024-08-25T13:31:56.769Z"}
{"level":"info","message":"⌛ Building environment","timeElapsed":116,"timestamp":"2024-08-25T13:31:56.885Z"}
{"level":"info","message":"⌛ Validating clase1.wlk","timeElapsed":148,"timestamp":"2024-08-25T13:31:57.033Z"}
{"level":"info","message":"⌛ Building environment","timeElapsed":106,"timestamp":"2024-08-25T13:31:57.140Z"}
{"level":"info","message":"⌛ Building environment","timeElapsed":105,"timestamp":"2024-08-25T13:31:57.245Z"}
{"level":"info","message":"⌛ Validating clase1.wlk","timeElapsed":159,"timestamp":"2024-08-25T13:31:57.405Z"}
{"level":"info","message":"⌛ Validating clase1.wlk","timeElapsed":161,"timestamp":"2024-08-25T13:31:57.815Z"}
{"level":"info","message":"⌛ Validating clase1.wlk","timeElapsed":153,"timestamp":"2024-08-25T13:31:58.047Z"}
{"level":"info","message":"⌛ Validating clase1.wlk","timeElapsed":177,"timestamp":"2024-08-25T13:31:58.422Z"}
{"level":"info","message":"⌛ Building environment","timeElapsed":242,"timestamp":"2024-08-25T13:31:58.664Z"}
{"level":"info","message":"⌛ Validating clase1.wlk","timeElapsed":133,"timestamp":"2024-08-25T13:31:58.804Z"}
{"level":"info","message":"⌛ Building environment","timeElapsed":136,"timestamp":"2024-08-25T13:31:58.940Z"}
{"level":"info","message":"⌛ Validating clase1.wlk","timeElapsed":134,"timestamp":"2024-08-25T13:31:59.285Z"}
{"level":"info","message":"⌛ Validating clase1.wlk","timeElapsed":116,"timestamp":"2024-08-25T13:31:59.402Z"}
{"level":"info","message":"⌛ Building environment","timeElapsed":107,"timestamp":"2024-08-25T13:31:59.603Z"}
{"level":"info","message":"⌛ Validating clase1.wlk","timeElapsed":150,"timestamp":"2024-08-25T13:31:59.761Z"}
{"level":"info","message":"⌛ Building environment","timeElapsed":137,"timestamp":"2024-08-25T13:31:59.899Z"}
{"level":"info","message":"⌛ Validating clase1.wlk","timeElapsed":150,"timestamp":"2024-08-25T13:32:00.053Z"}
{"level":"info","message":"⌛ Validating clase1.wlk","timeElapsed":119,"timestamp":"2024-08-25T13:32:00.172Z"}
{"level":"info","message":"⌛ Building environment","timeElapsed":113,"timestamp":"2024-08-25T13:32:00.285Z"}
{"level":"info","message":"⌛ Validating clase1.wlk","timeElapsed":175,"timestamp":"2024-08-25T13:32:00.467Z"}
{"level":"info","message":"⌛ Building environment","timeElapsed":108,"timestamp":"2024-08-25T13:32:00.671Z"}
{"level":"info","message":"⌛ Validating clase1.wlk","timeElapsed":142,"timestamp":"2024-08-25T13:32:00.813Z"}
{"level":"info","message":"⌛ Validating clase1.wlk","timeElapsed":204,"timestamp":"2024-08-25T13:32:01.018Z"}
{"level":"info","message":"⌛ Validating clase1.wlk","timeElapsed":159,"timestamp":"2024-08-25T13:32:01.187Z"}
{"level":"info","message":"⌛ Validating clase1.wlk","timeElapsed":119,"timestamp":"2024-08-25T13:32:01.307Z"}
{"level":"info","message":"⌛ Validating clase1.wlk","timeElapsed":177,"timestamp":"2024-08-25T13:32:01.484Z"}
{"level":"info","message":"⌛ Validating clase1.wlk","timeElapsed":207,"timestamp":"2024-08-25T13:32:01.693Z"}
{"level":"info","message":"⌛ Validating clase1.wlk","timeElapsed":204,"timestamp":"2024-08-25T13:32:01.898Z"}
{"level":"info","message":"⌛ Validating clase1.wlk","timeElapsed":157,"timestamp":"2024-08-25T13:32:02.056Z"}
{"level":"info","message":"⌛ Validating clase1.wlk","timeElapsed":175,"timestamp":"2024-08-25T13:32:02.233Z"}
{"level":"info","message":"⌛ Validating clase1.wlk","timeElapsed":161,"timestamp":"2024-08-25T13:32:02.394Z"}
{"level":"info","message":"⌛ Validating clase1.wlk","timeElapsed":111,"timestamp":"2024-08-25T13:32:02.605Z"}
{"level":"info","message":"⌛ Validating clase1.wlk","timeElapsed":122,"timestamp":"2024-08-25T13:32:02.728Z"}
{"level":"info","message":"⌛ Validating clase1.wlk","timeElapsed":123,"timestamp":"2024-08-25T13:32:02.851Z"}
{"level":"info","message":"⌛ Validating clase1.wlk","timeElapsed":102,"timestamp":"2024-08-25T13:32:02.954Z"}
{"level":"info","message":"⌛ Validating clase1.wlk","timeElapsed":121,"timestamp":"2024-08-25T13:32:03.075Z"}
{"level":"info","message":"⌛ Validating clase1.wlk","timeElapsed":107,"timestamp":"2024-08-25T13:32:03.184Z"}
{"level":"info","message":"⌛ Validating clase1.wlk","timeElapsed":129,"timestamp":"2024-08-25T13:32:03.314Z"}
{"level":"info","message":"⌛ Validating clase1.wlk","timeElapsed":114,"timestamp":"2024-08-25T13:32:03.428Z"}
{"level":"info","message":"⌛ Validating clase1.wlk","timeElapsed":142,"timestamp":"2024-08-25T13:32:03.667Z"}
{"level":"info","message":"⌛ Validating clase1.wlk","timeElapsed":142,"timestamp":"2024-08-25T13:32:03.809Z"}
{"level":"info","message":"⌛ Validating clase1.wlk","timeElapsed":128,"timestamp":"2024-08-25T13:32:04.012Z"}
{"level":"info","message":"⌛ Building environment","timeElapsed":156,"timestamp":"2024-08-25T13:32:06.353Z"}
{"level":"info","message":"⌛ Validating clase1.wlk","timeElapsed":156,"timestamp":"2024-08-25T13:32:06.511Z"}
{"level":"info","message":"⌛ Validating clase1.wlk","timeElapsed":128,"timestamp":"2024-08-25T13:32:06.727Z"}
{"level":"info","message":"⌛ Building environment","timeElapsed":165,"timestamp":"2024-08-25T13:32:07.165Z"}
{"level":"info","message":"⌛ Validating clase1.wlk","timeElapsed":161,"timestamp":"2024-08-25T13:32:07.329Z"}
{"level":"info","message":"⌛ Building environment","timeElapsed":110,"timestamp":"2024-08-25T13:32:07.439Z"}
{"level":"info","message":"⌛ Validating clase1.wlk","timeElapsed":180,"timestamp":"2024-08-25T13:32:07.621Z"}
{"level":"info","message":"⌛ Building environment","timeElapsed":114,"timestamp":"2024-08-25T13:32:07.736Z"}
{"level":"info","message":"⌛ Building environment","timeElapsed":106,"timestamp":"2024-08-25T13:32:07.843Z"}
{"level":"info","message":"⌛ Validating clase1.wlk","timeElapsed":183,"timestamp":"2024-08-25T13:32:08.027Z"}
{"level":"info","message":"⌛ Validating clase1.wlk","timeElapsed":171,"timestamp":"2024-08-25T13:32:08.199Z"}
{"level":"info","message":"⌛ Building environment","timeElapsed":113,"timestamp":"2024-08-25T13:32:08.313Z"}
{"level":"info","message":"⌛ Building environment","timeElapsed":121,"timestamp":"2024-08-25T13:32:08.436Z"}
{"level":"info","message":"⌛ Building environment","timeElapsed":115,"timestamp":"2024-08-25T13:32:08.552Z"}
{"level":"info","message":"⌛ Validating clase1.wlk","timeElapsed":142,"timestamp":"2024-08-25T13:32:08.694Z"}
{"level":"info","message":"⌛ Validating clase1.wlk","timeElapsed":106,"timestamp":"2024-08-25T13:32:08.801Z"}
{"level":"info","message":"⌛ Validating clase1.wlk","timeElapsed":108,"timestamp":"2024-08-25T13:32:08.913Z"}
{"level":"info","message":"⌛ Building environment","timeElapsed":104,"timestamp":"2024-08-25T13:32:09.201Z"}
{"level":"info","message":"⌛ Validating clase1.wlk","timeElapsed":160,"timestamp":"2024-08-25T13:32:09.382Z"}
{"level":"info","message":"⌛ Validating clase1.wlk","timeElapsed":190,"timestamp":"2024-08-25T13:32:09.572Z"}
{"level":"info","message":"⌛ Validating clase1.wlk","timeElapsed":173,"timestamp":"2024-08-25T13:32:09.831Z"}
{"level":"info","message":"⌛ Building environment","timeElapsed":126,"timestamp":"2024-08-25T13:32:09.958Z"}
{"level":"info","message":"⌛ Validating clase1.wlk","timeElapsed":115,"timestamp":"2024-08-25T13:32:10.164Z"}
{"level":"info","message":"⌛ Building environment","timeElapsed":104,"timestamp":"2024-08-25T13:32:10.268Z"}
{"level":"info","message":"⌛ Validating clase1.wlk","timeElapsed":145,"timestamp":"2024-08-25T13:32:10.413Z"}
{"level":"info","message":"⌛ Validating clase1.wlk","timeElapsed":167,"timestamp":"2024-08-25T13:32:10.654Z"}
{"level":"info","message":"⌛ Validating clase1.wlk","timeElapsed":190,"timestamp":"2024-08-25T13:32:10.845Z"}
{"level":"info","message":"⌛ Validating clase1.wlk","timeElapsed":118,"timestamp":"2024-08-25T13:32:10.967Z"}
{"level":"info","message":"⌛ Building environment","timeElapsed":340,"timestamp":"2024-08-25T13:32:11.308Z"}
{"level":"info","message":"⌛ Building environment","timeElapsed":127,"timestamp":"2024-08-25T13:32:11.607Z"}
{"level":"info","message":"⌛ Validating clase1.wlk","timeElapsed":188,"timestamp":"2024-08-25T13:32:11.801Z"}
{"level":"info","message":"⌛ Validating clase1.wlk","timeElapsed":146,"timestamp":"2024-08-25T13:32:11.948Z"}
{"level":"info","message":"⌛ Validating clase1.wlk","timeElapsed":178,"timestamp":"2024-08-25T13:32:12.216Z"}
{"level":"info","message":"⌛ Building environment","timeElapsed":117,"timestamp":"2024-08-25T13:32:12.334Z"}
{"level":"info","message":"⌛ Validating clase1.wlk","timeElapsed":189,"timestamp":"2024-08-25T13:32:12.524Z"}
{"level":"info","message":"⌛ Building environment","timeElapsed":109,"timestamp":"2024-08-25T13:32:12.633Z"}
{"level":"info","message":"⌛ Validating clase1.wlk","timeElapsed":185,"timestamp":"2024-08-25T13:32:13.010Z"}
{"level":"info","message":"⌛ Validating clase1.wlk","timeElapsed":151,"timestamp":"2024-08-25T13:32:13.261Z"}
{"level":"info","message":"⌛ Validating clase1.wlk","timeElapsed":171,"timestamp":"2024-08-25T13:32:13.519Z"}
{"level":"info","message":"⌛ Validating clase1.wlk","timeElapsed":120,"timestamp":"2024-08-25T13:32:13.729Z"}
{"level":"info","message":"⌛ Validating clase1.wlk","timeElapsed":163,"timestamp":"2024-08-25T13:32:13.892Z"}
{"level":"info","message":"⌛ Building environment","timeElapsed":118,"timestamp":"2024-08-25T13:32:14.099Z"}
{"level":"info","message":"⌛ Validating clase1.wlk","timeElapsed":149,"timestamp":"2024-08-25T13:32:14.249Z"}
{"level":"info","message":"⌛ Validating clase1.wlk","timeElapsed":120,"timestamp":"2024-08-25T13:32:14.447Z"}
{"level":"info","message":"⌛ Validating clase1.wlk","timeElapsed":172,"timestamp":"2024-08-25T13:32:14.777Z"}
{"level":"info","message":"⌛ Building environment","timeElapsed":114,"timestamp":"2024-08-25T13:32:14.891Z"}
{"level":"info","message":"⌛ Validating clase1.wlk","timeElapsed":143,"timestamp":"2024-08-25T13:32:15.036Z"}
{"level":"info","message":"⌛ Validating clase1.wlk","timeElapsed":106,"timestamp":"2024-08-25T13:32:15.143Z"}
{"level":"info","message":"⌛ Validating clase1.wlk","timeElapsed":178,"timestamp":"2024-08-25T13:32:15.399Z"}
{"level":"info","message":"⌛ Building environment","timeElapsed":110,"timestamp":"2024-08-25T13:32:15.511Z"}
{"level":"info","message":"⌛ Validating clase1.wlk","timeElapsed":135,"timestamp":"2024-08-25T13:32:15.646Z"}
{"level":"info","message":"⌛ Validating clase1.wlk","timeElapsed":153,"timestamp":"2024-08-25T13:32:15.870Z"}
{"level":"info","message":"⌛ Building environment","timeElapsed":195,"timestamp":"2024-08-25T13:32:16.068Z"}
{"level":"info","message":"⌛ Building environment","timeElapsed":107,"timestamp":"2024-08-25T13:32:16.175Z"}
{"level":"info","message":"⌛ Validating clase1.wlk","timeElapsed":133,"timestamp":"2024-08-25T13:32:16.317Z"}
{"level":"info","message":"⌛ Validating clase1.wlk","timeElapsed":127,"timestamp":"2024-08-25T13:32:16.520Z"}
{"level":"info","message":"⌛ Building environment","timeElapsed":111,"timestamp":"2024-08-25T13:32:16.632Z"}
{"level":"info","message":"⌛ Validating clase1.wlk","timeElapsed":122,"timestamp":"2024-08-25T13:32:16.755Z"}
{"level":"info","message":"⌛ Validating clase1.wlk","timeElapsed":119,"timestamp":"2024-08-25T13:32:16.972Z"}
{"level":"info","message":"⌛ Validating clase1.wlk","timeElapsed":249,"timestamp":"2024-08-25T13:32:17.314Z"}
{"level":"info","message":"⌛ Validating clase1.wlk","timeElapsed":120,"timestamp":"2024-08-25T13:32:17.436Z"}
{"level":"info","message":"⌛ Validating clase1.wlk","timeElapsed":168,"timestamp":"2024-08-25T13:32:17.692Z"}
{"level":"info","message":"⌛ Building environment","timeElapsed":128,"timestamp":"2024-08-25T13:32:17.820Z"}
{"level":"info","message":"⌛ Validating clase1.wlk","timeElapsed":183,"timestamp":"2024-08-25T13:32:18.004Z"}
{"level":"info","message":"⌛ Validating clase1.wlk","timeElapsed":191,"timestamp":"2024-08-25T13:32:18.202Z"}
{"level":"info","message":"⌛ Building environment","timeElapsed":122,"timestamp":"2024-08-25T13:32:18.324Z"}
{"level":"info","message":"⌛ Validating clase1.wlk","timeElapsed":138,"timestamp":"2024-08-25T13:32:18.462Z"}
{"level":"info","message":"⌛ Validating clase1.wlk","timeElapsed":199,"timestamp":"2024-08-25T13:32:18.835Z"}
{"level":"info","message":"⌛ Building environment","timeElapsed":103,"timestamp":"2024-08-25T13:32:18.939Z"}
{"level":"info","message":"⌛ Validating clase1.wlk","timeElapsed":194,"timestamp":"2024-08-25T13:32:19.221Z"}
{"level":"info","message":"⌛ Building environment","timeElapsed":192,"timestamp":"2024-08-25T13:32:19.414Z"}
{"level":"info","message":"⌛ Building environment","timeElapsed":101,"timestamp":"2024-08-25T13:32:19.520Z"}
{"level":"info","message":"⌛ Building environment","timeElapsed":188,"timestamp":"2024-08-25T13:32:19.709Z"}
{"level":"info","message":"⌛ Validating clase1.wlk","timeElapsed":176,"timestamp":"2024-08-25T13:32:19.885Z"}
{"level":"info","message":"⌛ Building environment","timeElapsed":113,"timestamp":"2024-08-25T13:32:20.000Z"}
{"level":"info","message":"⌛ Building environment","timeElapsed":113,"timestamp":"2024-08-25T13:32:20.113Z"}
{"level":"info","message":"⌛ Validating clase1.wlk","timeElapsed":237,"timestamp":"2024-08-25T13:32:20.359Z"}
{"level":"info","message":"⌛ Validating clase1.wlk","timeElapsed":190,"timestamp":"2024-08-25T13:32:20.549Z"}
{"level":"info","message":"⌛ Validating clase1.wlk","timeElapsed":162,"timestamp":"2024-08-25T13:32:20.787Z"}
{"level":"info","message":"⌛ Validating clase1.wlk","timeElapsed":196,"timestamp":"2024-08-25T13:32:20.983Z"}
{"level":"info","message":"⌛ Validating clase1.wlk","timeElapsed":257,"timestamp":"2024-08-25T13:32:21.247Z"}
{"level":"info","message":"⌛ Validating clase1.wlk","timeElapsed":205,"timestamp":"2024-08-25T13:32:21.452Z"}
{"level":"info","message":"⌛ Validating clase1.wlk","timeElapsed":227,"timestamp":"2024-08-25T13:32:21.681Z"}
{"level":"info","message":"⌛ Validating clase1.wlk","timeElapsed":157,"timestamp":"2024-08-25T13:32:21.838Z"}
{"level":"info","message":"⌛ Validating clase1.wlk","timeElapsed":154,"timestamp":"2024-08-25T13:32:21.993Z"}
{"level":"info","message":"⌛ Validating clase1.wlk","timeElapsed":134,"timestamp":"2024-08-25T13:32:22.127Z"}
{"level":"info","message":"⌛ Building environment","timeElapsed":262,"timestamp":"2024-08-25T13:32:27.336Z"}
{"level":"info","message":"⌛ Validating clase1.wlk","timeElapsed":172,"timestamp":"2024-08-25T13:32:27.519Z"}
{"level":"info","message":"⌛ Building environment","timeElapsed":162,"timestamp":"2024-08-25T13:32:28.086Z"}
{"level":"info","message":"⌛ Validating clase1.wlk","timeElapsed":121,"timestamp":"2024-08-25T13:32:28.208Z"}
{"level":"info","message":"⌛ Building environment","timeElapsed":104,"timestamp":"2024-08-25T13:32:28.312Z"}
{"level":"info","message":"⌛ Validating clase1.wlk","timeElapsed":149,"timestamp":"2024-08-25T13:32:28.463Z"}
{"level":"info","message":"⌛ Building environment","timeElapsed":257,"timestamp":"2024-08-25T13:32:29.296Z"}
{"level":"info","message":"⌛ Validating clase1.wlk","timeElapsed":146,"timestamp":"2024-08-25T13:32:29.542Z"}
{"level":"info","message":"⌛ Validating clase1.wlk","timeElapsed":199,"timestamp":"2024-08-25T13:32:29.742Z"}
{"level":"info","message":"⌛ Building environment","timeElapsed":110,"timestamp":"2024-08-25T13:32:29.859Z"}
{"level":"info","message":"⌛ Building environment","timeElapsed":114,"timestamp":"2024-08-25T13:32:29.978Z"}
{"level":"info","message":"⌛ Validating clase1.wlk","timeElapsed":162,"timestamp":"2024-08-25T13:32:30.141Z"}
{"level":"info","message":"⌛ Validating clase1.wlk","timeElapsed":181,"timestamp":"2024-08-25T13:32:30.322Z"}
{"level":"info","message":"⌛ Building environment","timeElapsed":112,"timestamp":"2024-08-25T13:32:30.443Z"}
{"level":"info","message":"⌛ Validating clase1.wlk","timeElapsed":159,"timestamp":"2024-08-25T13:32:30.603Z"}
{"level":"info","message":"⌛ Building environment","timeElapsed":120,"timestamp":"2024-08-25T13:32:30.733Z"}
{"level":"info","message":"⌛ Validating clase1.wlk","timeElapsed":114,"timestamp":"2024-08-25T13:32:30.851Z"}
{"level":"info","message":"⌛ Building environment","timeElapsed":108,"timestamp":"2024-08-25T13:32:30.964Z"}
{"level":"info","message":"⌛ Validating clase1.wlk","timeElapsed":184,"timestamp":"2024-08-25T13:32:31.150Z"}
{"level":"info","message":"⌛ Validating clase1.wlk","timeElapsed":127,"timestamp":"2024-08-25T13:32:31.354Z"}
{"level":"info","message":"⌛ Building environment","timeElapsed":140,"timestamp":"2024-08-25T13:32:31.495Z"}
{"level":"info","message":"⌛ Building environment","timeElapsed":110,"timestamp":"2024-08-25T13:32:31.607Z"}
{"level":"info","message":"⌛ Validating clase1.wlk","timeElapsed":117,"timestamp":"2024-08-25T13:32:31.734Z"}
{"level":"info","message":"⌛ Building environment","timeElapsed":111,"timestamp":"2024-08-25T13:32:31.846Z"}
{"level":"info","message":"⌛ Validating clase1.wlk","timeElapsed":132,"timestamp":"2024-08-25T13:32:31.978Z"}
{"level":"info","message":"⌛ Validating clase1.wlk","timeElapsed":125,"timestamp":"2024-08-25T13:32:32.188Z"}
{"level":"info","message":"⌛ Building environment","timeElapsed":147,"timestamp":"2024-08-25T13:32:32.336Z"}
{"level":"info","message":"⌛ Building environment","timeElapsed":129,"timestamp":"2024-08-25T13:32:32.466Z"}
{"level":"info","message":"⌛ Validating clase1.wlk","timeElapsed":151,"timestamp":"2024-08-25T13:32:32.623Z"}
{"level":"info","message":"⌛ Validating clase1.wlk","timeElapsed":195,"timestamp":"2024-08-25T13:32:32.850Z"}
{"level":"info","message":"⌛ Validating clase1.wlk","timeElapsed":155,"timestamp":"2024-08-25T13:32:33.005Z"}
{"level":"info","message":"⌛ Building environment","timeElapsed":279,"timestamp":"2024-08-25T13:32:34.240Z"}
{"level":"info","message":"⌛ Validating clase1.wlk","timeElapsed":153,"timestamp":"2024-08-25T13:32:34.492Z"}
{"level":"info","message":"⌛ Validating clase1.wlk","timeElapsed":185,"timestamp":"2024-08-25T13:32:34.677Z"}
{"level":"info","message":"⌛ Building environment","timeElapsed":125,"timestamp":"2024-08-25T13:32:34.803Z"}
{"level":"info","message":"⌛ Validating clase1.wlk","timeElapsed":140,"timestamp":"2024-08-25T13:32:35.141Z"}
{"level":"info","message":"⌛ Validating clase1.wlk","timeElapsed":109,"timestamp":"2024-08-25T13:32:35.251Z"}
{"level":"info","message":"⌛ Validating clase1.wlk","timeElapsed":161,"timestamp":"2024-08-25T13:32:35.487Z"}
{"level":"info","message":"⌛ Validating clase1.wlk","timeElapsed":107,"timestamp":"2024-08-25T13:32:35.686Z"}
{"level":"info","message":"⌛ Validating clase1.wlk","timeElapsed":139,"timestamp":"2024-08-25T13:32:35.903Z"}
{"level":"info","message":"⌛ Validating clase1.wlk","timeElapsed":126,"timestamp":"2024-08-25T13:32:36.038Z"}
{"level":"info","message":"⌛ Validating clase1.wlk","timeElapsed":112,"timestamp":"2024-08-25T13:32:36.249Z"}
{"level":"info","message":"⌛ Building environment","timeElapsed":146,"timestamp":"2024-08-25T13:32:36.589Z"}
{"level":"info","message":"⌛ Validating clase1.wlk","timeElapsed":187,"timestamp":"2024-08-25T13:32:36.781Z"}
{"level":"info","message":"⌛ Validating clase1.wlk","timeElapsed":127,"timestamp":"2024-08-25T13:32:37.099Z"}
{"level":"info","message":"⌛ Validating clase1.wlk","timeElapsed":107,"timestamp":"2024-08-25T13:32:37.206Z"}
{"level":"info","message":"⌛ Validating clase1.wlk","timeElapsed":127,"timestamp":"2024-08-25T13:32:37.428Z"}
{"level":"info","message":"⌛ Building environment","timeElapsed":164,"timestamp":"2024-08-25T13:32:37.674Z"}
{"level":"info","message":"⌛ Validating clase1.wlk","timeElapsed":182,"timestamp":"2024-08-25T13:32:37.858Z"}
{"level":"info","message":"⌛ Building environment","timeElapsed":177,"timestamp":"2024-08-25T13:32:38.159Z"}
{"level":"info","message":"⌛ Validating clase1.wlk","timeElapsed":108,"timestamp":"2024-08-25T13:32:38.269Z"}
{"level":"info","message":"⌛ Building environment","timeElapsed":229,"timestamp":"2024-08-25T13:32:38.659Z"}
{"level":"info","message":"⌛ Building environment","timeElapsed":133,"timestamp":"2024-08-25T13:32:38.793Z"}
{"level":"info","message":"⌛ Validating clase1.wlk","timeElapsed":213,"timestamp":"2024-08-25T13:32:39.008Z"}
{"level":"info","message":"⌛ Building environment","timeElapsed":181,"timestamp":"2024-08-25T13:32:39.191Z"}
{"level":"info","message":"⌛ Validating clase1.wlk","timeElapsed":152,"timestamp":"2024-08-25T13:32:39.427Z"}
{"level":"info","message":"⌛ Building environment","timeElapsed":109,"timestamp":"2024-08-25T13:32:39.542Z"}
{"level":"info","message":"⌛ Validating clase1.wlk","timeElapsed":156,"timestamp":"2024-08-25T13:32:39.699Z"}
{"level":"info","message":"⌛ Validating clase1.wlk","timeElapsed":144,"timestamp":"2024-08-25T13:32:39.845Z"}
{"level":"info","message":"⌛ Validating clase1.wlk","timeElapsed":239,"timestamp":"2024-08-25T13:32:40.182Z"}
{"level":"info","message":"⌛ Validating clase1.wlk","timeElapsed":120,"timestamp":"2024-08-25T13:32:40.310Z"}
{"level":"info","message":"⌛ Building environment","timeElapsed":127,"timestamp":"2024-08-25T13:32:40.533Z"}
{"level":"info","message":"⌛ Validating clase1.wlk","timeElapsed":183,"timestamp":"2024-08-25T13:32:40.717Z"}
{"level":"info","message":"⌛ Validating clase1.wlk","timeElapsed":119,"timestamp":"2024-08-25T13:32:40.923Z"}
{"level":"info","message":"⌛ Building environment","timeElapsed":123,"timestamp":"2024-08-25T13:32:41.046Z"}
{"level":"info","message":"⌛ Validating clase1.wlk","timeElapsed":154,"timestamp":"2024-08-25T13:32:41.200Z"}
{"level":"info","message":"⌛ Validating clase1.wlk","timeElapsed":109,"timestamp":"2024-08-25T13:32:41.401Z"}
{"level":"info","message":"⌛ Validating clase1.wlk","timeElapsed":121,"timestamp":"2024-08-25T13:32:41.691Z"}
{"level":"info","message":"⌛ Building environment","timeElapsed":112,"timestamp":"2024-08-25T13:32:41.803Z"}
{"level":"info","message":"⌛ Building environment","timeElapsed":112,"timestamp":"2024-08-25T13:32:41.916Z"}
{"level":"info","message":"⌛ Validating clase1.wlk","timeElapsed":153,"timestamp":"2024-08-25T13:32:42.070Z"}
{"level":"info","message":"⌛ Validating clase1.wlk","timeElapsed":146,"timestamp":"2024-08-25T13:32:42.216Z"}
{"level":"info","message":"⌛ Validating clase1.wlk","timeElapsed":154,"timestamp":"2024-08-25T13:32:42.374Z"}
{"level":"info","message":"⌛ Validating clase1.wlk","timeElapsed":124,"timestamp":"2024-08-25T13:32:42.500Z"}
{"level":"info","message":"⌛ Validating clase1.wlk","timeElapsed":167,"timestamp":"2024-08-25T13:32:42.743Z"}
{"level":"info","message":"⌛ Building environment","timeElapsed":196,"timestamp":"2024-08-25T13:32:43.300Z"}
{"level":"info","message":"⌛ Validating clase1.wlk","timeElapsed":170,"timestamp":"2024-08-25T13:32:43.471Z"}
{"level":"info","message":"⌛ Building environment","timeElapsed":206,"timestamp":"2024-08-25T13:32:44.836Z"}
{"level":"info","message":"⌛ Validating clase1.wlk","timeElapsed":139,"timestamp":"2024-08-25T13:32:44.981Z"}
{"level":"info","message":"⌛ Validating clase1.wlk","timeElapsed":117,"timestamp":"2024-08-25T13:32:45.439Z"}
{"level":"info","message":"⌛ Building environment","timeElapsed":199,"timestamp":"2024-08-25T13:32:45.747Z"}
{"level":"info","message":"⌛ Validating clase1.wlk","timeElapsed":146,"timestamp":"2024-08-25T13:32:45.976Z"}
{"level":"info","message":"⌛ Validating clase1.wlk","timeElapsed":116,"timestamp":"2024-08-25T13:32:46.093Z"}
{"level":"info","message":"⌛ Building environment","timeElapsed":106,"timestamp":"2024-08-25T13:32:46.200Z"}
{"level":"info","message":"⌛ Building environment","timeElapsed":131,"timestamp":"2024-08-25T13:32:46.339Z"}
{"level":"info","message":"⌛ Validating clase1.wlk","timeElapsed":141,"timestamp":"2024-08-25T13:32:46.570Z"}
{"level":"info","message":"⌛ Building environment","timeElapsed":110,"timestamp":"2024-08-25T13:32:46.780Z"}
{"level":"info","message":"⌛ Validating clase1.wlk","timeElapsed":187,"timestamp":"2024-08-25T13:32:46.976Z"}
{"level":"info","message":"⌛ Validating clase1.wlk","timeElapsed":110,"timestamp":"2024-08-25T13:32:47.179Z"}
{"level":"info","message":"⌛ Building environment","timeElapsed":102,"timestamp":"2024-08-25T13:32:47.281Z"}
{"level":"info","message":"⌛ Validating clase1.wlk","timeElapsed":191,"timestamp":"2024-08-25T13:32:47.474Z"}
{"level":"info","message":"⌛ Validating clase1.wlk","timeElapsed":180,"timestamp":"2024-08-25T13:32:47.654Z"}
{"level":"info","message":"⌛ Building environment","timeElapsed":105,"timestamp":"2024-08-25T13:32:47.759Z"}
{"level":"info","message":"⌛ Building environment","timeElapsed":127,"timestamp":"2024-08-25T13:32:47.888Z"}
{"level":"info","message":"⌛ Validating clase1.wlk","timeElapsed":169,"timestamp":"2024-08-25T13:32:48.058Z"}
{"level":"info","message":"⌛ Validating clase1.wlk","timeElapsed":183,"timestamp":"2024-08-25T13:32:48.247Z"}
{"level":"info","message":"⌛ Building environment","timeElapsed":141,"timestamp":"2024-08-25T13:32:48.390Z"}
{"level":"info","message":"⌛ Building environment","timeElapsed":102,"timestamp":"2024-08-25T13:32:48.499Z"}
{"level":"info","message":"⌛ Validating clase1.wlk","timeElapsed":159,"timestamp":"2024-08-25T13:32:48.663Z"}
{"level":"info","message":"⌛ Building environment","timeElapsed":104,"timestamp":"2024-08-25T13:32:48.767Z"}
{"level":"info","message":"⌛ Validating clase1.wlk","timeElapsed":142,"timestamp":"2024-08-25T13:32:48.910Z"}
{"level":"info","message":"⌛ Building environment","timeElapsed":102,"timestamp":"2024-08-25T13:32:49.012Z"}
{"level":"info","message":"⌛ Building environment","timeElapsed":142,"timestamp":"2024-08-25T13:32:49.241Z"}
{"level":"info","message":"⌛ Validating clase1.wlk","timeElapsed":132,"timestamp":"2024-08-25T13:32:49.376Z"}
{"level":"info","message":"⌛ Validating clase1.wlk","timeElapsed":156,"timestamp":"2024-08-25T13:32:49.533Z"}
{"level":"info","message":"⌛ Validating clase1.wlk","timeElapsed":135,"timestamp":"2024-08-25T13:32:49.674Z"}
{"level":"info","message":"⌛ Validating clase1.wlk","timeElapsed":158,"timestamp":"2024-08-25T13:32:49.832Z"}
{"level":"info","message":"⌛ Validating clase1.wlk","timeElapsed":119,"timestamp":"2024-08-25T13:32:49.952Z"}
{"level":"info","message":"⌛ Validating clase1.wlk","timeElapsed":107,"timestamp":"2024-08-25T13:32:50.060Z"}
{"level":"info","message":"⌛ Building environment","timeElapsed":102,"timestamp":"2024-08-25T13:32:50.162Z"}
{"level":"info","message":"⌛ Building environment","timeElapsed":103,"timestamp":"2024-08-25T13:32:50.356Z"}
{"level":"info","message":"⌛ Building environment","timeElapsed":115,"timestamp":"2024-08-25T13:32:50.472Z"}
{"level":"info","message":"⌛ Validating clase1.wlk","timeElapsed":186,"timestamp":"2024-08-25T13:32:50.659Z"}
{"level":"info","message":"⌛ Validating clase1.wlk","timeElapsed":173,"timestamp":"2024-08-25T13:32:50.833Z"}
{"level":"info","message":"⌛ Validating clase1.wlk","timeElapsed":150,"timestamp":"2024-08-25T13:32:50.983Z"}
{"level":"info","message":"⌛ Validating clase1.wlk","timeElapsed":111,"timestamp":"2024-08-25T13:32:51.098Z"}
{"level":"info","message":"⌛ Building environment","timeElapsed":113,"timestamp":"2024-08-25T13:32:51.211Z"}
{"level":"info","message":"⌛ Building environment","timeElapsed":101,"timestamp":"2024-08-25T13:32:51.313Z"}
{"level":"info","message":"⌛ Building environment","timeElapsed":124,"timestamp":"2024-08-25T13:32:51.517Z"}
{"level":"info","message":"⌛ Building environment","timeElapsed":141,"timestamp":"2024-08-25T13:32:51.658Z"}
{"level":"info","message":"⌛ Validating clase1.wlk","timeElapsed":139,"timestamp":"2024-08-25T13:32:51.798Z"}
{"level":"info","message":"⌛ Building environment","timeElapsed":102,"timestamp":"2024-08-25T13:32:51.902Z"}
{"level":"info","message":"⌛ Validating clase1.wlk","timeElapsed":162,"timestamp":"2024-08-25T13:32:52.065Z"}
{"level":"info","message":"⌛ Validating clase1.wlk","timeElapsed":176,"timestamp":"2024-08-25T13:32:52.242Z"}
{"level":"info","message":"⌛ Building environment","timeElapsed":128,"timestamp":"2024-08-25T13:32:52.372Z"}
{"level":"info","message":"⌛ Validating clase1.wlk","timeElapsed":132,"timestamp":"2024-08-25T13:32:52.504Z"}
{"level":"info","message":"⌛ Validating clase1.wlk","timeElapsed":121,"timestamp":"2024-08-25T13:32:52.701Z"}
{"level":"info","message":"⌛ Validating clase1.wlk","timeElapsed":165,"timestamp":"2024-08-25T13:32:52.938Z"}
{"level":"info","message":"⌛ Building environment","timeElapsed":103,"timestamp":"2024-08-25T13:32:53.199Z"}
{"level":"info","message":"⌛ Validating clase1.wlk","timeElapsed":154,"timestamp":"2024-08-25T13:32:53.353Z"}
{"level":"info","message":"⌛ Validating clase1.wlk","timeElapsed":177,"timestamp":"2024-08-25T13:32:53.530Z"}
{"level":"info","message":"⌛ Validating clase1.wlk","timeElapsed":126,"timestamp":"2024-08-25T13:32:53.661Z"}
{"level":"info","message":"⌛ Validating clase1.wlk","timeElapsed":120,"timestamp":"2024-08-25T13:32:53.781Z"}
{"level":"info","message":"⌛ Validating clase1.wlk","timeElapsed":185,"timestamp":"2024-08-25T13:32:53.967Z"}
{"level":"info","message":"⌛ Validating clase1.wlk","timeElapsed":210,"timestamp":"2024-08-25T13:32:54.279Z"}
{"level":"info","message":"⌛ Building environment","timeElapsed":122,"timestamp":"2024-08-25T13:32:54.402Z"}
{"level":"info","message":"⌛ Building environment","timeElapsed":143,"timestamp":"2024-08-25T13:32:54.632Z"}
{"level":"info","message":"⌛ Validating clase1.wlk","timeElapsed":159,"timestamp":"2024-08-25T13:32:54.803Z"}
{"level":"info","message":"⌛ Building environment","timeElapsed":109,"timestamp":"2024-08-25T13:32:55.007Z"}
{"level":"info","message":"⌛ Building environment","timeElapsed":113,"timestamp":"2024-08-25T13:32:55.129Z"}
{"level":"info","message":"⌛ Validating clase1.wlk","timeElapsed":275,"timestamp":"2024-08-25T13:32:55.415Z"}
{"level":"info","message":"⌛ Validating clase1.wlk","timeElapsed":152,"timestamp":"2024-08-25T13:32:55.566Z"}
{"level":"info","message":"⌛ Building environment","timeElapsed":162,"timestamp":"2024-08-25T13:32:55.729Z"}
{"level":"info","message":"⌛ Validating clase1.wlk","timeElapsed":137,"timestamp":"2024-08-25T13:32:55.974Z"}
{"level":"info","message":"⌛ Building environment","timeElapsed":102,"timestamp":"2024-08-25T13:32:56.078Z"}
{"level":"info","message":"⌛ Validating clase1.wlk","timeElapsed":167,"timestamp":"2024-08-25T13:32:56.254Z"}
{"level":"info","message":"⌛ Building environment","timeElapsed":104,"timestamp":"2024-08-25T13:32:56.365Z"}
{"level":"info","message":"⌛ Validating clase1.wlk","timeElapsed":162,"timestamp":"2024-08-25T13:32:56.528Z"}
{"level":"info","message":"⌛ Building environment","timeElapsed":116,"timestamp":"2024-08-25T13:32:56.645Z"}
{"level":"info","message":"⌛ Validating clase1.wlk","timeElapsed":185,"timestamp":"2024-08-25T13:32:56.831Z"}
{"level":"info","message":"⌛ Building environment","timeElapsed":111,"timestamp":"2024-08-25T13:32:56.943Z"}
{"level":"info","message":"⌛ Building environment","timeElapsed":156,"timestamp":"2024-08-25T13:32:57.099Z"}
{"level":"info","message":"⌛ Building environment","timeElapsed":107,"timestamp":"2024-08-25T13:32:57.216Z"}
{"level":"info","message":"⌛ Validating clase1.wlk","timeElapsed":191,"timestamp":"2024-08-25T13:32:57.413Z"}
{"level":"info","message":"⌛ Validating clase1.wlk","timeElapsed":158,"timestamp":"2024-08-25T13:32:57.571Z"}
{"level":"info","message":"⌛ Validating clase1.wlk","timeElapsed":151,"timestamp":"2024-08-25T13:32:57.809Z"}
{"level":"info","message":"⌛ Validating clase1.wlk","timeElapsed":158,"timestamp":"2024-08-25T13:32:57.973Z"}
{"level":"info","message":"⌛ Building environment","timeElapsed":129,"timestamp":"2024-08-25T13:32:58.103Z"}
{"level":"info","message":"⌛ Validating clase1.wlk","timeElapsed":173,"timestamp":"2024-08-25T13:32:58.276Z"}
{"level":"info","message":"⌛ Validating clase1.wlk","timeElapsed":139,"timestamp":"2024-08-25T13:32:58.505Z"}
{"level":"info","message":"⌛ Building environment","timeElapsed":110,"timestamp":"2024-08-25T13:32:58.616Z"}
{"level":"info","message":"⌛ Validating clase1.wlk","timeElapsed":197,"timestamp":"2024-08-25T13:32:58.819Z"}
{"level":"info","message":"⌛ Validating clase1.wlk","timeElapsed":237,"timestamp":"2024-08-25T13:32:59.056Z"}
{"level":"info","message":"⌛ Building environment","timeElapsed":124,"timestamp":"2024-08-25T13:32:59.181Z"}
{"level":"info","message":"⌛ Building environment","timeElapsed":102,"timestamp":"2024-08-25T13:32:59.289Z"}
{"level":"info","message":"⌛ Validating clase1.wlk","timeElapsed":179,"timestamp":"2024-08-25T13:32:59.475Z"}
{"level":"info","message":"⌛ Validating clase1.wlk","timeElapsed":176,"timestamp":"2024-08-25T13:32:59.657Z"}
{"level":"info","message":"⌛ Validating clase1.wlk","timeElapsed":179,"timestamp":"2024-08-25T13:32:59.836Z"}
{"level":"info","message":"⌛ Validating clase1.wlk","timeElapsed":313,"timestamp":"2024-08-25T13:33:00.152Z"}
{"level":"info","message":"⌛ Validating clase1.wlk","timeElapsed":204,"timestamp":"2024-08-25T13:33:00.356Z"}
{"level":"info","message":"⌛ Validating clase1.wlk","timeElapsed":211,"timestamp":"2024-08-25T13:33:00.567Z"}
{"level":"info","message":"⌛ Building environment","timeElapsed":264,"timestamp":"2024-08-25T13:34:40.900Z"}
{"level":"info","message":"⌛ Building environment","timeElapsed":142,"timestamp":"2024-08-25T13:34:41.043Z"}
{"level":"info","message":"⌛ Validating clase1.wlk","timeElapsed":203,"timestamp":"2024-08-25T13:34:41.247Z"}
{"level":"info","message":"⌛ Validating clase1.wlk","timeElapsed":145,"timestamp":"2024-08-25T13:34:41.392Z"}
{"level":"info","message":"⌛ Building environment","timeElapsed":288,"timestamp":"2024-08-25T13:34:42.353Z"}
{"level":"info","message":"⌛ Validating clase1.wlk","timeElapsed":252,"timestamp":"2024-08-25T13:34:42.619Z"}
{"level":"info","message":"⌛ Building environment","timeElapsed":305,"timestamp":"2024-08-25T13:34:43.700Z"}
{"level":"info","message":"⌛ Building environment","timeElapsed":280,"timestamp":"2024-08-25T13:34:44.026Z"}
{"level":"info","message":"⌛ Validating clase1.wlk","timeElapsed":236,"timestamp":"2024-08-25T13:34:44.273Z"}
{"level":"info","message":"⌛ Validating clase1.wlk","timeElapsed":224,"timestamp":"2024-08-25T13:34:44.571Z"}
{"level":"info","message":"⌛ Building environment","timeElapsed":139,"timestamp":"2024-08-25T13:34:44.710Z"}
{"level":"info","message":"⌛ Validating clase1.wlk","timeElapsed":204,"timestamp":"2024-08-25T13:34:44.915Z"}
{"level":"info","message":"⌛ Building environment","timeElapsed":201,"timestamp":"2024-08-25T13:34:46.716Z"}
{"level":"info","message":"⌛ Validating clase1.wlk","timeElapsed":199,"timestamp":"2024-08-25T13:34:46.902Z"}
{"level":"info","message":"⌛ Building environment","timeElapsed":383,"timestamp":"2024-08-25T13:34:54.064Z"}
{"level":"error","message":"✘ Completions for node failed: Error: [Parameter]{fe34d9} at clase1.wlk:84 exhausted all cases without a match [Parameter]{fe34d9} at clase1.wlk:84 exhausted all cases without a match","stack":"Error: [Parameter]{fe34d9} at clase1.wlk:84 exhausted all cases without a match\n    at c:\\Users\\Lucas\\.vscode\\extensions\\uqbar.wollok-lsp-ide-0.3.3\\node_modules\\wollok-ts\\dist\\extensions.js:85:11\n    at completionsForNode (c:\\Users\\Lucas\\.vscode\\extensions\\uqbar.wollok-lsp-ide-0.3.3\\server\\out\\functionalities\\autocomplete\\node-completion.js:10:44)\n    at c:\\Users\\Lucas\\.vscode\\extensions\\uqbar.wollok-lsp-ide-0.3.3\\server\\out\\functionalities\\autocomplete\\autocomplete.js:26:154\n    at c:\\Users\\Lucas\\.vscode\\extensions\\uqbar.wollok-lsp-ide-0.3.3\\server\\out\\server.js:198:20\n    at c:\\Users\\Lucas\\.vscode\\extensions\\uqbar.wollok-lsp-ide-0.3.3\\server\\node_modules\\vscode-languageserver\\lib\\common\\server.js:593:20\n    at handleRequest (c:\\Users\\Lucas\\.vscode\\extensions\\uqbar.wollok-lsp-ide-0.3.3\\server\\node_modules\\vscode-jsonrpc\\lib\\common\\connection.js:493:41)\n    at handleMessage (c:\\Users\\Lucas\\.vscode\\extensions\\uqbar.wollok-lsp-ide-0.3.3\\server\\node_modules\\vscode-jsonrpc\\lib\\common\\connection.js:339:13)\n    at processMessageQueue (c:\\Users\\Lucas\\.vscode\\extensions\\uqbar.wollok-lsp-ide-0.3.3\\server\\node_modules\\vscode-jsonrpc\\lib\\common\\connection.js:362:17)\n    at Immediate._onImmediate (c:\\Users\\Lucas\\.vscode\\extensions\\uqbar.wollok-lsp-ide-0.3.3\\server\\node_modules\\vscode-jsonrpc\\lib\\common\\connection.js:334:13)\n    at process.processImmediate (node:internal/timers:478:21)","timestamp":"2024-08-25T13:34:54.092Z"}
{"level":"info","message":"⌛ Building environment","timeElapsed":110,"timestamp":"2024-08-25T13:34:54.208Z"}
{"level":"info","message":"⌛ Building environment","timeElapsed":121,"timestamp":"2024-08-25T13:34:54.336Z"}
{"level":"info","message":"⌛ Validating clase1.wlk","timeElapsed":305,"timestamp":"2024-08-25T13:34:54.652Z"}
{"level":"info","message":"⌛ Validating clase1.wlk","timeElapsed":214,"timestamp":"2024-08-25T13:34:54.867Z"}
{"level":"info","message":"⌛ Validating clase1.wlk","timeElapsed":164,"timestamp":"2024-08-25T13:34:55.035Z"}
{"level":"info","message":"⌛ Building environment","timeElapsed":135,"timestamp":"2024-08-25T13:34:55.171Z"}
{"level":"error","message":"✘ Completions for node failed: Error: [Parameter]{6dcb58} at clase1.wlk:84 exhausted all cases without a match [Parameter]{6dcb58} at clase1.wlk:84 exhausted all cases without a match","stack":"Error: [Parameter]{6dcb58} at clase1.wlk:84 exhausted all cases without a match\n    at c:\\Users\\Lucas\\.vscode\\extensions\\uqbar.wollok-lsp-ide-0.3.3\\node_modules\\wollok-ts\\dist\\extensions.js:85:11\n    at completionsForNode (c:\\Users\\Lucas\\.vscode\\extensions\\uqbar.wollok-lsp-ide-0.3.3\\server\\out\\functionalities\\autocomplete\\node-completion.js:10:44)\n    at c:\\Users\\Lucas\\.vscode\\extensions\\uqbar.wollok-lsp-ide-0.3.3\\server\\out\\functionalities\\autocomplete\\autocomplete.js:26:154\n    at c:\\Users\\Lucas\\.vscode\\extensions\\uqbar.wollok-lsp-ide-0.3.3\\server\\out\\server.js:198:20\n    at c:\\Users\\Lucas\\.vscode\\extensions\\uqbar.wollok-lsp-ide-0.3.3\\server\\node_modules\\vscode-languageserver\\lib\\common\\server.js:593:20\n    at handleRequest (c:\\Users\\Lucas\\.vscode\\extensions\\uqbar.wollok-lsp-ide-0.3.3\\server\\node_modules\\vscode-jsonrpc\\lib\\common\\connection.js:493:41)\n    at handleMessage (c:\\Users\\Lucas\\.vscode\\extensions\\uqbar.wollok-lsp-ide-0.3.3\\server\\node_modules\\vscode-jsonrpc\\lib\\common\\connection.js:339:13)\n    at processMessageQueue (c:\\Users\\Lucas\\.vscode\\extensions\\uqbar.wollok-lsp-ide-0.3.3\\server\\node_modules\\vscode-jsonrpc\\lib\\common\\connection.js:362:17)\n    at Immediate._onImmediate (c:\\Users\\Lucas\\.vscode\\extensions\\uqbar.wollok-lsp-ide-0.3.3\\server\\node_modules\\vscode-jsonrpc\\lib\\common\\connection.js:334:13)\n    at process.processImmediate (node:internal/timers:478:21)","timestamp":"2024-08-25T13:34:55.191Z"}
{"level":"info","message":"⌛ Building environment","timeElapsed":108,"timestamp":"2024-08-25T13:34:55.306Z"}
{"level":"info","message":"⌛ Validating clase1.wlk","timeElapsed":144,"timestamp":"2024-08-25T13:34:55.551Z"}
{"level":"info","message":"⌛ Validating clase1.wlk","timeElapsed":138,"timestamp":"2024-08-25T13:34:55.689Z"}
{"level":"info","message":"⌛ Validating clase1.wlk","timeElapsed":128,"timestamp":"2024-08-25T13:34:55.817Z"}
{"errors":{"errors":[null,["/*\r","wollok:clase1> pepita.energia()\r","✓ 100\r","wollok:clase1> emilia.entrena(pepita)\r","✓\r","wollok:clase1> pepita.energia()\r","✓ 180\r","ERROR COMUN de tipos\r","wollok:clase1> emilia.entrena(10)\r","✗ Evaluation Error!\r","wollok.lang.MessageNotUnderstoodException: 10 does not understand come(arg 0)\r","at clase1.emilia.entrena(ave) [clase1.wlk:22]\r","OTRO ERROR... a los objetos solo se le pueden pasar mensajes\r","wollok:clase1> pepita.energia(10)\r","✗ Evaluation Error!\r","wollok.lang.MessageNotUnderstoodException: pepita does not understand energia(arg 0)\r"]]},"level":"error","message":"✘ Failed to get type description: Error: {\n  \"errors\": [\n    null,\n    [\n      \"/*\\r\",\n      \"wollok:clase1> pepita.energia()\\r\",\n      \"✓ 100\\r\",\n      \"wollok:clase1> emilia.entrena(pepita)\\r\",\n      \"✓\\r\",\n      \"wollok:clase1> pepita.energia()\\r\",\n      \"✓ 180\\r\",\n      \"ERROR COMUN de tipos\\r\",\n      \"wollok:clase1> emilia.entrena(10)\\r\",\n      \"✗ Evaluation Error!\\r\",\n      \"wollok.lang.MessageNotUnderstoodException: 10 does not understand come(arg 0)\\r\",\n      \"at clase1.emilia.entrena(ave) [clase1.wlk:22]\\r\",\n      \"OTRO ERROR... a los objetos solo se le pueden pasar mensajes\\r\",\n      \"wollok:clase1> pepita.energia(10)\\r\",\n      \"✗ Evaluation Error!\\r\",\n      \"wollok.lang.MessageNotUnderstoodException: pepita does not understand energia(arg 0)\\r\"\n    ]\n  ]\n} {\n  \"errors\": [\n    null,\n    [\n      \"/*\\r\",\n      \"wollok:clase1> pepita.energia()\\r\",\n      \"✓ 100\\r\",\n      \"wollok:clase1> emilia.entrena(pepita)\\r\",\n      \"✓\\r\",\n      \"wollok:clase1> pepita.energia()\\r\",\n      \"✓ 180\\r\",\n      \"ERROR COMUN de tipos\\r\",\n      \"wollok:clase1> emilia.entrena(10)\\r\",\n      \"✗ Evaluation Error!\\r\",\n      \"wollok.lang.MessageNotUnderstoodException: 10 does not understand come(arg 0)\\r\",\n      \"at clase1.emilia.entrena(ave) [clase1.wlk:22]\\r\",\n      \"OTRO ERROR... a los objetos solo se le pueden pasar mensajes\\r\",\n      \"wollok:clase1> pepita.energia(10)\\r\",\n      \"✗ Evaluation Error!\\r\",\n      \"wollok.lang.MessageNotUnderstoodException: pepita does not understand energia(arg 0)\\r\"\n    ]\n  ]\n}","stack":"Error: {\n  \"errors\": [\n    null,\n    [\n      \"/*\\r\",\n      \"wollok:clase1> pepita.energia()\\r\",\n      \"✓ 100\\r\",\n      \"wollok:clase1> emilia.entrena(pepita)\\r\",\n      \"✓\\r\",\n      \"wollok:clase1> pepita.energia()\\r\",\n      \"✓ 180\\r\",\n      \"ERROR COMUN de tipos\\r\",\n      \"wollok:clase1> emilia.entrena(10)\\r\",\n      \"✗ Evaluation Error!\\r\",\n      \"wollok.lang.MessageNotUnderstoodException: 10 does not understand come(arg 0)\\r\",\n      \"at clase1.emilia.entrena(ave) [clase1.wlk:22]\\r\",\n      \"OTRO ERROR... a los objetos solo se le pueden pasar mensajes\\r\",\n      \"wollok:clase1> pepita.energia(10)\\r\",\n      \"✗ Evaluation Error!\\r\",\n      \"wollok.lang.MessageNotUnderstoodException: pepita does not understand energia(arg 0)\\r\"\n    ]\n  ]\n}\n    at toError (c:\\Users\\Lucas\\.vscode\\extensions\\uqbar.wollok-lsp-ide-0.3.3\\node_modules\\partial.lenses.validation\\dist\\partial.lenses.validation.cjs.js:102:15)\n    at raise (c:\\Users\\Lucas\\.vscode\\extensions\\uqbar.wollok-lsp-ide-0.3.3\\node_modules\\partial.lenses.validation\\dist\\partial.lenses.validation.cjs.js:108:9)\n    at c:\\Users\\Lucas\\.vscode\\extensions\\uqbar.wollok-lsp-ide-0.3.3\\node_modules\\partial.lenses.validation\\dist\\partial.lenses.validation.cjs.js:387:35\n    at Monad.apply (c:\\Users\\Lucas\\.vscode\\extensions\\uqbar.wollok-lsp-ide-0.3.3\\node_modules\\infestines\\dist\\infestines.cjs.js:242:10)\n    at intersperse (c:\\Users\\Lucas\\.vscode\\extensions\\uqbar.wollok-lsp-ide-0.3.3\\node_modules\\partial.lenses.validation\\dist\\partial.lenses.validation.cjs.js:386:16)\n    at intersperse (c:\\Users\\Lucas\\.vscode\\extensions\\uqbar.wollok-lsp-ide-0.3.3\\node_modules\\infestines\\dist\\infestines.cjs.js:73:14)\n    at splitMetadata (c:\\Users\\Lucas\\.vscode\\extensions\\uqbar.wollok-lsp-ide-0.3.3\\node_modules\\wollok-ts\\dist\\printer\\print.js:355:163)\n    at c:\\Users\\Lucas\\.vscode\\extensions\\uqbar.wollok-lsp-ide-0.3.3\\node_modules\\wollok-ts\\dist\\printer\\print.js:28:22\n    at Array.map (<anonymous>)\n    at c:\\Users\\Lucas\\.vscode\\extensions\\uqbar.wollok-lsp-ide-0.3.3\\node_modules\\wollok-ts\\dist\\printer\\print.js:33:286","timestamp":"2024-08-25T13:35:31.065Z"}
{"level":"info","message":"⌛ Building environment","timeElapsed":339,"timestamp":"2024-08-25T13:35:32.495Z"}
{"level":"info","message":"⌛ Building environment","timeElapsed":117,"timestamp":"2024-08-25T13:35:32.621Z"}
{"level":"info","message":"⌛ Validating clase1.wlk","timeElapsed":223,"timestamp":"2024-08-25T13:35:32.849Z"}
{"level":"info","message":"⌛ Validating clase1.wlk","timeElapsed":148,"timestamp":"2024-08-25T13:35:32.998Z"}
{"level":"info","message":"⌛ Building environment","timeElapsed":297,"timestamp":"2024-08-25T13:35:34.124Z"}
{"level":"info","message":"⌛ Building environment","timeElapsed":299,"timestamp":"2024-08-25T13:35:34.445Z"}
{"level":"info","message":"⌛ Validating clase1.wlk","timeElapsed":212,"timestamp":"2024-08-25T13:35:34.684Z"}
{"level":"info","message":"⌛ Building environment","timeElapsed":305,"timestamp":"2024-08-25T13:35:34.993Z"}
{"level":"info","message":"⌛ Validating clase1.wlk","timeElapsed":169,"timestamp":"2024-08-25T13:35:35.162Z"}
{"level":"info","message":"⌛ Validating clase1.wlk","timeElapsed":197,"timestamp":"2024-08-25T13:35:35.364Z"}
{"level":"info","message":"⌛ Building environment","timeElapsed":254,"timestamp":"2024-08-25T13:35:37.199Z"}
{"level":"info","message":"⌛ Validating clase1.wlk","timeElapsed":358,"timestamp":"2024-08-25T13:35:37.561Z"}
{"level":"info","message":"⌛ Building environment","timeElapsed":219,"timestamp":"2024-08-25T13:35:38.049Z"}
{"level":"info","message":"⌛ Validating clase1.wlk","timeElapsed":152,"timestamp":"2024-08-25T13:35:38.212Z"}
{"level":"info","message":"⌛ Building environment","timeElapsed":272,"timestamp":"2024-08-25T13:35:53.731Z"}
{"level":"info","message":"⌛ Building environment","timeElapsed":223,"timestamp":"2024-08-25T13:35:53.960Z"}
{"level":"info","message":"⌛ Validating clase1.wlk","timeElapsed":169,"timestamp":"2024-08-25T13:35:54.130Z"}
{"level":"info","message":"⌛ Building environment","timeElapsed":125,"timestamp":"2024-08-25T13:35:54.261Z"}
{"level":"info","message":"⌛ Validating clase1.wlk","timeElapsed":152,"timestamp":"2024-08-25T13:35:54.414Z"}
{"level":"info","message":"⌛ Validating clase1.wlk","timeElapsed":168,"timestamp":"2024-08-25T13:35:54.588Z"}
{"level":"info","message":"⌛ Building environment","timeElapsed":285,"timestamp":"2024-08-25T13:35:55.366Z"}
{"level":"info","message":"⌛ Validating clase1.wlk","timeElapsed":388,"timestamp":"2024-08-25T13:35:55.785Z"}
{"level":"info","message":"⌛ Building environment","timeElapsed":155,"timestamp":"2024-08-25T13:35:55.941Z"}
{"level":"info","message":"⌛ Building environment","timeElapsed":149,"timestamp":"2024-08-25T13:35:56.102Z"}
{"level":"info","message":"⌛ Validating clase1.wlk","timeElapsed":148,"timestamp":"2024-08-25T13:35:56.352Z"}
{"level":"info","message":"⌛ Building environment","timeElapsed":104,"timestamp":"2024-08-25T13:35:56.460Z"}
{"level":"info","message":"⌛ Validating clase1.wlk","timeElapsed":183,"timestamp":"2024-08-25T13:35:56.644Z"}
{"level":"info","message":"⌛ Building environment","timeElapsed":115,"timestamp":"2024-08-25T13:35:56.795Z"}
{"level":"info","message":"⌛ Validating clase1.wlk","timeElapsed":147,"timestamp":"2024-08-25T13:35:56.954Z"}
{"level":"info","message":"⌛ Building environment","timeElapsed":107,"timestamp":"2024-08-25T13:35:57.061Z"}
{"level":"info","message":"⌛ Validating clase1.wlk","timeElapsed":152,"timestamp":"2024-08-25T13:35:57.214Z"}
{"level":"info","message":"⌛ Building environment","timeElapsed":120,"timestamp":"2024-08-25T13:35:57.419Z"}
{"level":"info","message":"⌛ Validating clase1.wlk","timeElapsed":179,"timestamp":"2024-08-25T13:35:57.599Z"}
{"level":"info","message":"⌛ Validating clase1.wlk","timeElapsed":154,"timestamp":"2024-08-25T13:35:57.761Z"}
{"level":"info","message":"⌛ Validating clase1.wlk","timeElapsed":122,"timestamp":"2024-08-25T13:35:57.884Z"}
{"level":"info","message":"⌛ Building environment","timeElapsed":106,"timestamp":"2024-08-25T13:35:57.992Z"}
{"level":"info","message":"⌛ Validating clase1.wlk","timeElapsed":196,"timestamp":"2024-08-25T13:35:58.194Z"}
{"level":"info","message":"⌛ Building environment","timeElapsed":107,"timestamp":"2024-08-25T13:35:58.302Z"}
{"level":"info","message":"⌛ Validating clase1.wlk","timeElapsed":182,"timestamp":"2024-08-25T13:35:58.662Z"}
{"level":"info","message":"⌛ Building environment","timeElapsed":127,"timestamp":"2024-08-25T13:35:58.789Z"}
{"level":"info","message":"⌛ Validating clase1.wlk","timeElapsed":131,"timestamp":"2024-08-25T13:35:58.930Z"}
{"level":"info","message":"⌛ Building environment","timeElapsed":107,"timestamp":"2024-08-25T13:35:59.038Z"}
{"level":"info","message":"⌛ Validating clase1.wlk","timeElapsed":130,"timestamp":"2024-08-25T13:35:59.169Z"}
{"level":"info","message":"⌛ Validating clase1.wlk","timeElapsed":185,"timestamp":"2024-08-25T13:35:59.355Z"}
{"level":"info","message":"⌛ Validating clase1.wlk","timeElapsed":179,"timestamp":"2024-08-25T13:35:59.624Z"}
{"level":"info","message":"⌛ Validating clase1.wlk","timeElapsed":192,"timestamp":"2024-08-25T13:35:59.991Z"}
{"level":"info","message":"⌛ Building environment","timeElapsed":140,"timestamp":"2024-08-25T13:36:00.132Z"}
{"level":"info","message":"⌛ Building environment","timeElapsed":138,"timestamp":"2024-08-25T13:36:00.271Z"}
{"level":"info","message":"⌛ Validating clase1.wlk","timeElapsed":154,"timestamp":"2024-08-25T13:36:00.426Z"}
{"level":"info","message":"⌛ Building environment","timeElapsed":111,"timestamp":"2024-08-25T13:36:00.543Z"}
{"level":"info","message":"⌛ Validating clase1.wlk","timeElapsed":163,"timestamp":"2024-08-25T13:36:00.707Z"}
{"level":"info","message":"⌛ Validating clase1.wlk","timeElapsed":147,"timestamp":"2024-08-25T13:36:00.855Z"}
{"level":"info","message":"⌛ Building environment","timeElapsed":125,"timestamp":"2024-08-25T13:36:00.982Z"}
{"level":"info","message":"⌛ Building environment","timeElapsed":124,"timestamp":"2024-08-25T13:36:01.112Z"}
{"level":"info","message":"⌛ Validating clase1.wlk","timeElapsed":263,"timestamp":"2024-08-25T13:36:01.376Z"}
{"level":"info","message":"⌛ Building environment","timeElapsed":168,"timestamp":"2024-08-25T13:36:01.545Z"}
{"level":"info","message":"⌛ Validating clase1.wlk","timeElapsed":135,"timestamp":"2024-08-25T13:36:01.680Z"}
{"level":"info","message":"⌛ Validating clase1.wlk","timeElapsed":175,"timestamp":"2024-08-25T13:36:01.947Z"}
{"level":"info","message":"⌛ Building environment","timeElapsed":136,"timestamp":"2024-08-25T13:36:02.084Z"}
{"level":"info","message":"⌛ Building environment","timeElapsed":118,"timestamp":"2024-08-25T13:36:02.203Z"}
{"level":"info","message":"⌛ Building environment","timeElapsed":115,"timestamp":"2024-08-25T13:36:02.319Z"}
{"level":"info","message":"⌛ Validating clase1.wlk","timeElapsed":119,"timestamp":"2024-08-25T13:36:02.439Z"}
{"level":"info","message":"⌛ Validating clase1.wlk","timeElapsed":184,"timestamp":"2024-08-25T13:36:02.624Z"}
{"level":"info","message":"⌛ Building environment","timeElapsed":134,"timestamp":"2024-08-25T13:36:02.758Z"}
{"level":"info","message":"⌛ Building environment","timeElapsed":172,"timestamp":"2024-08-25T13:36:02.932Z"}
{"level":"info","message":"⌛ Validating clase1.wlk","timeElapsed":125,"timestamp":"2024-08-25T13:36:03.167Z"}
{"level":"info","message":"⌛ Validating clase1.wlk","timeElapsed":134,"timestamp":"2024-08-25T13:36:03.389Z"}
{"level":"info","message":"⌛ Building environment","timeElapsed":109,"timestamp":"2024-08-25T13:36:03.498Z"}
{"level":"info","message":"⌛ Building environment","timeElapsed":121,"timestamp":"2024-08-25T13:36:03.620Z"}
{"level":"info","message":"⌛ Building environment","timeElapsed":116,"timestamp":"2024-08-25T13:36:03.737Z"}
{"level":"info","message":"⌛ Validating clase1.wlk","timeElapsed":197,"timestamp":"2024-08-25T13:36:03.947Z"}
{"level":"info","message":"⌛ Validating clase1.wlk","timeElapsed":182,"timestamp":"2024-08-25T13:36:04.129Z"}
{"level":"info","message":"⌛ Building environment","timeElapsed":132,"timestamp":"2024-08-25T13:36:04.261Z"}
{"level":"info","message":"⌛ Validating clase1.wlk","timeElapsed":150,"timestamp":"2024-08-25T13:36:04.412Z"}
{"level":"info","message":"⌛ Validating clase1.wlk","timeElapsed":163,"timestamp":"2024-08-25T13:36:04.760Z"}
{"level":"info","message":"⌛ Validating clase1.wlk","timeElapsed":160,"timestamp":"2024-08-25T13:36:04.921Z"}
{"level":"info","message":"⌛ Building environment","timeElapsed":123,"timestamp":"2024-08-25T13:36:05.044Z"}
{"level":"info","message":"⌛ Validating clase1.wlk","timeElapsed":148,"timestamp":"2024-08-25T13:36:05.198Z"}
{"level":"info","message":"⌛ Building environment","timeElapsed":106,"timestamp":"2024-08-25T13:36:05.305Z"}
{"level":"info","message":"⌛ Validating clase1.wlk","timeElapsed":146,"timestamp":"2024-08-25T13:36:05.451Z"}
{"level":"info","message":"⌛ Building environment","timeElapsed":126,"timestamp":"2024-08-25T13:36:05.577Z"}
{"level":"info","message":"⌛ Validating clase1.wlk","timeElapsed":188,"timestamp":"2024-08-25T13:36:05.771Z"}
{"level":"info","message":"⌛ Building environment","timeElapsed":205,"timestamp":"2024-08-25T13:36:05.977Z"}
{"level":"info","message":"⌛ Validating clase1.wlk","timeElapsed":168,"timestamp":"2024-08-25T13:36:06.146Z"}
{"level":"info","message":"⌛ Building environment","timeElapsed":101,"timestamp":"2024-08-25T13:36:06.248Z"}
{"level":"info","message":"⌛ Validating clase1.wlk","timeElapsed":189,"timestamp":"2024-08-25T13:36:06.438Z"}
{"level":"info","message":"⌛ Building environment","timeElapsed":107,"timestamp":"2024-08-25T13:36:06.545Z"}
{"level":"info","message":"⌛ Building environment","timeElapsed":123,"timestamp":"2024-08-25T13:36:06.669Z"}
{"level":"info","message":"⌛ Building environment","timeElapsed":125,"timestamp":"2024-08-25T13:36:06.796Z"}
{"level":"info","message":"⌛ Validating clase1.wlk","timeElapsed":118,"timestamp":"2024-08-25T13:36:06.914Z"}
{"level":"info","message":"⌛ Validating clase1.wlk","timeElapsed":118,"timestamp":"2024-08-25T13:36:07.032Z"}
{"level":"info","message":"⌛ Validating clase1.wlk","timeElapsed":123,"timestamp":"2024-08-25T13:36:07.235Z"}
{"level":"info","message":"⌛ Building environment","timeElapsed":132,"timestamp":"2024-08-25T13:36:07.368Z"}
{"level":"info","message":"⌛ Building environment","timeElapsed":176,"timestamp":"2024-08-25T13:36:07.544Z"}
{"level":"info","message":"⌛ Validating clase1.wlk","timeElapsed":218,"timestamp":"2024-08-25T13:36:07.772Z"}
{"level":"info","message":"⌛ Building environment","timeElapsed":119,"timestamp":"2024-08-25T13:36:07.892Z"}
{"level":"info","message":"⌛ Building environment","timeElapsed":127,"timestamp":"2024-08-25T13:36:08.020Z"}
{"level":"info","message":"⌛ Validating clase1.wlk","timeElapsed":161,"timestamp":"2024-08-25T13:36:08.181Z"}
{"level":"info","message":"⌛ Building environment","timeElapsed":124,"timestamp":"2024-08-25T13:36:08.306Z"}
{"level":"info","message":"⌛ Building environment","timeElapsed":117,"timestamp":"2024-08-25T13:36:08.424Z"}
{"level":"info","message":"⌛ Validating clase1.wlk","timeElapsed":198,"timestamp":"2024-08-25T13:36:08.623Z"}
{"level":"info","message":"⌛ Building environment","timeElapsed":117,"timestamp":"2024-08-25T13:36:08.740Z"}
{"level":"info","message":"⌛ Building environment","timeElapsed":111,"timestamp":"2024-08-25T13:36:08.852Z"}
{"level":"info","message":"⌛ Validating clase1.wlk","timeElapsed":172,"timestamp":"2024-08-25T13:36:09.026Z"}
{"level":"info","message":"⌛ Building environment","timeElapsed":138,"timestamp":"2024-08-25T13:36:09.166Z"}
{"level":"info","message":"⌛ Validating clase1.wlk","timeElapsed":243,"timestamp":"2024-08-25T13:36:09.416Z"}
{"level":"info","message":"⌛ Building environment","timeElapsed":103,"timestamp":"2024-08-25T13:36:09.521Z"}
{"level":"info","message":"⌛ Validating clase1.wlk","timeElapsed":171,"timestamp":"2024-08-25T13:36:09.791Z"}
{"level":"info","message":"⌛ Validating clase1.wlk","timeElapsed":195,"timestamp":"2024-08-25T13:36:09.986Z"}
{"level":"info","message":"⌛ Building environment","timeElapsed":130,"timestamp":"2024-08-25T13:36:10.117Z"}
{"level":"info","message":"⌛ Validating clase1.wlk","timeElapsed":187,"timestamp":"2024-08-25T13:36:10.305Z"}
{"level":"info","message":"⌛ Building environment","timeElapsed":123,"timestamp":"2024-08-25T13:36:10.428Z"}
{"level":"info","message":"⌛ Validating clase1.wlk","timeElapsed":148,"timestamp":"2024-08-25T13:36:10.576Z"}
{"level":"info","message":"⌛ Validating clase1.wlk","timeElapsed":132,"timestamp":"2024-08-25T13:36:10.882Z"}
{"level":"info","message":"⌛ Validating clase1.wlk","timeElapsed":149,"timestamp":"2024-08-25T13:36:11.114Z"}
{"level":"info","message":"⌛ Building environment","timeElapsed":253,"timestamp":"2024-08-25T13:36:11.367Z"}
{"level":"info","message":"⌛ Building environment","timeElapsed":145,"timestamp":"2024-08-25T13:36:11.514Z"}
{"level":"info","message":"⌛ Validating clase1.wlk","timeElapsed":130,"timestamp":"2024-08-25T13:36:11.644Z"}
{"level":"info","message":"⌛ Building environment","timeElapsed":112,"timestamp":"2024-08-25T13:36:11.757Z"}
{"level":"info","message":"⌛ Validating clase1.wlk","timeElapsed":161,"timestamp":"2024-08-25T13:36:11.918Z"}
{"level":"info","message":"⌛ Building environment","timeElapsed":108,"timestamp":"2024-08-25T13:36:12.026Z"}
{"level":"info","message":"⌛ Building environment","timeElapsed":113,"timestamp":"2024-08-25T13:36:12.140Z"}
{"level":"info","message":"⌛ Validating clase1.wlk","timeElapsed":158,"timestamp":"2024-08-25T13:36:12.308Z"}
{"level":"info","message":"⌛ Building environment","timeElapsed":119,"timestamp":"2024-08-25T13:36:12.428Z"}
{"level":"info","message":"⌛ Validating clase1.wlk","timeElapsed":191,"timestamp":"2024-08-25T13:36:12.620Z"}
{"level":"info","message":"⌛ Building environment","timeElapsed":116,"timestamp":"2024-08-25T13:36:12.737Z"}
{"level":"info","message":"⌛ Building environment","timeElapsed":119,"timestamp":"2024-08-25T13:36:12.858Z"}
{"level":"info","message":"⌛ Building environment","timeElapsed":102,"timestamp":"2024-08-25T13:36:12.970Z"}
{"level":"info","message":"⌛ Validating clase1.wlk","timeElapsed":168,"timestamp":"2024-08-25T13:36:13.145Z"}
{"level":"info","message":"⌛ Validating clase1.wlk","timeElapsed":166,"timestamp":"2024-08-25T13:36:13.396Z"}
{"level":"info","message":"⌛ Validating clase1.wlk","timeElapsed":138,"timestamp":"2024-08-25T13:36:13.539Z"}
{"level":"info","message":"⌛ Building environment","timeElapsed":121,"timestamp":"2024-08-25T13:36:13.661Z"}
{"level":"info","message":"⌛ Building environment","timeElapsed":126,"timestamp":"2024-08-25T13:36:13.787Z"}
{"level":"info","message":"⌛ Validating clase1.wlk","timeElapsed":120,"timestamp":"2024-08-25T13:36:13.990Z"}
{"level":"info","message":"⌛ Validating clase1.wlk","timeElapsed":163,"timestamp":"2024-08-25T13:36:14.154Z"}
{"level":"info","message":"⌛ Building environment","timeElapsed":113,"timestamp":"2024-08-25T13:36:14.268Z"}
{"level":"info","message":"⌛ Building environment","timeElapsed":143,"timestamp":"2024-08-25T13:36:14.412Z"}
{"level":"info","message":"⌛ Building environment","timeElapsed":168,"timestamp":"2024-08-25T13:36:14.582Z"}
{"level":"info","message":"⌛ Building environment","timeElapsed":116,"timestamp":"2024-08-25T13:36:14.707Z"}
{"level":"info","message":"⌛ Validating clase1.wlk","timeElapsed":150,"timestamp":"2024-08-25T13:36:14.943Z"}
{"level":"info","message":"⌛ Building environment","timeElapsed":113,"timestamp":"2024-08-25T13:36:15.057Z"}
{"level":"info","message":"⌛ Validating clase1.wlk","timeElapsed":193,"timestamp":"2024-08-25T13:36:15.259Z"}
{"level":"info","message":"⌛ Building environment","timeElapsed":113,"timestamp":"2024-08-25T13:36:15.373Z"}
{"level":"info","message":"⌛ Validating clase1.wlk","timeElapsed":167,"timestamp":"2024-08-25T13:36:15.555Z"}
{"level":"info","message":"⌛ Validating clase1.wlk","timeElapsed":156,"timestamp":"2024-08-25T13:36:15.808Z"}
{"level":"info","message":"⌛ Building environment","timeElapsed":114,"timestamp":"2024-08-25T13:36:15.923Z"}
{"level":"info","message":"⌛ Validating clase1.wlk","timeElapsed":200,"timestamp":"2024-08-25T13:36:16.124Z"}
{"level":"info","message":"⌛ Building environment","timeElapsed":108,"timestamp":"2024-08-25T13:36:16.233Z"}
{"level":"info","message":"⌛ Building environment","timeElapsed":104,"timestamp":"2024-08-25T13:36:16.339Z"}
{"level":"info","message":"⌛ Building environment","timeElapsed":101,"timestamp":"2024-08-25T13:36:16.448Z"}
{"level":"info","message":"⌛ Validating clase1.wlk","timeElapsed":181,"timestamp":"2024-08-25T13:36:16.635Z"}
{"level":"info","message":"⌛ Building environment","timeElapsed":105,"timestamp":"2024-08-25T13:36:16.741Z"}
{"level":"info","message":"⌛ Building environment","timeElapsed":123,"timestamp":"2024-08-25T13:36:16.876Z"}
{"level":"info","message":"⌛ Validating clase1.wlk","timeElapsed":238,"timestamp":"2024-08-25T13:36:17.130Z"}
{"level":"info","message":"⌛ Validating clase1.wlk","timeElapsed":345,"timestamp":"2024-08-25T13:36:17.582Z"}
{"level":"info","message":"⌛ Building environment","timeElapsed":220,"timestamp":"2024-08-25T13:36:17.883Z"}
{"level":"info","message":"⌛ Validating clase1.wlk","timeElapsed":253,"timestamp":"2024-08-25T13:36:18.145Z"}
{"level":"info","message":"⌛ Validating clase1.wlk","timeElapsed":166,"timestamp":"2024-08-25T13:36:18.312Z"}
{"level":"info","message":"⌛ Building environment","timeElapsed":135,"timestamp":"2024-08-25T13:36:18.447Z"}
{"level":"info","message":"⌛ Building environment","timeElapsed":651,"timestamp":"2024-08-25T13:36:19.099Z"}
{"level":"info","message":"⌛ Validating clase1.wlk","timeElapsed":174,"timestamp":"2024-08-25T13:36:19.283Z"}
{"level":"info","message":"⌛ Validating clase1.wlk","timeElapsed":186,"timestamp":"2024-08-25T13:36:19.470Z"}
{"level":"info","message":"⌛ Building environment","timeElapsed":118,"timestamp":"2024-08-25T13:36:19.594Z"}
{"level":"info","message":"⌛ Validating clase1.wlk","timeElapsed":176,"timestamp":"2024-08-25T13:36:19.771Z"}
{"level":"info","message":"⌛ Validating clase1.wlk","timeElapsed":179,"timestamp":"2024-08-25T13:36:20.131Z"}
{"level":"info","message":"⌛ Building environment","timeElapsed":257,"timestamp":"2024-08-25T13:36:20.388Z"}
{"level":"info","message":"⌛ Building environment","timeElapsed":109,"timestamp":"2024-08-25T13:36:20.497Z"}
{"level":"info","message":"⌛ Validating clase1.wlk","timeElapsed":210,"timestamp":"2024-08-25T13:36:20.708Z"}
{"level":"info","message":"⌛ Building environment","timeElapsed":162,"timestamp":"2024-08-25T13:36:20.871Z"}
{"level":"info","message":"⌛ Building environment","timeElapsed":147,"timestamp":"2024-08-25T13:36:21.019Z"}
{"level":"info","message":"⌛ Validating clase1.wlk","timeElapsed":197,"timestamp":"2024-08-25T13:36:21.219Z"}
{"level":"info","message":"⌛ Building environment","timeElapsed":121,"timestamp":"2024-08-25T13:36:21.341Z"}
{"level":"info","message":"⌛ Validating clase1.wlk","timeElapsed":180,"timestamp":"2024-08-25T13:36:21.521Z"}
{"level":"info","message":"⌛ Validating clase1.wlk","timeElapsed":161,"timestamp":"2024-08-25T13:36:21.683Z"}
{"level":"info","message":"⌛ Building environment","timeElapsed":117,"timestamp":"2024-08-25T13:36:21.800Z"}
{"level":"info","message":"⌛ Building environment","timeElapsed":104,"timestamp":"2024-08-25T13:36:21.904Z"}
{"level":"info","message":"⌛ Building environment","timeElapsed":124,"timestamp":"2024-08-25T13:36:22.029Z"}
{"level":"info","message":"⌛ Validating clase1.wlk","timeElapsed":160,"timestamp":"2024-08-25T13:36:22.189Z"}
{"level":"info","message":"⌛ Validating clase1.wlk","timeElapsed":130,"timestamp":"2024-08-25T13:36:22.319Z"}
{"level":"info","message":"⌛ Building environment","timeElapsed":117,"timestamp":"2024-08-25T13:36:22.436Z"}
{"level":"info","message":"⌛ Validating clase1.wlk","timeElapsed":161,"timestamp":"2024-08-25T13:36:22.602Z"}
{"level":"info","message":"⌛ Building environment","timeElapsed":142,"timestamp":"2024-08-25T13:36:22.745Z"}
{"level":"info","message":"⌛ Validating clase1.wlk","timeElapsed":143,"timestamp":"2024-08-25T13:36:22.971Z"}
{"level":"info","message":"⌛ Validating clase1.wlk","timeElapsed":164,"timestamp":"2024-08-25T13:36:23.135Z"}
{"level":"info","message":"⌛ Building environment","timeElapsed":112,"timestamp":"2024-08-25T13:36:23.248Z"}
{"level":"info","message":"⌛ Validating clase1.wlk","timeElapsed":192,"timestamp":"2024-08-25T13:36:23.441Z"}
{"level":"info","message":"⌛ Building environment","timeElapsed":109,"timestamp":"2024-08-25T13:36:23.709Z"}
{"level":"info","message":"⌛ Validating clase1.wlk","timeElapsed":138,"timestamp":"2024-08-25T13:36:23.848Z"}
{"level":"info","message":"⌛ Validating clase1.wlk","timeElapsed":188,"timestamp":"2024-08-25T13:36:24.222Z"}
{"level":"info","message":"⌛ Validating clase1.wlk","timeElapsed":179,"timestamp":"2024-08-25T13:36:24.407Z"}
{"level":"info","message":"⌛ Validating clase1.wlk","timeElapsed":180,"timestamp":"2024-08-25T13:36:24.587Z"}
{"level":"info","message":"⌛ Validating clase1.wlk","timeElapsed":209,"timestamp":"2024-08-25T13:36:24.796Z"}
{"level":"info","message":"⌛ Validating clase1.wlk","timeElapsed":194,"timestamp":"2024-08-25T13:36:24.990Z"}
{"level":"info","message":"⌛ Validating clase1.wlk","timeElapsed":215,"timestamp":"2024-08-25T13:36:25.208Z"}
{"level":"info","message":"⌛ Validating clase1.wlk","timeElapsed":227,"timestamp":"2024-08-25T13:36:25.437Z"}
{"level":"info","message":"⌛ Validating clase1.wlk","timeElapsed":239,"timestamp":"2024-08-25T13:36:25.677Z"}
{"level":"info","message":"⌛ Validating clase1.wlk","timeElapsed":223,"timestamp":"2024-08-25T13:36:25.900Z"}
{"level":"info","message":"⌛ Validating clase1.wlk","timeElapsed":204,"timestamp":"2024-08-25T13:36:26.104Z"}
{"level":"info","message":"⌛ Validating clase1.wlk","timeElapsed":235,"timestamp":"2024-08-25T13:36:26.341Z"}
{"level":"info","message":"⌛ Validating clase1.wlk","timeElapsed":214,"timestamp":"2024-08-25T13:36:26.555Z"}
{"level":"info","message":"⌛ Validating clase1.wlk","timeElapsed":188,"timestamp":"2024-08-25T13:36:26.745Z"}
{"level":"info","message":"⌛ Validating clase1.wlk","timeElapsed":186,"timestamp":"2024-08-25T13:36:26.986Z"}
{"level":"info","message":"⌛ Validating clase1.wlk","timeElapsed":175,"timestamp":"2024-08-25T13:36:27.161Z"}
{"level":"info","message":"⌛ Validating clase1.wlk","timeElapsed":143,"timestamp":"2024-08-25T13:36:27.306Z"}
{"level":"info","message":"⌛ Validating clase1.wlk","timeElapsed":161,"timestamp":"2024-08-25T13:36:27.467Z"}
{"level":"info","message":"⌛ Building environment","timeElapsed":167,"timestamp":"2024-08-25T13:36:27.635Z"}
{"level":"info","message":"⌛ Validating clase1.wlk","timeElapsed":149,"timestamp":"2024-08-25T13:36:27.784Z"}
{"level":"info","message":"⌛ Validating clase1.wlk","timeElapsed":177,"timestamp":"2024-08-25T13:36:27.972Z"}
{"level":"info","message":"⌛ Validating clase1.wlk","timeElapsed":201,"timestamp":"2024-08-25T13:36:28.173Z"}
{"level":"info","message":"⌛ Validating clase1.wlk","timeElapsed":164,"timestamp":"2024-08-25T13:36:28.338Z"}
{"level":"info","message":"⌛ Validating clase1.wlk","timeElapsed":163,"timestamp":"2024-08-25T13:36:28.502Z"}
{"level":"info","message":"⌛ Validating clase1.wlk","timeElapsed":123,"timestamp":"2024-08-25T13:36:28.658Z"}
{"level":"info","message":"⌛ Validating clase1.wlk","timeElapsed":139,"timestamp":"2024-08-25T13:36:28.797Z"}
{"level":"error","message":"✘ Completions for node failed: Error: [Parameter]{7e6318} at clase1.wlk:84 exhausted all cases without a match [Parameter]{7e6318} at clase1.wlk:84 exhausted all cases without a match","stack":"Error: [Parameter]{7e6318} at clase1.wlk:84 exhausted all cases without a match\n    at c:\\Users\\Lucas\\.vscode\\extensions\\uqbar.wollok-lsp-ide-0.3.3\\node_modules\\wollok-ts\\dist\\extensions.js:85:11\n    at completionsForNode (c:\\Users\\Lucas\\.vscode\\extensions\\uqbar.wollok-lsp-ide-0.3.3\\server\\out\\functionalities\\autocomplete\\node-completion.js:10:44)\n    at c:\\Users\\Lucas\\.vscode\\extensions\\uqbar.wollok-lsp-ide-0.3.3\\server\\out\\functionalities\\autocomplete\\autocomplete.js:26:154\n    at c:\\Users\\Lucas\\.vscode\\extensions\\uqbar.wollok-lsp-ide-0.3.3\\server\\out\\server.js:198:20\n    at c:\\Users\\Lucas\\.vscode\\extensions\\uqbar.wollok-lsp-ide-0.3.3\\server\\node_modules\\vscode-languageserver\\lib\\common\\server.js:593:20\n    at handleRequest (c:\\Users\\Lucas\\.vscode\\extensions\\uqbar.wollok-lsp-ide-0.3.3\\server\\node_modules\\vscode-jsonrpc\\lib\\common\\connection.js:493:41)\n    at handleMessage (c:\\Users\\Lucas\\.vscode\\extensions\\uqbar.wollok-lsp-ide-0.3.3\\server\\node_modules\\vscode-jsonrpc\\lib\\common\\connection.js:339:13)\n    at processMessageQueue (c:\\Users\\Lucas\\.vscode\\extensions\\uqbar.wollok-lsp-ide-0.3.3\\server\\node_modules\\vscode-jsonrpc\\lib\\common\\connection.js:362:17)\n    at Immediate._onImmediate (c:\\Users\\Lucas\\.vscode\\extensions\\uqbar.wollok-lsp-ide-0.3.3\\server\\node_modules\\vscode-jsonrpc\\lib\\common\\connection.js:334:13)\n    at process.processImmediate (node:internal/timers:478:21)","timestamp":"2024-08-25T13:36:28.927Z"}
{"level":"info","message":"⌛ Validating clase1.wlk","timeElapsed":171,"timestamp":"2024-08-25T13:36:29.102Z"}
{"level":"info","message":"⌛ Validating clase1.wlk","timeElapsed":150,"timestamp":"2024-08-25T13:36:29.253Z"}
{"level":"info","message":"⌛ Validating clase1.wlk","timeElapsed":130,"timestamp":"2024-08-25T13:36:29.384Z"}
{"level":"info","message":"⌛ Validating clase1.wlk","timeElapsed":143,"timestamp":"2024-08-25T13:36:29.551Z"}
{"level":"info","message":"⌛ Validating clase1.wlk","timeElapsed":147,"timestamp":"2024-08-25T13:36:29.719Z"}
{"level":"info","message":"⌛ Validating clase1.wlk","timeElapsed":167,"timestamp":"2024-08-25T13:36:29.887Z"}
{"level":"info","message":"⌛ Validating clase1.wlk","timeElapsed":144,"timestamp":"2024-08-25T13:36:30.059Z"}
{"level":"info","message":"⌛ Validating clase1.wlk","timeElapsed":146,"timestamp":"2024-08-25T13:36:30.205Z"}
